VaR_95%,CVaR_95%
16.74423275651,23.3586707149305
