loan_amnt,int_rate,grade,annual_inc,dti,fico_range_low,delinq_2yrs,open_acc,revol_bal,default_status
3600.0,13.99,2,55000.0,5.91,675.0,0.0,7.0,2765.0,0
24700.0,11.99,2,65000.0,16.06,715.0,1.0,22.0,21470.0,0
20000.0,10.78,1,63000.0,10.78,695.0,0.0,6.0,7869.0,0
10400.0,22.45,5,104433.0,25.37,695.0,1.0,12.0,21929.0,0
11950.0,13.44,2,34000.0,10.2,690.0,0.0,5.0,8822.0,0
20000.0,9.17,1,180000.0,14.67,680.0,0.0,12.0,87329.0,0
20000.0,8.49,1,85000.0,17.61,705.0,1.0,8.0,826.0,0
10000.0,6.49,0,85000.0,13.07,685.0,0.0,14.0,10464.0,0
8000.0,11.48,1,42000.0,34.8,700.0,0.0,8.0,7034.0,0
1400.0,12.88,2,64000.0,34.95,700.0,0.0,17.0,37828.0,0
18000.0,19.48,4,150000.0,9.39,665.0,0.0,18.0,14052.0,1
28000.0,6.49,0,92000.0,21.6,720.0,0.0,16.0,51507.0,0
9600.0,7.49,0,60000.0,22.44,695.0,0.0,7.0,7722.0,0
25000.0,7.49,0,109000.0,26.02,745.0,0.0,9.0,20862.0,0
18000.0,11.99,2,112000.0,8.68,800.0,0.0,17.0,10711.0,0
8650.0,19.89,4,55000.0,25.49,675.0,0.0,18.0,9568.0,0
29900.0,12.88,2,65000.0,21.77,715.0,0.0,15.0,31682.0,0
16000.0,14.85,2,48000.0,33.18,685.0,0.0,11.0,19108.0,0
28000.0,13.44,2,125000.0,7.49,695.0,0.0,6.0,22780.0,0
5000.0,13.44,2,79000.0,12.7,665.0,0.0,3.0,9441.0,0
6000.0,7.49,0,100000.0,13.28,695.0,1.0,9.0,8563.0,0
4225.0,14.85,2,35000.0,15.22,725.0,2.0,6.0,1058.0,1
20000.0,5.32,0,65000.0,18.83,835.0,0.0,12.0,2269.0,0
16000.0,17.97,3,109000.0,23.35,680.0,0.0,11.0,42469.0,0
17600.0,5.32,0,88000.0,26.59,780.0,0.0,20.0,12203.0,0
15000.0,5.32,0,44000.0,15.34,685.0,0.0,7.0,17003.0,0
16000.0,12.88,2,65000.0,18.96,675.0,0.0,7.0,5157.0,1
24250.0,24.24,5,75000.0,20.84,660.0,0.0,18.0,24799.0,1
12000.0,10.78,1,98000.0,24.04,690.0,0.0,15.0,20462.0,0
25000.0,13.99,2,79000.0,34.53,730.0,0.0,33.0,22519.0,1
7000.0,7.49,0,59000.0,13.06,730.0,1.0,10.0,10467.0,0
21000.0,13.99,2,52000.0,14.47,680.0,0.0,5.0,20374.0,0
27500.0,14.85,2,195000.0,6.79,700.0,0.0,14.0,34974.0,0
7200.0,11.48,1,72500.0,8.47,725.0,0.0,5.0,5449.0,0
20000.0,14.85,2,110000.0,12.45,690.0,0.0,8.0,21374.0,0
20000.0,15.77,3,70000.0,22.21,680.0,0.0,24.0,19077.0,0
10000.0,17.97,3,55000.0,35.7,685.0,0.0,14.0,38623.0,1
20000.0,9.8,1,75000.0,23.45,725.0,0.0,14.0,7558.0,0
8650.0,5.32,0,100000.0,7.28,750.0,0.0,15.0,7158.0,0
21000.0,13.44,2,54649.0,12.14,670.0,0.0,9.0,1581.0,0
7200.0,15.77,3,55000.0,17.35,680.0,0.0,24.0,5938.0,0
8800.0,9.8,1,92000.0,5.18,665.0,0.0,9.0,9195.0,0
2500.0,17.27,3,50000.0,17.6,670.0,3.0,7.0,732.0,0
11000.0,9.17,1,69000.0,21.34,680.0,0.0,9.0,8137.0,0
10000.0,12.88,2,91392.0,9.44,710.0,0.0,13.0,6959.0,0
28000.0,18.49,3,75000.0,31.88,685.0,0.0,27.0,43413.0,0
35000.0,11.99,2,128000.0,6.46,685.0,0.0,17.0,14277.0,0
7200.0,9.17,1,50000.0,19.25,675.0,0.0,13.0,9051.0,0
10000.0,7.91,0,40100.0,10.81,680.0,0.0,4.0,6664.0,0
16000.0,13.44,2,42000.0,9.6,670.0,0.0,29.0,11834.0,1
21875.0,11.99,2,47590.0,17.76,700.0,0.0,9.0,24882.0,0
14025.0,18.49,3,39000.0,18.0,675.0,0.0,12.0,15646.0,0
35000.0,12.88,2,106000.0,17.36,730.0,0.0,8.0,39055.0,1
20000.0,12.88,2,145000.0,12.28,695.0,0.0,12.0,22551.0,0
14000.0,14.85,2,60000.0,24.29,690.0,0.0,11.0,12718.0,1
20000.0,13.99,2,70000.0,16.9,680.0,0.0,20.0,31200.0,1
4200.0,13.44,2,102500.0,26.21,700.0,0.0,14.0,11947.0,0
19000.0,14.85,2,75000.0,13.09,665.0,0.0,15.0,17771.0,0
15850.0,23.13,5,45000.0,34.85,755.0,0.0,18.0,8799.0,0
30000.0,15.77,3,175000.0,18.5,725.0,0.0,9.0,21831.0,0
1500.0,6.49,0,45000.0,16.11,745.0,0.0,12.0,3717.0,0
25000.0,5.32,0,150000.0,9.54,795.0,0.0,7.0,19339.0,0
20200.0,18.49,3,60000.0,34.84,720.0,0.0,10.0,8284.0,1
23975.0,19.89,4,70000.0,33.2,685.0,0.0,10.0,44807.0,1
15000.0,10.78,1,65000.0,29.28,720.0,0.0,18.0,24723.0,0
10000.0,10.78,1,41600.0,15.78,695.0,0.0,18.0,12958.0,0
15000.0,8.49,1,110000.0,13.24,670.0,0.0,16.0,19029.0,0
23100.0,20.5,4,110000.0,20.43,660.0,0.0,11.0,20594.0,1
27300.0,17.27,3,65000.0,25.63,660.0,0.0,14.0,31035.0,1
25000.0,11.48,1,135000.0,4.65,705.0,0.0,16.0,7340.0,0
15000.0,10.78,1,40000.0,10.17,670.0,0.0,7.0,12272.0,0
10000.0,16.59,3,30000.0,30.84,715.0,0.0,19.0,6118.0,0
18500.0,12.88,2,70000.0,13.2,675.0,0.0,9.0,15883.0,0
5000.0,7.91,0,32000.0,13.73,685.0,0.0,7.0,5552.0,0
9000.0,9.17,1,50000.0,11.98,800.0,0.0,5.0,7518.0,0
11000.0,6.49,0,85000.0,15.0,755.0,0.0,12.0,9488.0,0
20000.0,6.49,0,55000.0,29.15,750.0,0.0,9.0,4851.0,0
15000.0,5.32,0,80000.0,20.18,775.0,0.0,30.0,41593.0,0
12000.0,5.32,0,53750.0,15.3,700.0,1.0,8.0,3172.0,0
8000.0,10.78,1,45000.0,21.23,670.0,0.0,28.0,11141.0,0
12000.0,10.78,1,40000.0,31.95,665.0,3.0,16.0,11008.0,0
18000.0,7.49,0,75000.0,25.65,715.0,0.0,12.0,7758.0,0
3600.0,11.48,1,85000.0,17.44,675.0,0.0,12.0,6952.0,0
7200.0,17.27,3,20000.0,13.21,705.0,1.0,8.0,7302.0,1
15000.0,13.44,2,77213.0,18.17,670.0,0.0,17.0,59237.0,0
5000.0,9.8,1,72000.0,6.52,710.0,0.0,11.0,4838.0,0
11550.0,16.59,3,38000.0,21.07,700.0,0.0,9.0,7179.0,1
33600.0,10.78,1,104000.0,14.01,690.0,0.0,14.0,28475.0,0
17475.0,13.99,2,39750.0,23.58,695.0,0.0,7.0,10987.0,1
9000.0,8.49,1,47000.0,8.43,675.0,0.0,12.0,9747.0,0
12000.0,9.8,1,65000.0,23.84,785.0,0.0,18.0,9786.0,0
4000.0,9.17,1,44500.0,15.83,670.0,0.0,4.0,502.0,0
10500.0,15.77,3,70100.0,8.51,660.0,0.0,5.0,8280.0,0
14000.0,9.8,1,100000.0,15.97,685.0,0.0,7.0,34250.0,0
6000.0,7.91,0,105000.0,14.45,685.0,0.0,9.0,8353.0,0
15000.0,9.8,1,92000.0,13.89,680.0,0.0,7.0,12703.0,0
12000.0,9.17,1,39400.0,26.32,705.0,0.0,18.0,10495.0,0
10000.0,11.48,1,33000.0,21.75,710.0,0.0,12.0,8052.0,0
4200.0,13.99,2,32000.0,31.02,705.0,0.0,10.0,1294.0,0
35000.0,20.5,4,120000.0,35.69,700.0,1.0,25.0,13993.0,0
5475.0,18.99,4,108000.0,33.47,670.0,4.0,11.0,3045.0,1
6000.0,13.44,2,38700.0,23.26,690.0,0.0,4.0,1960.0,0
24000.0,9.17,1,75000.0,10.11,660.0,0.0,14.0,11763.0,0
10000.0,12.88,2,60000.0,3.3,715.0,0.0,5.0,6727.0,0
6900.0,19.89,4,80000.0,9.57,665.0,0.0,10.0,4091.0,0
15975.0,16.59,3,58800.0,20.45,665.0,0.0,11.0,9196.0,0
21600.0,13.44,2,54000.0,17.64,690.0,0.0,9.0,26438.0,0
14400.0,19.48,4,73320.0,17.02,660.0,0.0,9.0,12105.0,1
8000.0,13.99,2,42000.0,23.26,705.0,0.0,8.0,4414.0,0
7000.0,13.99,2,83000.0,21.96,680.0,0.0,11.0,17866.0,0
20000.0,10.78,1,55000.0,36.94,740.0,0.0,18.0,24365.0,0
25825.0,26.06,5,68000.0,31.68,675.0,0.0,18.0,20769.0,1
24575.0,22.45,5,92000.0,24.16,725.0,0.0,8.0,25225.0,0
3200.0,8.49,1,30407.0,20.61,710.0,0.0,5.0,1061.0,0
22875.0,15.77,3,137000.0,32.3,700.0,0.0,22.0,44174.0,0
35000.0,13.44,2,125000.0,24.19,710.0,0.0,15.0,47300.0,0
2400.0,17.27,3,52000.0,28.38,670.0,1.0,16.0,7763.0,0
25000.0,7.49,0,132000.0,13.83,745.0,0.0,14.0,33231.0,0
8800.0,12.88,2,55000.0,35.52,715.0,0.0,20.0,11331.0,0
2500.0,11.48,1,16488.0,38.06,770.0,0.0,12.0,2469.0,0
8000.0,5.32,0,50000.0,14.86,715.0,1.0,21.0,6452.0,0
20000.0,11.99,2,78000.0,27.1,705.0,0.0,15.0,40405.0,1
35000.0,12.88,2,110000.0,13.39,695.0,0.0,19.0,23315.0,1
15000.0,7.49,0,45000.0,10.67,710.0,3.0,10.0,16173.0,0
16000.0,15.77,3,70000.0,8.78,705.0,0.0,7.0,15986.0,1
10800.0,13.99,2,40000.0,26.13,665.0,0.0,7.0,8192.0,0
7500.0,17.97,3,15000.0,37.2,685.0,0.0,8.0,7933.0,0
16000.0,10.78,1,63000.0,35.19,670.0,0.0,12.0,20672.0,1
9000.0,5.32,0,49000.0,21.63,755.0,0.0,18.0,8775.0,0
9500.0,15.77,3,28000.0,27.95,695.0,0.0,7.0,1844.0,0
10000.0,7.91,0,25000.0,29.91,740.0,0.0,16.0,9053.0,1
6000.0,7.91,0,49000.0,17.92,795.0,0.0,10.0,2212.0,0
15600.0,13.44,2,52000.0,15.37,720.0,0.0,6.0,12329.0,0
35000.0,8.49,1,90000.0,13.36,750.0,0.0,11.0,15448.0,0
5000.0,11.48,1,78000.0,21.21,700.0,0.0,19.0,34764.0,0
20400.0,18.49,3,75000.0,38.65,725.0,2.0,22.0,24345.0,0
8000.0,17.97,3,33130.0,11.52,665.0,1.0,18.0,7610.0,1
16000.0,10.78,1,87500.0,13.74,695.0,0.0,13.0,21151.0,0
18000.0,7.91,0,80000.0,15.56,740.0,0.0,5.0,20724.0,1
35000.0,9.17,1,105000.0,25.07,690.0,0.0,11.0,92939.0,0
13150.0,5.32,0,40000.0,20.25,765.0,0.0,13.0,11221.0,0
5600.0,9.17,1,48000.0,19.85,660.0,0.0,8.0,12503.0,0
23000.0,9.8,1,90247.0,17.09,680.0,0.0,11.0,21039.0,0
12600.0,14.85,2,175000.0,11.75,690.0,0.0,14.0,16659.0,0
11000.0,16.59,3,55000.0,16.85,735.0,0.0,6.0,5739.0,0
4000.0,11.99,2,41501.0,12.9,685.0,0.0,8.0,8485.0,0
20000.0,11.48,1,60000.0,22.62,685.0,0.0,10.0,29929.0,0
10000.0,9.17,1,59307.0,32.7,690.0,1.0,17.0,24399.0,0
18850.0,21.48,4,55000.0,15.56,700.0,0.0,11.0,6069.0,1
21000.0,11.99,2,82000.0,15.07,730.0,0.0,18.0,27092.0,0
10500.0,8.49,1,60000.0,15.39,685.0,1.0,13.0,10760.0,0
4575.0,17.27,3,56000.0,10.03,665.0,1.0,12.0,2380.0,1
5000.0,11.48,1,17000.0,27.9,690.0,0.0,8.0,6378.0,0
8000.0,6.99,0,45000.0,15.15,790.0,0.0,12.0,5890.0,0
5000.0,11.99,2,30000.0,9.16,675.0,0.0,12.0,5426.0,1
9075.0,5.32,0,40000.0,8.39,815.0,0.0,15.0,12854.0,0
12500.0,7.49,0,52000.0,6.83,705.0,0.0,5.0,10009.0,0
19600.0,15.77,3,80000.0,18.99,710.0,0.0,15.0,11038.0,1
35000.0,13.99,2,90000.0,10.97,740.0,0.0,5.0,2193.0,0
28000.0,8.49,1,75000.0,24.83,685.0,0.0,16.0,18002.0,0
14000.0,15.77,3,45500.0,19.24,690.0,0.0,10.0,6297.0,1
16000.0,9.8,1,99906.0,6.97,660.0,0.0,10.0,12632.0,0
14000.0,5.32,0,120000.0,6.73,775.0,0.0,13.0,15686.0,0
24000.0,8.49,1,72000.0,22.8,715.0,0.0,16.0,20014.0,0
35000.0,13.99,2,75000.0,18.19,685.0,0.0,17.0,22755.0,0
8000.0,11.48,1,21610.0,31.06,705.0,0.0,9.0,8898.0,0
3600.0,13.44,2,25000.0,26.45,710.0,0.0,23.0,4419.0,0
10500.0,13.99,2,110000.0,30.73,660.0,1.0,19.0,28822.0,0
3000.0,11.48,1,105000.0,12.09,685.0,0.0,11.0,5560.0,0
16000.0,14.85,2,43000.0,17.11,675.0,0.0,13.0,10130.0,0
8000.0,7.49,0,57000.0,25.01,740.0,0.0,19.0,15916.0,0
19500.0,7.49,0,85000.0,13.74,730.0,0.0,8.0,18662.0,0
2000.0,8.49,1,140000.0,6.78,845.0,0.0,7.0,4110.0,0
16000.0,5.32,0,96000.0,14.45,725.0,0.0,23.0,21922.0,0
3500.0,10.78,1,122400.0,17.97,660.0,0.0,16.0,27242.0,0
24000.0,11.48,1,95000.0,26.89,675.0,0.0,9.0,18255.0,0
6000.0,5.32,0,120000.0,3.98,780.0,0.0,14.0,7763.0,0
24000.0,7.91,0,100000.0,26.83,675.0,1.0,21.0,35994.0,0
14875.0,18.49,3,37231.0,36.3,665.0,1.0,24.0,4665.0,1
10000.0,11.99,2,45000.0,37.55,685.0,0.0,19.0,8339.0,0
15000.0,6.99,0,93000.0,14.86,755.0,0.0,8.0,14914.0,0
10000.0,5.32,0,68000.0,14.61,730.0,0.0,11.0,15206.0,0
24000.0,19.48,4,97000.0,7.23,685.0,0.0,14.0,16424.0,0
23525.0,17.97,3,70000.0,13.33,675.0,0.0,13.0,28738.0,0
11000.0,10.78,1,297000.0,12.69,670.0,1.0,12.0,34746.0,0
24000.0,9.17,1,210000.0,20.16,690.0,0.0,18.0,16417.0,0
16000.0,8.49,1,140000.0,14.68,670.0,2.0,19.0,28430.0,0
15000.0,7.91,0,90000.0,17.07,685.0,0.0,20.0,20125.0,1
5000.0,11.99,2,60000.0,19.56,675.0,0.0,13.0,15996.0,1
15000.0,10.78,1,85000.0,10.14,685.0,0.0,16.0,8768.0,0
15000.0,9.8,1,60000.0,25.56,720.0,0.0,19.0,15448.0,0
3500.0,13.99,2,105000.0,17.65,665.0,0.0,9.0,22712.0,0
20000.0,9.17,1,130000.0,12.77,715.0,0.0,8.0,12187.0,0
35000.0,18.49,3,132500.0,14.48,670.0,0.0,16.0,27946.0,0
2000.0,11.99,2,180000.0,12.66,665.0,0.0,10.0,4016.0,0
12000.0,9.8,1,39500.0,25.43,725.0,0.0,9.0,9332.0,0
8000.0,6.99,0,80000.0,18.92,740.0,0.0,17.0,5387.0,0
10000.0,9.8,1,92000.0,10.55,680.0,1.0,8.0,9560.0,1
35000.0,13.99,2,100000.0,19.43,665.0,6.0,12.0,31610.0,0
25600.0,7.91,0,150000.0,10.88,740.0,0.0,10.0,15837.0,0
4325.0,11.99,2,90000.0,16.96,730.0,1.0,17.0,15676.0,0
6000.0,6.99,0,48000.0,33.78,760.0,0.0,18.0,7204.0,0
18200.0,15.77,3,65000.0,29.28,660.0,0.0,27.0,7411.0,1
10000.0,6.99,0,54000.0,19.38,700.0,0.0,11.0,13447.0,0
30000.0,13.44,2,81000.0,12.03,725.0,3.0,12.0,18471.0,0
13200.0,5.32,0,150000.0,15.45,740.0,0.0,14.0,42605.0,0
10000.0,6.99,0,220000.0,4.76,710.0,0.0,8.0,6666.0,0
3000.0,11.48,1,75000.0,22.82,665.0,1.0,13.0,11907.0,0
20000.0,9.8,1,96000.0,19.04,765.0,0.0,9.0,8516.0,0
13875.0,11.99,2,32500.0,23.53,710.0,0.0,7.0,10580.0,0
18000.0,6.49,0,76000.0,14.4,755.0,1.0,20.0,19182.0,0
15225.0,8.49,1,40000.0,21.21,685.0,0.0,12.0,5278.0,1
16000.0,11.48,1,65000.0,21.16,705.0,0.0,13.0,12669.0,1
21000.0,9.8,1,125000.0,6.2,750.0,0.0,16.0,4994.0,1
13000.0,16.59,3,40000.0,16.74,660.0,0.0,6.0,18114.0,1
20000.0,7.91,0,120000.0,4.99,705.0,3.0,19.0,1801.0,0
31075.0,7.49,0,70000.0,17.18,725.0,0.0,10.0,31640.0,0
18000.0,6.99,0,120000.0,14.88,710.0,1.0,7.0,41266.0,0
5000.0,9.17,1,74967.0,33.39,685.0,0.0,9.0,8770.0,0
4675.0,17.27,3,13000.0,34.07,675.0,1.0,6.0,3394.0,0
6000.0,9.8,1,85140.0,14.42,710.0,0.0,11.0,11210.0,0
12000.0,12.88,2,90000.0,12.62,660.0,0.0,11.0,8275.0,0
13000.0,13.99,2,115000.0,9.9,700.0,0.0,9.0,16440.0,0
1800.0,11.48,1,50000.0,20.38,660.0,0.0,9.0,10140.0,0
4475.0,16.59,3,114000.0,8.36,670.0,4.0,5.0,5153.0,0
14400.0,6.49,0,70000.0,16.32,695.0,0.0,21.0,14446.0,0
5875.0,7.91,0,70000.0,9.53,670.0,0.0,9.0,5814.0,0
20000.0,17.97,3,180000.0,25.1,660.0,0.0,13.0,59126.0,0
10000.0,6.99,0,115000.0,23.26,715.0,0.0,17.0,25824.0,0
34100.0,12.88,2,92892.0,29.14,735.0,0.0,13.0,21449.0,0
24000.0,11.48,1,56457.0,12.37,680.0,0.0,5.0,22849.0,0
5200.0,10.78,1,160000.0,8.0,660.0,1.0,6.0,8211.0,0
16800.0,11.99,2,50000.0,5.76,675.0,0.0,10.0,6920.0,0
10000.0,11.99,2,40000.0,10.95,665.0,0.0,4.0,1252.0,0
22000.0,17.97,3,55000.0,22.34,665.0,1.0,10.0,39840.0,0
28000.0,5.32,0,144000.0,29.88,715.0,0.0,16.0,82471.0,0
7200.0,6.49,0,60000.0,20.68,725.0,0.0,3.0,4727.0,0
18000.0,11.99,2,41000.0,38.35,690.0,0.0,12.0,18982.0,0
8400.0,7.49,0,30000.0,29.2,730.0,0.0,9.0,4008.0,0
5000.0,14.85,2,67000.0,31.08,670.0,0.0,18.0,16036.0,0
5000.0,9.8,1,55000.0,10.93,665.0,0.0,6.0,6846.0,1
2400.0,11.48,1,60000.0,24.14,670.0,0.0,10.0,13450.0,1
15000.0,5.32,0,60000.0,21.48,790.0,0.0,8.0,12370.0,0
6075.0,9.17,1,64400.0,27.37,730.0,0.0,17.0,5633.0,0
20000.0,10.78,1,55000.0,22.58,670.0,0.0,11.0,23324.0,0
6025.0,14.85,2,110000.0,21.32,665.0,1.0,17.0,7047.0,0
8400.0,9.17,1,70000.0,12.96,690.0,0.0,7.0,4595.0,0
15000.0,12.88,2,90000.0,21.17,710.0,0.0,14.0,18385.0,0
12000.0,15.77,3,143000.0,3.61,695.0,1.0,8.0,6198.0,0
28800.0,12.88,2,60000.0,6.68,700.0,0.0,9.0,25166.0,0
5000.0,5.32,0,60000.0,19.22,730.0,0.0,7.0,5832.0,0
5000.0,12.88,2,60000.0,30.24,685.0,2.0,10.0,11687.0,0
31500.0,11.99,2,120000.0,10.55,755.0,0.0,7.0,9374.0,0
24000.0,18.49,3,165000.0,13.05,660.0,1.0,13.0,15347.0,0
20000.0,12.88,2,110000.0,23.89,670.0,0.0,18.0,28645.0,1
24000.0,10.78,1,110000.0,20.82,735.0,0.0,15.0,26534.0,0
21850.0,17.27,3,65000.0,12.74,660.0,2.0,9.0,8964.0,0
9500.0,6.49,0,126500.0,8.67,680.0,1.0,14.0,5951.0,0
20000.0,8.49,1,98000.0,16.7,675.0,1.0,11.0,16876.0,0
20000.0,16.59,3,135000.0,26.92,685.0,0.0,18.0,49831.0,1
20000.0,12.88,2,65000.0,16.93,735.0,0.0,16.0,17336.0,0
12000.0,6.99,0,50000.0,20.12,790.0,0.0,13.0,12242.0,0
10000.0,12.88,2,65000.0,14.73,670.0,0.0,11.0,8358.0,0
12000.0,9.8,1,36500.0,18.91,805.0,0.0,10.0,5940.0,0
12000.0,7.91,0,75000.0,6.4,750.0,0.0,4.0,6873.0,0
6425.0,15.77,3,41000.0,2.87,670.0,1.0,4.0,476.0,0
12700.0,17.97,3,32760.0,34.32,675.0,0.0,21.0,11472.0,0
35000.0,13.99,2,121000.0,9.23,680.0,0.0,27.0,21876.0,0
15000.0,13.99,2,48000.0,31.29,670.0,0.0,6.0,3044.0,1
20550.0,16.59,3,60000.0,26.38,715.0,0.0,12.0,34612.0,0
25000.0,6.99,0,127000.0,25.48,725.0,1.0,10.0,18828.0,0
14000.0,19.48,4,115000.0,13.36,660.0,0.0,7.0,4916.0,0
16925.0,21.48,4,47000.0,22.09,680.0,0.0,10.0,6022.0,1
4700.0,13.44,2,22000.0,17.64,705.0,0.0,12.0,4192.0,0
5000.0,8.49,1,25000.0,13.63,675.0,0.0,17.0,7259.0,0
12000.0,14.85,2,92500.0,17.66,670.0,1.0,12.0,291.0,0
12000.0,9.8,1,55000.0,12.61,660.0,1.0,9.0,5116.0,0
15000.0,6.99,0,117000.0,4.66,700.0,2.0,4.0,2976.0,0
4900.0,13.44,2,123000.0,25.6,685.0,0.0,8.0,4792.0,0
18000.0,7.49,0,70000.0,16.82,690.0,1.0,10.0,19100.0,0
18000.0,14.85,2,48000.0,19.76,660.0,5.0,15.0,3862.0,1
25000.0,17.27,3,120000.0,21.33,660.0,2.0,17.0,35492.0,1
15000.0,12.88,2,50000.0,13.92,665.0,0.0,12.0,14435.0,0
3600.0,11.48,1,97000.0,18.93,660.0,1.0,16.0,7696.0,0
33000.0,8.49,1,92250.0,20.68,735.0,0.0,8.0,12502.0,0
14950.0,18.99,4,68000.0,31.36,685.0,1.0,11.0,5549.0,0
15000.0,12.88,2,154000.0,35.77,730.0,1.0,20.0,19565.0,0
7000.0,16.59,3,30100.0,25.68,680.0,3.0,13.0,13663.0,0
35000.0,12.88,2,98000.0,18.93,690.0,0.0,11.0,40023.0,0
8000.0,8.49,1,58000.0,5.9,730.0,0.0,11.0,42741.0,0
20000.0,11.99,2,40000.0,22.84,710.0,0.0,18.0,13519.0,1
14375.0,19.89,4,80000.0,37.32,695.0,0.0,15.0,27510.0,0
21000.0,9.17,1,85000.0,10.51,705.0,0.0,16.0,22910.0,0
3700.0,12.88,2,65000.0,20.81,700.0,1.0,17.0,3971.0,0
8400.0,9.17,1,85000.0,26.77,660.0,1.0,23.0,14877.0,1
7200.0,11.48,1,22000.0,23.57,750.0,0.0,10.0,1335.0,0
16800.0,8.49,1,85400.0,17.27,705.0,0.0,10.0,10223.0,0
9000.0,5.32,0,150000.0,0.63,795.0,0.0,4.0,4842.0,0
6000.0,13.99,2,43700.0,31.87,660.0,1.0,20.0,2773.0,0
34000.0,10.78,1,76497.0,13.32,705.0,0.0,4.0,34886.0,0
16000.0,12.88,2,91000.0,11.78,665.0,3.0,14.0,9290.0,1
11200.0,8.49,1,70000.0,15.88,685.0,1.0,9.0,21478.0,0
6000.0,7.91,0,50000.0,19.42,785.0,0.0,8.0,5049.0,0
9100.0,6.49,0,84000.0,15.57,730.0,0.0,12.0,8610.0,0
10000.0,6.99,0,60000.0,29.15,710.0,0.0,18.0,7056.0,0
30000.0,27.49,6,115000.0,17.73,675.0,0.0,14.0,50634.0,1
8450.0,11.99,2,37380.0,15.09,670.0,0.0,6.0,3855.0,0
8775.0,22.45,5,75000.0,20.37,660.0,0.0,14.0,7613.0,0
6000.0,5.32,0,72000.0,17.08,690.0,1.0,11.0,23785.0,0
10000.0,5.32,0,75000.0,5.17,770.0,0.0,10.0,13435.0,0
10000.0,15.77,3,128000.0,36.23,685.0,1.0,18.0,23125.0,1
7200.0,17.27,3,22000.0,38.63,700.0,0.0,10.0,20086.0,0
20000.0,14.85,2,75000.0,18.76,705.0,0.0,16.0,59351.0,0
20000.0,9.17,1,95750.0,19.14,685.0,1.0,11.0,5248.0,1
5000.0,5.32,0,130000.0,10.44,720.0,0.0,9.0,16709.0,0
15000.0,9.8,1,35179.0,23.47,705.0,0.0,19.0,12706.0,1
23950.0,17.97,3,160000.0,18.41,675.0,0.0,14.0,13883.0,1
15000.0,10.78,1,160000.0,24.79,670.0,0.0,13.0,38681.0,0
2250.0,8.49,1,60000.0,16.88,690.0,0.0,13.0,1725.0,0
14000.0,13.44,2,40000.0,37.39,670.0,0.0,14.0,16328.0,0
14000.0,12.88,2,80000.0,5.04,660.0,0.0,11.0,7002.0,1
18000.0,7.49,0,83000.0,7.93,700.0,0.0,17.0,13186.0,0
12000.0,5.32,0,72500.0,2.71,745.0,0.0,10.0,7804.0,0
5600.0,10.78,1,46000.0,13.18,660.0,0.0,7.0,8773.0,0
35000.0,16.59,3,83000.0,25.52,700.0,0.0,16.0,35575.0,0
8000.0,12.88,2,43500.0,22.48,700.0,0.0,11.0,2015.0,1
2400.0,13.44,2,26000.0,16.39,670.0,0.0,7.0,1869.0,0
35000.0,17.27,3,98000.0,19.74,685.0,0.0,18.0,13676.0,0
7000.0,12.88,2,55000.0,37.22,735.0,0.0,4.0,34441.0,0
8000.0,11.99,2,23200.0,33.78,675.0,0.0,12.0,13545.0,0
6125.0,17.27,3,70000.0,17.36,690.0,0.0,9.0,2275.0,0
10400.0,13.44,2,150000.0,18.51,670.0,1.0,23.0,29336.0,1
30000.0,7.91,0,134000.0,17.1,725.0,0.0,12.0,11694.0,0
4000.0,14.85,2,30000.0,8.18,665.0,1.0,11.0,5339.0,0
10000.0,10.78,1,125000.0,19.92,685.0,1.0,19.0,13001.0,0
16000.0,7.91,0,50000.0,24.41,715.0,0.0,9.0,12638.0,0
24000.0,17.27,3,67000.0,29.07,690.0,4.0,12.0,5727.0,1
19225.0,26.99,6,56600.0,18.21,710.0,0.0,8.0,7055.0,1
13000.0,12.88,2,130000.0,5.51,705.0,0.0,11.0,6739.0,1
2000.0,6.49,0,35037.0,8.51,760.0,0.0,9.0,2113.0,0
19200.0,5.32,0,50000.0,19.24,690.0,0.0,4.0,10848.0,0
10000.0,13.44,2,140000.0,9.99,660.0,0.0,12.0,9190.0,0
35000.0,7.91,0,165000.0,18.89,710.0,0.0,21.0,53593.0,0
15000.0,12.88,2,60000.0,36.4,675.0,0.0,9.0,5576.0,0
35000.0,15.77,3,84468.0,16.85,665.0,1.0,13.0,23127.0,0
18000.0,8.49,1,55000.0,27.17,670.0,0.0,14.0,22088.0,0
8000.0,9.8,1,40000.0,25.15,685.0,0.0,19.0,11247.0,1
15000.0,12.88,2,50000.0,30.08,805.0,0.0,9.0,75205.0,0
17400.0,8.49,1,175000.0,7.04,695.0,0.0,6.0,3048.0,0
35000.0,11.99,2,156000.0,14.98,710.0,0.0,11.0,39669.0,0
12000.0,9.17,1,100000.0,12.13,745.0,0.0,11.0,1435.0,0
24000.0,9.17,1,66000.0,23.98,665.0,1.0,26.0,11718.0,0
8000.0,7.91,0,66500.0,29.22,725.0,0.0,10.0,15224.0,0
16775.0,19.89,4,74000.0,29.91,675.0,0.0,16.0,9911.0,0
8000.0,8.49,1,48000.0,15.15,670.0,0.0,4.0,7764.0,0
21000.0,10.78,1,100000.0,29.75,730.0,0.0,24.0,45269.0,0
10000.0,12.88,2,113000.0,21.59,690.0,0.0,12.0,20061.0,0
6000.0,7.91,0,81120.0,18.45,685.0,0.0,10.0,6151.0,0
6000.0,18.49,3,54744.0,23.96,665.0,1.0,7.0,1373.0,0
8400.0,11.48,1,80000.0,13.92,710.0,0.0,12.0,6597.0,0
10000.0,12.88,2,33000.0,23.23,665.0,1.0,8.0,13034.0,0
6000.0,9.17,1,72000.0,2.8,660.0,0.0,9.0,4752.0,0
20000.0,8.49,1,70000.0,12.51,675.0,0.0,3.0,32224.0,0
4600.0,11.99,2,14688.0,14.79,670.0,0.0,10.0,3810.0,0
20000.0,17.27,3,50000.0,33.75,705.0,0.0,11.0,4354.0,0
15000.0,9.17,1,48112.0,31.62,685.0,1.0,12.0,21070.0,0
12000.0,12.88,2,40000.0,23.98,690.0,0.0,13.0,8700.0,0
5000.0,10.78,1,75000.0,16.7,705.0,0.0,13.0,22869.0,0
6000.0,10.78,1,57000.0,18.34,690.0,2.0,12.0,10706.0,0
6000.0,5.32,0,43000.0,20.37,680.0,0.0,8.0,4929.0,0
28000.0,20.5,4,84000.0,37.26,700.0,0.0,22.0,71192.0,1
15000.0,5.32,0,81000.0,16.95,800.0,0.0,14.0,37068.0,0
10500.0,8.49,1,168400.0,27.58,715.0,0.0,18.0,43536.0,0
10000.0,13.44,2,34000.0,11.19,720.0,0.0,17.0,8425.0,0
3600.0,7.49,0,62000.0,22.42,720.0,0.0,21.0,3886.0,0
10000.0,11.48,1,72000.0,26.9,680.0,0.0,13.0,16758.0,0
30000.0,8.49,1,115000.0,13.54,690.0,1.0,23.0,22022.0,0
8000.0,11.99,2,35000.0,10.12,720.0,0.0,10.0,6352.0,0
15000.0,16.59,3,55000.0,10.17,660.0,0.0,13.0,9419.0,1
21600.0,8.49,1,60000.0,17.42,685.0,0.0,10.0,11037.0,0
12000.0,9.17,1,105000.0,16.86,670.0,1.0,12.0,11143.0,0
28000.0,7.91,0,102000.0,21.05,700.0,1.0,24.0,55427.0,0
6400.0,11.48,1,33000.0,15.6,685.0,0.0,9.0,5707.0,0
15000.0,9.17,1,48000.0,12.2,680.0,0.0,10.0,8588.0,0
13000.0,7.91,0,70000.0,26.32,710.0,0.0,10.0,13025.0,0
10000.0,13.44,2,80000.0,15.56,670.0,1.0,9.0,8297.0,0
24800.0,7.91,0,95000.0,14.76,765.0,0.0,14.0,29719.0,0
12000.0,10.78,1,56000.0,25.98,705.0,0.0,7.0,3114.0,1
15000.0,11.99,2,65000.0,17.56,665.0,0.0,9.0,13028.0,0
24000.0,5.32,0,120000.0,15.82,725.0,0.0,13.0,42613.0,0
2000.0,13.44,2,75600.0,10.17,685.0,1.0,5.0,15568.0,0
22600.0,15.77,3,53867.0,25.31,675.0,0.0,33.0,23959.0,0
13500.0,23.13,5,50000.0,25.3,660.0,0.0,17.0,10292.0,1
6000.0,10.78,1,66000.0,19.96,695.0,1.0,11.0,3731.0,1
5000.0,6.49,0,55000.0,29.15,700.0,0.0,9.0,11449.0,0
20000.0,7.49,0,100000.0,12.18,735.0,0.0,9.0,44737.0,0
12000.0,9.8,1,103000.0,18.54,680.0,1.0,11.0,20218.0,0
32000.0,11.48,1,107000.0,19.13,710.0,0.0,12.0,95821.0,0
15200.0,13.99,2,69998.0,14.52,660.0,0.0,7.0,19434.0,1
12500.0,11.99,2,60000.0,16.98,685.0,0.0,5.0,8619.0,0
21000.0,10.78,1,81000.0,17.19,700.0,0.0,12.0,14360.0,0
16000.0,8.49,1,35000.0,24.49,705.0,0.0,10.0,12989.0,0
24650.0,11.48,1,100000.0,22.64,725.0,0.0,11.0,31110.0,0
11000.0,7.91,0,77000.0,28.73,685.0,2.0,11.0,10919.0,0
22400.0,14.85,2,70000.0,18.69,695.0,0.0,10.0,15292.0,0
15125.0,18.49,3,61000.0,25.38,680.0,0.0,16.0,19934.0,1
8000.0,7.91,0,63800.0,23.76,730.0,1.0,11.0,5025.0,0
8000.0,9.17,1,52000.0,11.86,665.0,1.0,4.0,4715.0,0
11000.0,14.85,2,42240.0,19.18,685.0,1.0,13.0,4903.0,0
28500.0,18.99,4,70000.0,29.37,690.0,0.0,16.0,21710.0,0
25000.0,6.49,0,120000.0,21.3,745.0,0.0,17.0,29581.0,0
7000.0,9.17,1,70000.0,16.1,660.0,0.0,13.0,2978.0,0
12000.0,9.8,1,100000.0,12.07,665.0,0.0,10.0,24801.0,0
5875.0,15.77,3,56000.0,25.65,670.0,0.0,5.0,928.0,0
18000.0,18.49,3,145000.0,15.54,670.0,0.0,26.0,36333.0,0
28000.0,7.91,0,160000.0,23.69,710.0,0.0,16.0,158563.0,0
35000.0,9.8,1,205000.0,5.71,710.0,0.0,10.0,13356.0,0
31800.0,16.59,3,65000.0,24.15,810.0,0.0,12.0,17044.0,0
25000.0,17.97,3,105000.0,22.57,680.0,0.0,10.0,5787.0,0
16000.0,17.27,3,54000.0,20.73,715.0,0.0,10.0,4280.0,0
35000.0,16.59,3,139000.0,14.95,670.0,0.0,10.0,24127.0,0
18000.0,7.91,0,60000.0,11.52,680.0,0.0,12.0,16649.0,1
10000.0,7.49,0,55500.0,15.05,700.0,1.0,8.0,13908.0,0
8000.0,14.85,2,53040.0,20.54,660.0,0.0,12.0,8195.0,0
15000.0,5.32,0,75000.0,8.75,780.0,0.0,11.0,6138.0,0
20000.0,11.99,2,155000.0,22.47,710.0,1.0,17.0,12740.0,0
14000.0,19.89,4,80000.0,14.39,700.0,0.0,13.0,28820.0,0
20500.0,8.49,1,77700.0,18.56,685.0,0.0,16.0,11495.0,0
4700.0,13.99,2,88000.0,14.21,660.0,0.0,6.0,2328.0,0
28000.0,9.17,1,76008.0,14.47,690.0,0.0,18.0,38235.0,0
12000.0,7.91,0,71000.0,24.86,715.0,1.0,27.0,42125.0,0
7200.0,7.91,0,42500.0,11.07,670.0,5.0,10.0,8187.0,0
11000.0,7.49,0,33000.0,37.56,800.0,0.0,26.0,9867.0,0
11000.0,13.99,2,52000.0,5.7,660.0,0.0,8.0,8800.0,1
3500.0,9.8,1,45000.0,22.29,725.0,1.0,30.0,3236.0,0
23850.0,13.44,2,111000.0,13.58,660.0,0.0,24.0,20298.0,0
3600.0,15.77,3,70000.0,14.33,685.0,1.0,12.0,2442.0,0
16500.0,11.99,2,76000.0,2.56,725.0,0.0,12.0,7256.0,0
8275.0,10.78,1,55000.0,38.05,715.0,0.0,10.0,46623.0,0
35000.0,17.27,3,80000.0,15.77,690.0,2.0,9.0,13859.0,0
20000.0,5.32,0,106000.0,20.04,735.0,0.0,14.0,16210.0,0
22800.0,5.32,0,76000.0,21.96,735.0,0.0,12.0,15801.0,0
10000.0,8.49,1,35000.0,33.54,705.0,0.0,12.0,23294.0,0
19000.0,10.78,1,155000.0,18.42,665.0,0.0,7.0,14815.0,0
6000.0,16.59,3,40000.0,10.8,660.0,0.0,6.0,3510.0,1
35000.0,16.59,3,105000.0,27.22,700.0,0.0,15.0,40781.0,0
6000.0,13.99,2,210000.0,12.55,665.0,0.0,9.0,43074.0,0
16000.0,13.99,2,52000.0,33.12,705.0,0.0,15.0,7971.0,1
5000.0,16.59,3,19000.0,14.28,665.0,0.0,6.0,4040.0,0
3000.0,18.49,3,54000.0,32.18,680.0,1.0,46.0,24977.0,1
20000.0,14.85,2,120000.0,33.29,685.0,0.0,11.0,50651.0,1
24000.0,23.13,5,43435.0,35.7,680.0,0.0,13.0,12508.0,0
20000.0,7.49,0,106000.0,27.2,705.0,0.0,17.0,27910.0,0
8000.0,9.17,1,65000.0,22.05,685.0,2.0,13.0,13171.0,0
5000.0,12.88,2,47000.0,38.61,680.0,0.0,17.0,10099.0,0
20000.0,5.32,0,135000.0,15.9,705.0,0.0,14.0,14467.0,0
5000.0,13.44,2,110000.0,24.66,670.0,0.0,28.0,26360.0,0
12000.0,10.78,1,29500.0,16.27,680.0,0.0,8.0,12710.0,0
19675.0,21.48,4,86000.0,8.09,660.0,1.0,8.0,10734.0,0
24000.0,9.8,1,125000.0,2.96,700.0,0.0,24.0,7280.0,1
12000.0,10.78,1,85000.0,24.06,680.0,0.0,18.0,13616.0,0
12000.0,5.32,0,45000.0,29.87,780.0,0.0,7.0,8994.0,0
28000.0,7.91,0,112000.0,11.95,715.0,0.0,5.0,32983.0,0
14000.0,10.78,1,105000.0,26.66,690.0,0.0,11.0,36206.0,0
9975.0,23.13,5,31200.0,21.14,685.0,0.0,10.0,9075.0,0
10000.0,5.32,0,72000.0,16.42,690.0,0.0,13.0,31789.0,0
3600.0,13.99,2,34000.0,29.79,660.0,0.0,11.0,10572.0,0
27850.0,24.24,5,55702.0,26.18,675.0,1.0,10.0,7657.0,0
14000.0,9.8,1,175000.0,25.43,690.0,0.0,19.0,41039.0,0
12475.0,5.32,0,26000.0,28.49,740.0,0.0,6.0,6643.0,0
24000.0,13.44,2,96000.0,22.7,675.0,0.0,13.0,19403.0,0
22400.0,14.85,2,96000.0,20.45,675.0,1.0,10.0,10802.0,0
26000.0,6.49,0,124400.0,26.03,735.0,0.0,8.0,20052.0,0
25000.0,13.44,2,50000.0,6.39,775.0,0.0,11.0,8291.0,0
14000.0,9.8,1,130000.0,11.99,675.0,0.0,14.0,78106.0,0
10000.0,6.49,0,52600.0,13.16,720.0,0.0,12.0,4788.0,0
11550.0,18.99,4,28948.92,18.41,685.0,0.0,9.0,14858.0,0
14000.0,6.99,0,100200.0,19.34,740.0,0.0,11.0,26355.0,0
9000.0,7.91,0,90000.0,9.28,715.0,2.0,11.0,3218.0,0
8000.0,10.78,1,38000.0,25.36,660.0,0.0,13.0,7065.0,0
11000.0,7.91,0,60000.0,28.36,710.0,0.0,16.0,16701.0,0
11200.0,5.32,0,82500.0,14.79,825.0,0.0,8.0,2721.0,0
21000.0,13.44,2,75000.0,21.56,675.0,0.0,25.0,14236.0,1
35000.0,11.99,2,130000.0,19.75,710.0,0.0,15.0,41206.0,0
20000.0,13.44,2,64000.0,23.85,695.0,0.0,9.0,25020.0,0
24000.0,6.49,0,105000.0,17.15,690.0,0.0,7.0,30763.0,0
19800.0,11.99,2,45000.0,23.47,695.0,0.0,12.0,6477.0,0
30000.0,12.88,2,84000.0,24.39,700.0,1.0,8.0,2204.0,1
28000.0,5.32,0,205200.0,21.6,680.0,0.0,17.0,24236.0,0
27300.0,17.97,3,65000.0,17.02,675.0,1.0,9.0,29015.0,0
24000.0,12.88,2,73000.0,19.76,660.0,2.0,8.0,9016.0,1
1450.0,9.17,1,35000.0,18.59,675.0,0.0,6.0,6916.0,0
4000.0,9.8,1,47500.0,5.79,685.0,0.0,12.0,5854.0,0
1000.0,11.48,1,86000.0,20.64,660.0,0.0,10.0,26498.0,0
24950.0,10.78,1,65000.0,15.95,790.0,0.0,15.0,9520.0,0
25000.0,5.32,0,300000.0,9.14,750.0,0.0,10.0,7543.0,0
6000.0,7.91,0,250000.0,16.17,680.0,1.0,15.0,67109.0,0
21000.0,9.17,1,110000.0,22.5,700.0,1.0,14.0,24093.0,1
2950.0,11.99,2,22000.0,16.58,665.0,0.0,8.0,4285.0,0
33100.0,24.24,5,72000.0,23.77,685.0,0.0,11.0,23791.0,1
6000.0,17.27,3,120000.0,23.03,660.0,0.0,16.0,20408.0,0
10500.0,17.97,3,28832.0,23.62,690.0,1.0,10.0,7739.0,1
12000.0,11.99,2,35000.0,20.82,750.0,0.0,7.0,19850.0,0
20000.0,6.99,0,120000.0,16.8,685.0,0.0,11.0,35896.0,0
10000.0,19.48,4,150000.0,14.89,705.0,1.0,10.0,3318.0,0
9525.0,13.99,2,55000.0,30.96,690.0,0.0,18.0,16992.0,1
20000.0,5.32,0,187000.0,14.68,765.0,0.0,20.0,18711.0,0
14450.0,11.48,1,116300.0,2.86,725.0,0.0,4.0,883.0,0
21600.0,6.99,0,120000.0,20.73,740.0,0.0,18.0,143395.0,0
12600.0,6.99,0,73000.0,5.56,680.0,0.0,3.0,8699.0,0
14800.0,15.77,3,48000.0,20.55,720.0,0.0,17.0,2659.0,1
20000.0,13.44,2,53000.0,15.29,675.0,0.0,13.0,16180.0,1
9600.0,11.48,1,110000.0,13.83,665.0,0.0,8.0,7544.0,0
11900.0,17.97,3,34000.0,32.83,675.0,0.0,10.0,8890.0,0
20800.0,18.99,4,60000.0,29.6,675.0,0.0,15.0,14899.0,0
30000.0,10.78,1,70000.0,22.99,670.0,0.0,11.0,33542.0,1
12000.0,9.8,1,31200.0,30.04,685.0,0.0,8.0,5652.0,0
5000.0,11.48,1,85000.0,8.28,670.0,15.0,5.0,327.0,0
15000.0,17.97,3,45500.0,30.95,700.0,0.0,13.0,13021.0,1
18900.0,12.88,2,45000.0,30.45,660.0,0.0,14.0,13106.0,0
5000.0,7.91,0,67000.0,36.53,700.0,0.0,34.0,44464.0,0
19850.0,10.78,1,85005.0,17.2,690.0,0.0,14.0,15506.0,0
8000.0,13.99,2,80000.0,19.74,680.0,0.0,11.0,6779.0,0
20000.0,16.59,3,100000.0,20.0,680.0,0.0,12.0,18478.0,0
20000.0,13.99,2,60000.0,23.24,735.0,0.0,14.0,4985.0,1
28000.0,22.45,5,93000.0,17.73,715.0,0.0,14.0,17698.0,0
12000.0,13.99,2,50000.0,20.31,660.0,0.0,13.0,7167.0,0
15000.0,9.8,1,52500.0,4.96,695.0,0.0,8.0,10459.0,0
30000.0,7.49,0,130000.0,9.82,720.0,0.0,11.0,39025.0,0
17000.0,5.32,0,98000.0,9.21,755.0,0.0,9.0,18067.0,0
15750.0,16.59,3,50000.0,21.96,675.0,0.0,18.0,8770.0,0
5000.0,10.78,1,55000.0,30.98,675.0,1.0,9.0,17669.0,0
24000.0,13.99,2,115000.0,17.71,690.0,0.0,11.0,20359.0,0
15000.0,9.17,1,45000.0,16.93,660.0,1.0,6.0,9481.0,0
30000.0,13.44,2,70000.0,12.08,700.0,0.0,12.0,19212.0,0
4200.0,7.49,0,90000.0,24.85,725.0,0.0,15.0,15478.0,0
6025.0,11.99,2,25000.0,6.82,695.0,0.0,3.0,4877.0,0
14850.0,18.49,3,45000.0,13.57,670.0,0.0,13.0,16081.0,1
10000.0,6.49,0,106000.0,16.45,810.0,0.0,17.0,45381.0,0
10000.0,11.48,1,105000.0,36.81,660.0,7.0,11.0,4268.0,1
35000.0,12.88,2,240000.0,4.3,660.0,0.0,10.0,37389.0,0
15000.0,12.88,2,89000.0,34.58,660.0,0.0,27.0,32901.0,1
5000.0,11.99,2,60000.0,19.27,705.0,0.0,13.0,18425.0,0
11000.0,13.99,2,65000.0,21.88,670.0,0.0,13.0,9862.0,0
5500.0,15.77,3,101000.0,25.55,675.0,0.0,14.0,27478.0,0
2500.0,11.99,2,50400.0,12.48,665.0,0.0,5.0,35.0,0
21150.0,15.77,3,52000.0,26.17,685.0,0.0,10.0,16582.0,0
20000.0,11.48,1,185000.0,25.7,685.0,0.0,17.0,31201.0,0
5875.0,11.48,1,25200.0,10.48,680.0,0.0,10.0,4446.0,0
24000.0,7.49,0,107000.0,15.15,765.0,0.0,13.0,23594.0,0
12000.0,9.8,1,46000.0,27.42,700.0,0.0,19.0,18383.0,1
19200.0,18.99,4,113000.0,23.81,665.0,0.0,16.0,25878.0,1
8000.0,13.99,2,50000.0,19.85,680.0,0.0,8.0,29588.0,0
28000.0,15.77,3,105000.0,28.35,670.0,0.0,13.0,18749.0,0
13500.0,10.78,1,77000.0,14.45,660.0,1.0,8.0,6875.0,1
11000.0,8.49,1,125000.0,27.87,670.0,1.0,9.0,58332.0,0
15000.0,10.78,1,46000.0,30.65,685.0,1.0,23.0,17771.0,0
20000.0,9.8,1,95000.0,21.31,710.0,0.0,17.0,37071.0,0
35000.0,9.8,1,173000.0,22.42,700.0,0.0,17.0,63825.0,0
10000.0,11.48,1,55000.0,22.74,760.0,0.0,12.0,31359.0,0
9000.0,9.17,1,105000.0,6.31,670.0,3.0,19.0,7937.0,0
8400.0,16.59,3,51000.0,13.27,690.0,0.0,10.0,4072.0,1
20000.0,12.88,2,65000.0,16.49,670.0,0.0,8.0,6711.0,0
22500.0,7.91,0,93000.0,14.34,810.0,0.0,13.0,109973.0,0
20000.0,18.49,3,137000.0,18.48,665.0,0.0,16.0,27103.0,0
21000.0,11.99,2,63000.0,28.69,685.0,0.0,15.0,20519.0,0
18700.0,13.99,2,55000.0,30.81,735.0,0.0,19.0,25268.0,0
35000.0,11.99,2,175000.0,33.8,725.0,0.0,21.0,290575.0,0
21000.0,6.99,0,85000.0,24.0,710.0,3.0,15.0,18025.0,0
30000.0,13.44,2,106000.0,14.19,675.0,0.0,19.0,19778.0,0
14000.0,16.59,3,124596.0,23.73,685.0,0.0,22.0,52760.0,0
24000.0,5.32,0,450000.0,0.7,720.0,1.0,5.0,18792.0,0
35000.0,10.78,1,89000.0,19.26,755.0,0.0,30.0,29704.0,0
3225.0,20.5,4,35000.0,24.01,660.0,3.0,8.0,3072.0,1
28000.0,6.49,0,108000.0,14.63,705.0,0.0,12.0,34722.0,0
7200.0,9.17,1,60000.0,24.6,735.0,0.0,18.0,8307.0,0
12000.0,9.8,1,43000.0,18.28,695.0,0.0,14.0,13131.0,0
35000.0,19.48,4,123000.0,21.53,700.0,0.0,18.0,42372.0,0
12000.0,5.32,0,118000.0,14.06,745.0,0.0,23.0,24537.0,0
5000.0,7.91,0,38000.0,11.78,695.0,0.0,8.0,5348.0,0
25000.0,13.99,2,85000.0,11.11,670.0,0.0,15.0,21139.0,0
8750.0,18.99,4,29524.32,46.71,680.0,0.0,9.0,2412.0,1
6600.0,19.48,4,240000.0,7.04,660.0,2.0,10.0,1604.0,0
10000.0,9.17,1,110000.0,28.37,715.0,2.0,15.0,21745.0,0
12500.0,10.78,1,34000.0,27.11,685.0,0.0,14.0,28554.0,0
26250.0,13.99,2,65000.0,26.9,700.0,0.0,11.0,11401.0,0
24000.0,12.88,2,186000.0,8.29,675.0,0.0,14.0,19850.0,0
15000.0,11.48,1,90000.0,14.89,680.0,1.0,8.0,13377.0,0
13750.0,16.59,3,27500.0,36.36,680.0,0.0,9.0,6468.0,0
35000.0,24.24,5,117000.0,16.82,675.0,0.0,15.0,20137.0,0
7000.0,12.88,2,65000.0,6.68,670.0,1.0,10.0,5123.0,0
5600.0,9.8,1,91500.0,30.79,660.0,3.0,12.0,24056.0,0
21000.0,9.17,1,150000.0,13.09,665.0,0.0,17.0,10920.0,0
15000.0,5.32,0,85000.0,13.56,745.0,1.0,12.0,18084.0,0
6400.0,9.17,1,53000.0,14.4,695.0,0.0,11.0,4980.0,0
8400.0,9.8,1,72701.0,20.42,670.0,1.0,17.0,6998.0,0
20000.0,15.77,3,150000.0,11.66,685.0,1.0,15.0,21235.0,0
15000.0,14.85,2,37534.44,31.44,680.0,0.0,13.0,39981.0,0
13600.0,11.48,1,61983.0,2.87,690.0,0.0,4.0,5455.0,0
18000.0,13.99,2,63000.0,17.49,675.0,0.0,3.0,14100.0,0
35000.0,18.49,3,160000.0,14.65,695.0,1.0,18.0,90009.0,0
20000.0,8.49,1,58000.0,31.24,680.0,0.0,6.0,19093.0,0
20000.0,5.32,0,139000.0,9.24,705.0,0.0,14.0,19300.0,0
11200.0,9.17,1,53000.0,11.96,720.0,0.0,15.0,14005.0,0
25000.0,6.49,0,62000.0,27.24,725.0,0.0,9.0,11141.0,0
2500.0,7.91,0,29000.0,21.19,755.0,0.0,8.0,1409.0,0
16000.0,8.49,1,75000.0,19.44,685.0,1.0,19.0,15196.0,0
5600.0,13.44,2,50000.0,28.73,740.0,0.0,11.0,5967.0,1
10000.0,7.49,0,70000.0,13.3,775.0,0.0,11.0,1709.0,0
3200.0,9.8,1,24000.0,18.05,670.0,1.0,7.0,5090.0,1
28000.0,5.32,0,135000.0,8.56,700.0,0.0,14.0,38029.0,0
15000.0,10.78,1,75000.0,26.24,705.0,0.0,8.0,8499.0,0
21600.0,6.99,0,120000.0,15.84,715.0,0.0,12.0,24339.0,0
10000.0,5.32,0,75000.0,3.86,710.0,0.0,9.0,9902.0,0
5000.0,9.8,1,92000.0,16.01,670.0,1.0,19.0,22216.0,1
12000.0,6.49,0,73000.0,14.75,715.0,0.0,6.0,12494.0,0
15175.0,17.27,3,58000.0,7.57,745.0,0.0,5.0,166.0,1
21000.0,9.17,1,80000.0,14.69,705.0,0.0,9.0,21065.0,0
7000.0,5.32,0,16968.0,12.87,740.0,0.0,8.0,6092.0,0
12000.0,7.49,0,108000.0,6.92,715.0,1.0,17.0,19903.0,0
3200.0,10.78,1,49000.0,25.91,665.0,0.0,10.0,5958.0,0
7200.0,14.85,2,52000.0,39.21,670.0,1.0,12.0,10881.0,1
13200.0,12.88,2,45000.0,32.56,675.0,0.0,13.0,14895.0,0
20000.0,12.88,2,65000.0,17.38,730.0,2.0,15.0,20914.0,1
18000.0,8.49,1,120000.0,6.42,700.0,0.0,5.0,1641.0,1
18000.0,16.59,3,50000.0,14.69,705.0,0.0,5.0,43858.0,0
7500.0,15.77,3,75000.0,9.74,665.0,0.0,8.0,4980.0,0
15000.0,12.88,2,118000.0,23.7,705.0,0.0,7.0,18893.0,0
2400.0,7.49,0,50000.0,11.67,735.0,0.0,2.0,4014.0,0
2000.0,13.44,2,119945.0,15.61,660.0,0.0,21.0,20627.0,0
10000.0,12.88,2,100000.0,16.18,675.0,0.0,14.0,14403.0,0
30000.0,18.49,3,103000.0,22.36,675.0,0.0,13.0,25530.0,1
25000.0,7.91,0,105000.0,16.87,705.0,0.0,8.0,4122.0,0
11925.0,8.49,1,50000.0,28.44,770.0,0.0,21.0,14212.0,0
3000.0,6.49,0,75000.0,13.38,685.0,0.0,10.0,7682.0,0
13200.0,9.17,1,98000.0,10.03,665.0,0.0,8.0,14301.0,1
5000.0,12.88,2,48000.0,17.48,690.0,0.0,6.0,1688.0,0
9000.0,9.8,1,81000.0,22.64,660.0,0.0,14.0,21819.0,0
10000.0,9.17,1,43000.0,12.39,710.0,0.0,6.0,5806.0,0
1000.0,11.99,2,36522.0,35.72,660.0,0.0,23.0,12138.0,0
12000.0,13.99,2,35000.0,32.68,700.0,0.0,10.0,12627.0,1
24000.0,5.32,0,200000.0,22.55,710.0,0.0,16.0,99614.0,0
8500.0,9.17,1,35500.0,5.88,700.0,0.0,5.0,6022.0,0
3500.0,6.49,0,56000.0,19.03,680.0,3.0,10.0,3770.0,0
16100.0,17.27,3,50000.0,15.96,685.0,0.0,10.0,24765.0,0
10000.0,19.48,4,117000.0,12.73,735.0,0.0,8.0,1931.0,0
6000.0,8.49,1,42000.0,26.06,730.0,0.0,22.0,17033.0,0
5000.0,6.99,0,61000.0,30.53,710.0,4.0,15.0,11513.0,0
18000.0,6.49,0,100000.0,10.49,720.0,0.0,11.0,16114.0,0
1000.0,13.99,2,30000.0,31.08,680.0,0.0,13.0,8676.0,1
3850.0,13.44,2,45000.0,22.59,690.0,1.0,19.0,11901.0,0
2000.0,11.99,2,35000.0,4.01,660.0,0.0,7.0,1024.0,0
10175.0,19.89,4,63900.0,20.28,685.0,1.0,27.0,16428.0,0
10000.0,6.99,0,70000.0,21.79,730.0,0.0,14.0,5605.0,0
20000.0,9.8,1,52000.0,17.75,745.0,0.0,15.0,20576.0,0
35000.0,10.78,1,110000.0,25.38,705.0,0.0,12.0,48591.0,0
20000.0,12.88,2,93534.0,13.95,750.0,0.0,6.0,5341.0,0
20000.0,6.49,0,95000.0,12.63,740.0,0.0,9.0,11020.0,0
12250.0,14.85,2,26679.38,34.1,710.0,0.0,14.0,10914.0,1
15000.0,5.32,0,90000.0,16.91,765.0,0.0,20.0,22631.0,0
10000.0,5.32,0,80000.0,5.27,685.0,0.0,6.0,19012.0,0
3600.0,10.78,1,39000.0,9.48,765.0,0.0,4.0,18838.0,0
5000.0,11.99,2,68500.0,16.36,675.0,3.0,20.0,22065.0,0
35000.0,11.99,2,80000.0,26.84,725.0,0.0,12.0,33364.0,0
13000.0,12.88,2,38000.0,25.89,675.0,0.0,13.0,10410.0,0
4000.0,16.59,3,35000.0,11.45,665.0,0.0,8.0,3618.0,1
22450.0,18.99,4,74000.0,33.18,675.0,1.0,10.0,37064.0,1
4800.0,11.99,2,45000.0,10.29,670.0,0.0,11.0,6174.0,0
21275.0,14.85,2,56035.0,32.79,685.0,0.0,12.0,17826.0,0
15000.0,5.32,0,100000.0,15.76,745.0,0.0,24.0,13605.0,0
12000.0,12.88,2,110000.0,9.44,680.0,0.0,9.0,6112.0,0
9650.0,12.88,2,55500.0,15.18,660.0,1.0,19.0,9419.0,0
24000.0,9.8,1,100000.0,15.46,665.0,0.0,14.0,12057.0,0
35000.0,10.78,1,134000.0,23.09,725.0,0.0,10.0,37482.0,0
25000.0,5.32,0,125000.0,6.66,715.0,1.0,11.0,34415.0,0
9100.0,7.91,0,40000.0,12.57,740.0,0.0,11.0,8133.0,0
25000.0,14.85,2,118450.0,25.97,695.0,0.0,12.0,50627.0,0
18000.0,7.49,0,60000.0,35.0,740.0,0.0,22.0,18792.0,0
10800.0,11.48,1,123000.0,23.62,680.0,0.0,13.0,70397.0,0
9600.0,9.17,1,150000.0,5.54,660.0,0.0,6.0,7493.0,0
3600.0,11.48,1,55000.0,14.1,720.0,0.0,16.0,3279.0,0
12000.0,12.88,2,100000.0,12.31,660.0,3.0,12.0,11078.0,1
12000.0,6.49,0,65000.0,19.24,765.0,0.0,4.0,7626.0,0
18000.0,6.99,0,89000.0,13.88,680.0,1.0,8.0,20555.0,0
22925.0,16.59,3,51000.0,31.04,720.0,0.0,16.0,21147.0,0
8000.0,6.49,0,120000.0,4.91,775.0,0.0,5.0,9233.0,0
7000.0,8.49,1,100000.0,29.75,675.0,2.0,18.0,63792.0,0
4500.0,9.8,1,39600.0,22.82,705.0,0.0,9.0,9374.0,0
11500.0,19.48,4,33888.0,39.16,660.0,0.0,6.0,10585.0,0
5000.0,9.17,1,52000.0,24.79,755.0,0.0,9.0,10502.0,0
5000.0,8.49,1,141934.0,25.58,710.0,1.0,23.0,32677.0,1
2800.0,17.27,3,114400.0,6.34,695.0,0.0,7.0,0.0,0
12000.0,9.8,1,75000.0,14.11,685.0,0.0,8.0,12020.0,0
16075.0,12.88,2,66666.0,13.29,665.0,0.0,12.0,8881.0,0
21000.0,9.17,1,85000.0,14.65,685.0,1.0,12.0,28624.0,0
20000.0,5.32,0,71665.0,12.31,715.0,0.0,11.0,19997.0,0
28000.0,8.49,1,95000.0,19.6,710.0,0.0,24.0,30169.0,1
15000.0,9.8,1,89000.0,19.5,760.0,0.0,11.0,6273.0,0
15000.0,17.27,3,101000.0,39.87,660.0,0.0,16.0,23901.0,0
24000.0,13.99,2,120000.0,8.91,700.0,0.0,10.0,16349.0,0
35000.0,15.77,3,120000.0,13.34,690.0,0.0,12.0,31184.0,0
17125.0,27.99,6,45000.0,17.44,660.0,0.0,30.0,14276.0,0
30000.0,13.99,2,70000.0,19.9,690.0,0.0,7.0,15676.0,1
8000.0,10.78,1,43500.0,11.98,665.0,0.0,15.0,16344.0,1
5000.0,9.17,1,113000.0,26.45,670.0,1.0,12.0,45576.0,0
9100.0,9.17,1,70000.0,25.6,725.0,0.0,8.0,37505.0,0
1800.0,7.49,0,50000.0,8.28,690.0,0.0,6.0,12327.0,0
4850.0,7.49,0,56000.0,6.15,770.0,0.0,13.0,4865.0,0
24000.0,6.99,0,127000.0,12.07,710.0,1.0,11.0,21112.0,0
8000.0,5.32,0,31500.0,15.62,750.0,0.0,12.0,4795.0,0
10000.0,9.17,1,35000.0,11.69,675.0,0.0,9.0,10705.0,0
9600.0,6.49,0,64567.05,10.48,680.0,0.0,7.0,8073.0,0
20000.0,18.99,4,52000.0,26.93,665.0,0.0,17.0,14786.0,0
10000.0,5.32,0,32500.0,12.15,795.0,0.0,6.0,11685.0,0
6000.0,5.32,0,80000.0,13.5,745.0,0.0,20.0,48408.0,0
22000.0,5.32,0,110000.0,7.21,770.0,0.0,7.0,24075.0,0
28000.0,11.99,2,82000.0,10.57,820.0,0.0,15.0,2112.0,0
5000.0,7.91,0,93000.0,14.3,680.0,2.0,9.0,11220.0,0
18000.0,5.32,0,76000.0,18.44,750.0,1.0,14.0,2139.0,0
10000.0,5.32,0,80000.0,25.73,730.0,0.0,16.0,37657.0,0
11200.0,11.99,2,37000.0,7.78,675.0,0.0,11.0,16425.0,1
2150.0,17.27,3,18300.0,11.74,695.0,0.0,11.0,512.0,1
9000.0,12.88,2,110000.0,17.29,675.0,0.0,16.0,11701.0,0
12500.0,7.49,0,99500.0,12.18,705.0,0.0,6.0,4739.0,0
6000.0,5.32,0,52000.0,15.82,765.0,0.0,13.0,14849.0,0
20000.0,14.85,2,60000.0,26.02,715.0,0.0,18.0,3961.0,1
21000.0,16.59,3,90000.0,12.09,710.0,1.0,9.0,1392.0,1
35000.0,11.99,2,148000.0,13.33,735.0,0.0,11.0,43397.0,0
30000.0,16.59,3,94000.0,33.15,685.0,1.0,14.0,37424.0,0
6000.0,8.49,1,36000.0,23.84,710.0,2.0,15.0,6582.0,0
28000.0,7.91,0,111000.0,17.76,715.0,0.0,9.0,24758.0,0
6000.0,11.99,2,51000.0,25.04,705.0,0.0,12.0,7346.0,0
15000.0,11.99,2,103000.0,32.33,680.0,0.0,16.0,45796.0,1
30800.0,17.97,3,111000.0,33.98,700.0,0.0,7.0,61770.0,0
12000.0,10.78,1,86308.0,19.13,690.0,0.0,9.0,8208.0,1
2000.0,12.88,2,86564.0,27.73,660.0,0.0,25.0,19821.0,0
4275.0,17.27,3,38500.0,28.55,660.0,1.0,10.0,11287.0,0
6000.0,5.32,0,42000.0,16.11,745.0,0.0,6.0,15437.0,0
18000.0,7.91,0,45000.0,10.48,690.0,1.0,15.0,14691.0,0
25000.0,11.99,2,70000.0,23.21,670.0,0.0,18.0,19951.0,0
6000.0,9.8,1,41500.0,19.81,675.0,1.0,9.0,5513.0,0
9900.0,9.17,1,57000.0,21.71,690.0,0.0,13.0,17526.0,0
35000.0,7.49,0,125000.0,21.72,720.0,0.0,17.0,48446.0,0
18250.0,19.89,4,36500.0,27.52,670.0,0.0,25.0,12330.0,1
12000.0,5.32,0,110000.0,16.19,745.0,0.0,21.0,16265.0,0
30000.0,12.88,2,139000.0,21.38,660.0,1.0,20.0,27281.0,0
21000.0,9.17,1,80000.0,23.42,705.0,0.0,13.0,24345.0,0
1000.0,12.88,2,45000.0,39.11,695.0,0.0,5.0,10177.0,0
3600.0,11.99,2,55000.0,27.93,660.0,0.0,15.0,11570.0,1
12000.0,11.48,1,47140.0,33.1,695.0,2.0,11.0,35362.0,0
20000.0,6.99,0,100000.0,7.1,760.0,0.0,8.0,2227.0,0
15000.0,5.32,0,55000.0,25.25,690.0,0.0,10.0,21754.0,0
7000.0,11.48,1,41000.0,19.79,670.0,0.0,10.0,1974.0,0
30000.0,14.85,2,112000.0,19.07,670.0,2.0,23.0,26552.0,0
2000.0,13.44,2,43500.0,27.61,685.0,6.0,11.0,2118.0,0
13000.0,10.78,1,45000.0,26.64,695.0,0.0,16.0,7198.0,0
15000.0,7.91,0,170000.0,7.24,745.0,0.0,5.0,28964.0,0
17000.0,12.88,2,89000.0,21.02,680.0,0.0,10.0,13978.0,0
14000.0,6.99,0,65000.0,15.22,735.0,1.0,10.0,2363.0,0
10500.0,18.49,3,47000.0,29.55,685.0,0.0,10.0,7634.0,1
15000.0,13.44,2,43500.0,24.61,665.0,0.0,10.0,7989.0,0
12600.0,7.91,0,73000.0,21.58,685.0,0.0,9.0,11234.0,0
12000.0,5.32,0,98000.0,17.73,775.0,0.0,20.0,27483.0,0
28000.0,15.77,3,118000.0,35.91,710.0,0.0,12.0,10568.0,0
11750.0,28.49,6,28000.0,22.16,690.0,0.0,11.0,9758.0,1
24000.0,9.8,1,105000.0,8.32,705.0,0.0,13.0,6826.0,0
8300.0,7.91,0,52000.0,9.46,670.0,0.0,8.0,7585.0,0
15000.0,7.49,0,67879.0,29.6,730.0,0.0,18.0,25249.0,0
8000.0,10.78,1,53000.0,20.13,670.0,0.0,9.0,6515.0,0
24000.0,18.99,4,230000.0,14.44,675.0,0.0,13.0,14966.0,1
35000.0,14.85,2,90000.0,19.13,725.0,0.0,12.0,17669.0,0
12000.0,11.48,1,85000.0,22.87,720.0,1.0,35.0,8288.0,0
13050.0,26.06,5,43500.0,22.79,715.0,0.0,8.0,12799.0,0
8400.0,5.32,0,95000.0,21.79,725.0,0.0,10.0,8766.0,1
9600.0,9.17,1,90000.0,15.15,705.0,1.0,13.0,7421.0,0
10000.0,9.17,1,35000.0,10.55,705.0,0.0,7.0,7697.0,0
1800.0,9.17,1,72000.0,13.42,755.0,0.0,22.0,4726.0,0
15000.0,12.88,2,94000.0,13.21,670.0,0.0,19.0,11431.0,0
6000.0,9.17,1,20000.0,16.99,715.0,0.0,2.0,4997.0,0
10000.0,6.49,0,35000.0,19.44,755.0,0.0,3.0,4024.0,0
25000.0,5.32,0,99000.0,18.47,745.0,0.0,20.0,45023.0,0
8675.0,19.89,4,36000.0,33.93,675.0,0.0,15.0,12997.0,0
14000.0,14.85,2,44500.0,20.05,670.0,0.0,12.0,12184.0,1
16000.0,12.88,2,64000.0,5.76,685.0,0.0,5.0,28495.0,0
21700.0,22.45,5,60300.0,24.74,670.0,1.0,10.0,32236.0,0
2800.0,17.97,3,58000.0,18.6,695.0,0.0,6.0,13627.0,0
3600.0,6.99,0,150000.0,28.08,725.0,0.0,11.0,28415.0,0
20000.0,6.99,0,105000.0,19.02,710.0,0.0,11.0,50541.0,0
30000.0,19.48,4,88000.0,18.47,665.0,0.0,9.0,15564.0,0
20000.0,7.49,0,105000.0,9.71,700.0,1.0,4.0,17047.0,0
30000.0,20.5,4,98000.0,7.96,660.0,2.0,7.0,20312.0,0
10000.0,9.8,1,75000.0,14.16,700.0,0.0,15.0,27849.0,0
30000.0,13.99,2,70000.0,20.72,765.0,0.0,13.0,6644.0,0
3350.0,7.91,0,42251.0,23.49,680.0,0.0,6.0,4055.0,0
12000.0,18.99,4,50000.0,21.87,665.0,0.0,10.0,5272.0,1
6000.0,7.49,0,67000.0,29.05,715.0,0.0,12.0,17685.0,0
19200.0,10.78,1,65000.0,15.5,690.0,0.0,19.0,19014.0,0
12000.0,11.48,1,110000.0,4.9,675.0,5.0,11.0,5492.0,0
20000.0,6.49,0,78000.0,21.6,730.0,0.0,10.0,21041.0,0
13200.0,14.85,2,61000.0,15.42,680.0,0.0,15.0,12932.0,0
35000.0,7.91,0,145000.0,13.77,710.0,0.0,11.0,26666.0,0
14400.0,8.49,1,47000.0,27.96,715.0,0.0,13.0,16702.0,0
3000.0,11.48,1,45000.0,15.73,765.0,0.0,7.0,1888.0,0
23200.0,9.17,1,110000.0,18.84,665.0,0.0,14.0,29095.0,0
18250.0,11.48,1,39696.0,24.55,665.0,0.0,7.0,37981.0,0
14000.0,19.89,4,75000.0,16.03,660.0,0.0,7.0,7029.0,0
12000.0,13.99,2,90000.0,29.15,670.0,2.0,12.0,5795.0,1
3000.0,13.44,2,50740.0,17.24,670.0,0.0,7.0,7847.0,0
4000.0,7.49,0,83500.0,2.17,755.0,0.0,5.0,94.0,0
5000.0,11.99,2,65000.0,18.52,690.0,0.0,10.0,20381.0,1
12425.0,18.99,4,24897.72,6.62,720.0,0.0,15.0,11239.0,0
31325.0,15.77,3,157000.0,30.13,690.0,0.0,14.0,32416.0,0
28000.0,6.49,0,82000.0,12.67,700.0,0.0,13.0,32011.0,0
2500.0,14.85,2,32000.0,16.73,670.0,0.0,6.0,3021.0,0
5000.0,8.49,1,29000.0,6.46,690.0,0.0,21.0,3750.0,0
1400.0,16.59,3,54000.0,20.24,665.0,0.0,10.0,4055.0,0
8200.0,16.59,3,79000.0,0.76,670.0,1.0,7.0,685.0,0
5400.0,5.32,0,41000.0,26.23,770.0,0.0,10.0,1845.0,0
25000.0,11.48,1,185000.0,14.03,705.0,0.0,10.0,26265.0,0
20000.0,12.88,2,50000.0,4.94,660.0,0.0,5.0,6277.0,0
25500.0,11.99,2,72000.0,16.37,715.0,0.0,11.0,28980.0,0
13475.0,7.91,0,120000.0,19.79,745.0,0.0,10.0,29143.0,0
7200.0,8.49,1,42000.0,13.54,690.0,0.0,5.0,1567.0,0
30000.0,14.85,2,124000.0,15.61,675.0,0.0,13.0,23053.0,0
15000.0,8.49,1,50500.0,24.76,780.0,0.0,20.0,10131.0,0
21600.0,19.48,4,121000.0,19.93,665.0,2.0,22.0,32672.0,1
15000.0,11.99,2,100000.0,7.58,660.0,0.0,13.0,3434.0,0
11000.0,18.99,4,55000.0,0.94,730.0,0.0,14.0,1806.0,0
6400.0,13.44,2,54000.0,27.44,680.0,2.0,8.0,1101.0,1
10000.0,8.49,1,63000.0,24.67,690.0,0.0,11.0,26069.0,1
5725.0,6.99,0,25000.0,12.67,700.0,0.0,8.0,5083.0,0
15600.0,8.49,1,38000.0,17.59,710.0,0.0,13.0,13399.0,1
20000.0,17.27,3,124000.0,31.23,670.0,0.0,30.0,71234.0,1
4550.0,10.78,1,78000.0,26.08,670.0,0.0,16.0,11665.0,0
11000.0,11.48,1,75000.0,10.78,665.0,0.0,6.0,13383.0,0
26825.0,18.99,4,66548.0,31.61,685.0,0.0,9.0,18221.0,0
8375.0,13.99,2,32000.0,7.5,660.0,0.0,11.0,2377.0,1
25000.0,8.49,1,135000.0,22.37,715.0,2.0,8.0,115040.0,0
15000.0,19.89,4,50000.0,21.87,690.0,0.0,23.0,6431.0,1
19200.0,5.32,0,60000.0,17.84,720.0,0.0,11.0,25643.0,0
16000.0,14.85,2,70000.0,26.16,735.0,0.0,11.0,87.0,0
24000.0,7.49,0,48000.0,16.58,735.0,0.0,7.0,33552.0,0
12000.0,5.32,0,50000.0,7.54,770.0,0.0,12.0,11592.0,0
14400.0,9.17,1,82000.0,12.47,670.0,1.0,5.0,1898.0,0
4325.0,9.8,1,40000.0,14.79,660.0,0.0,3.0,1025.0,0
7500.0,16.59,3,50000.0,26.76,665.0,1.0,12.0,6731.0,0
25000.0,10.78,1,50000.0,39.3,725.0,0.0,6.0,23621.0,0
14000.0,10.78,1,120000.0,12.52,705.0,1.0,15.0,4325.0,0
3525.0,11.48,1,20000.0,25.63,675.0,0.0,3.0,2081.0,0
5400.0,9.8,1,80000.0,18.17,665.0,3.0,11.0,10446.0,1
24000.0,23.13,5,104000.0,24.75,665.0,0.0,25.0,31376.0,0
17000.0,6.49,0,52000.0,12.29,680.0,1.0,21.0,4131.0,0
10000.0,13.44,2,90000.0,16.28,685.0,0.0,15.0,9366.0,0
35000.0,17.97,3,150000.0,25.11,670.0,1.0,27.0,39913.0,0
12000.0,8.49,1,68000.0,12.02,740.0,0.0,5.0,6343.0,0
21600.0,14.85,2,86000.0,13.58,685.0,0.0,26.0,6643.0,0
4000.0,15.77,3,60000.0,38.02,695.0,0.0,24.0,14565.0,0
18000.0,5.32,0,200000.0,13.57,775.0,0.0,18.0,22476.0,0
20900.0,18.49,3,55000.0,18.96,665.0,0.0,9.0,5299.0,0
20825.0,16.59,3,81500.0,24.59,675.0,2.0,4.0,2187.0,0
10175.0,9.8,1,65000.0,28.03,690.0,0.0,15.0,15592.0,0
12000.0,16.59,3,101000.0,22.96,685.0,0.0,14.0,9562.0,0
20000.0,15.77,3,57000.0,21.09,680.0,0.0,7.0,19727.0,1
4000.0,9.8,1,47000.0,19.59,755.0,0.0,20.0,9591.0,0
15000.0,10.78,1,200000.0,13.57,710.0,0.0,22.0,47098.0,1
16000.0,18.49,3,65000.0,15.73,680.0,0.0,8.0,15644.0,0
14000.0,15.77,3,132700.0,25.38,660.0,2.0,11.0,26599.0,0
4175.0,12.88,2,50720.0,9.16,665.0,0.0,9.0,1779.0,0
5000.0,11.48,1,43498.0,26.2,660.0,1.0,5.0,3385.0,1
20000.0,9.17,1,60000.0,10.45,665.0,0.0,10.0,10874.0,0
30000.0,6.99,0,202000.0,11.65,730.0,0.0,6.0,30349.0,0
5500.0,11.99,2,37000.0,21.15,720.0,0.0,7.0,5914.0,0
30000.0,12.88,2,100000.0,16.21,695.0,0.0,14.0,54554.0,0
24000.0,13.44,2,120000.0,14.42,700.0,0.0,17.0,31366.0,0
9800.0,10.78,1,47000.0,14.69,665.0,0.0,10.0,8828.0,0
12000.0,9.17,1,110000.0,24.61,695.0,0.0,11.0,50366.0,0
15000.0,5.32,0,70000.0,22.77,705.0,0.0,14.0,30750.0,0
24000.0,7.91,0,80000.0,27.58,755.0,0.0,25.0,24585.0,0
10000.0,8.49,1,45000.0,31.8,700.0,1.0,20.0,9263.0,0
19800.0,12.88,2,78924.0,13.12,765.0,0.0,12.0,12736.0,0
8000.0,9.17,1,38480.0,29.2,705.0,1.0,16.0,4383.0,0
5600.0,12.88,2,38000.0,30.98,685.0,1.0,12.0,11299.0,0
20000.0,9.8,1,100000.0,15.83,680.0,0.0,11.0,17258.0,0
10000.0,5.32,0,118000.0,7.37,710.0,0.0,8.0,33028.0,0
3000.0,11.99,2,42000.0,6.74,685.0,0.0,4.0,2720.0,0
9525.0,20.5,4,35000.0,18.39,660.0,0.0,9.0,2946.0,0
10000.0,9.8,1,52000.0,18.69,690.0,0.0,8.0,3893.0,0
10000.0,7.49,0,60000.0,26.02,745.0,0.0,7.0,17182.0,0
15500.0,11.99,2,55000.0,12.63,665.0,1.0,8.0,5352.0,0
3000.0,7.49,0,86000.0,1.94,785.0,0.0,20.0,6910.0,0
1000.0,13.44,2,50000.0,3.07,660.0,1.0,5.0,1846.0,0
20000.0,11.48,1,79000.0,8.39,670.0,0.0,10.0,7359.0,1
16275.0,27.49,6,37000.0,18.72,685.0,0.0,10.0,1688.0,1
16000.0,18.49,3,40000.0,34.41,680.0,0.0,8.0,16584.0,0
10000.0,11.48,1,72000.0,22.83,690.0,0.0,19.0,6209.0,0
4000.0,7.91,0,45000.0,19.07,740.0,0.0,7.0,2663.0,0
4000.0,11.99,2,53000.0,15.53,700.0,1.0,8.0,5858.0,0
10650.0,19.89,4,87500.0,11.41,690.0,2.0,14.0,3442.0,1
6950.0,13.99,2,20000.0,24.13,665.0,0.0,6.0,7710.0,0
8000.0,9.8,1,26000.0,5.68,710.0,0.0,3.0,6217.0,0
8000.0,9.8,1,76000.0,12.29,685.0,0.0,6.0,17144.0,0
8000.0,13.44,2,65000.0,38.63,670.0,0.0,12.0,16885.0,0
7500.0,5.32,0,60000.0,21.84,760.0,0.0,11.0,3889.0,0
22350.0,19.48,4,85000.0,35.79,715.0,0.0,12.0,35298.0,1
10000.0,9.8,1,75000.0,10.94,730.0,0.0,7.0,10368.0,0
6000.0,9.17,1,44000.0,20.62,680.0,0.0,4.0,2046.0,0
15000.0,19.89,4,62800.0,21.19,660.0,1.0,13.0,5249.0,0
4900.0,15.77,3,36000.0,20.5,665.0,1.0,10.0,10864.0,0
13450.0,17.97,3,52500.0,25.07,680.0,1.0,14.0,6579.0,0
5000.0,11.99,2,95000.0,18.65,775.0,0.0,9.0,11868.0,0
28000.0,9.8,1,118000.0,19.34,715.0,1.0,13.0,27076.0,0
9600.0,11.99,2,43420.0,7.19,690.0,0.0,13.0,11693.0,0
14000.0,6.49,0,40000.0,14.27,800.0,0.0,7.0,11909.0,0
30000.0,13.99,2,95000.0,18.97,685.0,0.0,15.0,31432.0,1
17600.0,23.13,5,40000.0,39.23,680.0,0.0,13.0,35967.0,0
5000.0,12.88,2,25000.0,30.94,715.0,0.0,9.0,5818.0,0
35000.0,13.44,2,86000.0,16.93,670.0,0.0,28.0,1270.0,0
5000.0,10.78,1,42000.0,22.09,685.0,1.0,11.0,19171.0,0
30000.0,7.91,0,153996.0,19.87,740.0,0.0,8.0,22210.0,0
31075.0,13.99,2,107901.0,6.8,680.0,0.0,5.0,15499.0,0
15000.0,10.78,1,100000.0,15.48,670.0,0.0,4.0,12124.0,0
24000.0,7.91,0,116250.0,19.88,710.0,0.0,13.0,33832.0,0
24000.0,6.49,0,100000.0,10.06,710.0,0.0,11.0,32798.0,0
6225.0,11.48,1,35000.0,34.16,695.0,0.0,12.0,24831.0,0
9500.0,9.17,1,72500.0,9.63,680.0,1.0,17.0,4119.0,0
7800.0,10.78,1,50500.0,12.02,660.0,0.0,5.0,4661.0,1
14400.0,7.49,0,78000.0,28.8,695.0,0.0,22.0,20342.0,0
35000.0,12.88,2,195300.0,17.64,735.0,0.0,16.0,36980.0,0
35000.0,19.48,4,70000.0,31.27,675.0,0.0,8.0,10301.0,0
15350.0,18.99,4,61000.0,19.83,665.0,0.0,14.0,13950.0,0
12125.0,17.97,3,27577.0,38.16,690.0,0.0,16.0,18681.0,0
12000.0,5.32,0,107000.0,21.61,765.0,0.0,22.0,6085.0,0
18000.0,11.48,1,86000.0,31.23,755.0,0.0,25.0,10053.0,1
14100.0,16.59,3,42000.0,15.97,690.0,0.0,6.0,4584.0,0
20000.0,11.48,1,120000.0,13.83,695.0,0.0,21.0,69267.0,0
12000.0,13.44,2,55000.0,15.75,690.0,1.0,6.0,14675.0,1
8000.0,11.48,1,50000.0,12.67,680.0,0.0,21.0,6117.0,0
5525.0,17.97,3,60000.0,17.58,680.0,0.0,13.0,2176.0,1
3600.0,13.44,2,90791.91,13.03,665.0,0.0,17.0,2068.0,0
9600.0,6.49,0,50000.0,8.76,710.0,0.0,8.0,1125.0,0
14225.0,15.77,3,68000.0,11.33,660.0,0.0,7.0,1122.0,0
1500.0,9.17,1,83000.0,22.4,675.0,0.0,12.0,15321.0,0
24000.0,16.59,3,155000.0,16.89,670.0,2.0,9.0,10513.0,0
20000.0,8.49,1,80000.0,19.26,680.0,0.0,12.0,20359.0,0
24800.0,21.48,4,70000.0,14.17,680.0,0.0,13.0,20631.0,0
35000.0,18.49,3,170000.0,16.04,670.0,1.0,14.0,41435.0,1
28000.0,11.99,2,75000.0,11.36,660.0,4.0,14.0,8037.0,0
21500.0,18.99,4,65000.0,30.26,670.0,0.0,18.0,8619.0,0
10000.0,12.88,2,160000.0,11.44,675.0,0.0,13.0,30611.0,0
10400.0,7.91,0,35620.0,21.46,700.0,0.0,5.0,19133.0,0
2800.0,16.59,3,29000.0,30.92,665.0,0.0,7.0,5627.0,0
24000.0,12.88,2,70000.0,22.69,660.0,0.0,8.0,16957.0,1
28000.0,15.77,3,95000.0,8.59,705.0,0.0,7.0,26548.0,0
5000.0,7.91,0,300000.0,8.69,685.0,0.0,20.0,13506.0,0
10000.0,8.49,1,50000.0,21.75,675.0,0.0,9.0,15293.0,0
32000.0,23.13,5,104800.0,14.92,710.0,0.0,8.0,17685.0,0
10000.0,9.8,1,78000.0,12.28,685.0,0.0,7.0,9362.0,0
18625.0,13.44,2,44400.0,7.78,680.0,1.0,5.0,7620.0,1
6000.0,7.49,0,110000.0,18.8,710.0,0.0,14.0,30326.0,0
15000.0,10.78,1,48000.0,33.6,705.0,0.0,10.0,16143.0,0
5000.0,10.78,1,36000.0,24.03,745.0,0.0,12.0,7797.0,0
15000.0,6.0,3,125000.0,23.15,695.0,0.0,7.0,29530.0,0
15000.0,15.77,3,80350.0,26.88,710.0,0.0,23.0,6033.0,0
35000.0,10.78,1,118000.0,20.47,720.0,0.0,13.0,64842.0,0
15000.0,9.17,1,90509.0,6.27,710.0,0.0,16.0,15751.0,0
3000.0,10.78,1,48650.0,10.11,675.0,0.0,12.0,3158.0,0
18000.0,11.99,2,150000.0,17.39,670.0,0.0,12.0,11642.0,0
5000.0,12.88,2,59000.0,3.82,660.0,0.0,13.0,5159.0,0
10000.0,6.99,0,80000.0,11.28,745.0,0.0,13.0,7985.0,0
20000.0,13.99,2,65000.0,14.31,675.0,0.0,7.0,13222.0,0
8000.0,7.91,0,110000.0,22.32,725.0,0.0,13.0,5692.0,0
6000.0,15.77,3,26000.0,24.52,660.0,0.0,9.0,2545.0,0
8000.0,5.32,0,113000.0,10.44,730.0,0.0,16.0,19500.0,0
9000.0,11.99,2,41000.0,34.95,715.0,0.0,16.0,10849.0,0
35000.0,7.49,0,210000.0,21.9,705.0,0.0,20.0,126295.0,0
21000.0,19.48,4,79500.0,16.91,695.0,0.0,8.0,23975.0,0
6400.0,14.85,2,45000.0,18.53,755.0,0.0,8.0,2283.0,0
12000.0,11.48,1,36000.0,23.26,705.0,0.0,12.0,5818.0,0
15000.0,11.48,1,60000.0,24.32,690.0,1.0,8.0,62210.0,0
22000.0,6.99,0,75000.0,22.79,725.0,0.0,7.0,20357.0,0
30000.0,8.49,1,160300.0,28.48,705.0,0.0,24.0,70677.0,0
18000.0,5.32,0,415000.0,8.59,770.0,0.0,11.0,51361.0,0
5500.0,11.99,2,135000.0,20.06,660.0,0.0,33.0,54925.0,1
10000.0,9.17,1,40000.0,15.12,695.0,0.0,9.0,14687.0,0
10000.0,13.99,2,35000.0,29.01,660.0,0.0,7.0,3675.0,1
31500.0,10.78,1,145000.0,29.82,720.0,2.0,13.0,40473.0,0
20000.0,9.17,1,57500.0,12.06,695.0,0.0,2.0,23021.0,0
3600.0,14.85,2,41200.0,34.66,665.0,0.0,26.0,9195.0,0
25000.0,6.49,0,52000.0,27.03,725.0,0.0,19.0,24346.0,0
24000.0,9.17,1,85000.0,11.66,770.0,0.0,10.0,247006.0,0
22950.0,17.97,3,115000.0,10.66,690.0,0.0,22.0,15176.0,0
35000.0,12.88,2,145000.0,13.25,670.0,0.0,11.0,18334.0,0
3600.0,7.91,0,51000.0,12.92,690.0,0.0,9.0,6866.0,0
18000.0,9.8,1,45000.0,21.39,730.0,0.0,14.0,4667.0,0
15000.0,17.27,3,55000.0,33.86,665.0,0.0,12.0,23790.0,0
28000.0,15.77,3,90000.0,11.12,665.0,0.0,22.0,50831.0,0
3850.0,21.48,4,88000.0,6.23,715.0,1.0,8.0,23.0,1
35000.0,14.85,2,110000.0,4.64,700.0,0.0,8.0,36515.0,0
9000.0,9.17,1,62000.0,19.32,660.0,0.0,14.0,14709.0,0
35000.0,14.85,2,100000.0,26.47,740.0,0.0,21.0,101340.0,0
7000.0,8.49,1,41700.0,18.33,670.0,0.0,10.0,6994.0,0
4500.0,13.99,2,140000.0,9.65,680.0,2.0,6.0,3010.0,0
8000.0,11.48,1,125000.0,9.37,665.0,0.0,17.0,26411.0,0
20550.0,18.49,3,70000.0,27.88,690.0,0.0,9.0,7700.0,0
9000.0,5.32,0,100000.0,18.16,730.0,0.0,15.0,8274.0,0
35000.0,16.59,3,80000.0,17.39,685.0,1.0,19.0,36233.0,0
18000.0,9.17,1,127000.0,18.68,805.0,0.0,9.0,4900.0,0
35000.0,7.49,0,135000.0,18.15,690.0,2.0,11.0,9394.0,1
24000.0,5.32,0,120000.0,23.2,705.0,0.0,29.0,31551.0,0
7000.0,10.78,1,55000.0,23.19,710.0,0.0,10.0,7636.0,0
4000.0,11.48,1,54704.0,27.34,705.0,2.0,11.0,8966.0,0
7775.0,6.49,0,40000.0,13.41,750.0,0.0,6.0,5361.0,0
10000.0,14.85,2,45000.0,31.04,660.0,0.0,13.0,7882.0,0
13350.0,12.88,2,37500.0,12.74,675.0,0.0,8.0,6982.0,1
17500.0,19.48,4,35000.0,35.12,665.0,0.0,17.0,9937.0,1
9600.0,9.17,1,31000.0,18.97,660.0,1.0,10.0,6560.0,1
10000.0,10.78,1,120000.0,14.61,665.0,0.0,10.0,41324.0,0
5575.0,15.77,3,24000.0,32.9,660.0,0.0,17.0,8443.0,0
7100.0,13.44,2,82000.0,22.04,665.0,0.0,15.0,5838.0,0
9000.0,8.49,1,90000.0,8.2,675.0,0.0,17.0,8076.0,0
7000.0,8.49,1,50000.0,25.18,665.0,0.0,9.0,9366.0,0
10850.0,18.49,3,47000.0,0.0,795.0,0.0,2.0,0.0,0
25000.0,17.97,3,55000.0,26.64,720.0,0.0,15.0,10351.0,0
20000.0,6.49,0,65000.0,14.18,730.0,0.0,14.0,32451.0,0
12000.0,10.78,1,30000.0,14.4,710.0,0.0,3.0,7614.0,0
10000.0,11.48,1,35000.0,25.89,670.0,0.0,7.0,7264.0,0
28000.0,17.27,3,80000.0,37.32,665.0,0.0,19.0,14616.0,1
5000.0,6.49,0,38000.0,16.36,765.0,0.0,5.0,4236.0,0
12000.0,8.49,1,100000.0,11.76,675.0,1.0,12.0,24114.0,0
4000.0,7.91,0,41027.0,24.98,685.0,1.0,17.0,8361.0,1
28000.0,7.91,0,150000.0,11.51,700.0,1.0,10.0,37521.0,0
15000.0,18.49,3,64000.0,33.13,700.0,0.0,14.0,13220.0,1
10000.0,9.17,1,52000.0,22.92,705.0,0.0,7.0,7088.0,0
3000.0,12.88,2,40000.0,8.16,745.0,0.0,11.0,2120.0,0
17000.0,11.48,1,70000.0,17.21,705.0,0.0,10.0,27526.0,0
5200.0,9.17,1,51000.0,20.21,695.0,1.0,7.0,1803.0,0
5400.0,6.49,0,50000.0,5.74,725.0,0.0,8.0,6790.0,0
8000.0,11.48,1,42000.0,17.23,680.0,0.0,7.0,14847.0,0
10800.0,17.27,3,45000.0,35.84,700.0,0.0,23.0,16265.0,0
8000.0,7.91,0,86000.0,14.5,680.0,1.0,8.0,10602.0,0
4800.0,9.17,1,133760.0,25.16,670.0,1.0,8.0,28902.0,0
7200.0,7.91,0,36000.0,12.62,665.0,0.0,8.0,7138.0,0
2500.0,8.49,1,38000.0,28.11,705.0,0.0,10.0,3093.0,0
15000.0,9.17,1,65000.0,13.7,660.0,1.0,4.0,14842.0,0
9000.0,13.44,2,29600.0,26.97,660.0,0.0,13.0,7496.0,0
15000.0,6.49,0,90000.0,14.24,810.0,0.0,13.0,1241.0,0
14425.0,17.97,3,59304.0,12.93,660.0,2.0,6.0,3785.0,1
6400.0,11.48,1,29000.0,21.56,705.0,0.0,8.0,2611.0,0
8000.0,10.78,1,30000.0,26.71,660.0,0.0,9.0,1314.0,0
12000.0,14.85,2,80000.0,31.37,665.0,0.0,15.0,41268.0,0
14075.0,13.99,2,32000.0,18.23,675.0,0.0,10.0,18582.0,0
12000.0,6.99,0,76000.0,4.26,705.0,0.0,9.0,14327.0,0
30000.0,7.49,0,160630.0,19.87,735.0,0.0,11.0,47323.0,0
14000.0,11.99,2,90000.0,24.15,685.0,1.0,9.0,3887.0,0
26575.0,10.78,1,80900.0,31.55,730.0,0.0,10.0,15681.0,1
30000.0,10.78,1,89775.0,21.44,660.0,3.0,22.0,51919.0,0
28000.0,15.77,3,105000.0,31.83,710.0,0.0,20.0,22360.0,1
30000.0,12.88,2,77045.0,21.73,705.0,0.0,10.0,28867.0,1
18000.0,13.99,2,80000.0,13.46,700.0,1.0,12.0,4900.0,0
28000.0,6.99,0,135000.0,34.81,750.0,0.0,14.0,126384.0,0
2000.0,10.78,1,76000.0,18.84,680.0,0.0,17.0,8536.0,0
19500.0,9.8,1,90000.0,10.17,740.0,0.0,10.0,10269.0,1
11875.0,15.77,3,43000.0,26.96,695.0,0.0,8.0,4076.0,1
25000.0,7.49,0,99413.0,19.17,710.0,0.0,6.0,20048.0,0
8000.0,11.48,1,50000.0,34.14,690.0,0.0,16.0,19579.0,0
5000.0,9.17,1,39000.0,14.66,700.0,2.0,8.0,13307.0,0
25000.0,6.99,0,90000.0,17.03,705.0,3.0,11.0,23584.0,0
8000.0,13.99,2,38000.0,31.81,660.0,0.0,11.0,13294.0,0
17000.0,8.49,1,90000.0,12.2,675.0,1.0,10.0,18772.0,0
5000.0,7.91,0,50000.0,25.85,745.0,0.0,7.0,13096.0,0
8000.0,8.49,1,105000.0,19.71,665.0,2.0,14.0,13490.0,0
9000.0,6.99,0,75000.0,19.7,735.0,0.0,13.0,9429.0,0
4800.0,13.44,2,70000.0,20.77,670.0,0.0,11.0,16596.0,0
16550.0,19.48,4,46000.0,21.84,720.0,0.0,7.0,4405.0,1
10000.0,11.99,2,50000.0,15.55,685.0,0.0,7.0,6116.0,1
3200.0,12.88,2,12000.0,13.6,665.0,0.0,8.0,3200.0,0
21825.0,7.91,0,80000.0,29.35,775.0,0.0,40.0,28001.0,0
28000.0,5.32,0,265000.0,9.49,720.0,0.0,19.0,12907.0,0
11000.0,5.32,0,50000.0,16.32,690.0,0.0,7.0,12911.0,0
7850.0,17.27,3,52625.0,7.18,675.0,0.0,8.0,6814.0,0
7075.0,17.97,3,20000.0,10.73,725.0,0.0,8.0,5241.0,0
8000.0,10.78,1,54000.0,28.1,705.0,0.0,20.0,8104.0,0
28500.0,17.97,3,75000.0,27.11,705.0,0.0,17.0,77840.0,0
13000.0,5.32,0,76000.0,7.47,755.0,0.0,16.0,12612.0,0
3600.0,15.77,3,106000.0,12.94,700.0,1.0,7.0,2882.0,0
10000.0,10.78,1,136000.0,12.94,690.0,0.0,9.0,35708.0,0
8600.0,9.17,1,42190.0,28.76,695.0,1.0,8.0,4187.0,1
13000.0,8.49,1,70000.0,21.21,675.0,2.0,21.0,32445.0,0
5000.0,11.99,2,35000.0,27.9,670.0,0.0,8.0,1756.0,0
28100.0,17.27,3,160000.0,14.97,690.0,0.0,12.0,17533.0,0
25000.0,6.49,0,80000.0,17.11,705.0,0.0,8.0,29315.0,0
25000.0,15.77,3,143200.0,31.8,710.0,0.0,14.0,46026.0,1
15000.0,12.88,2,46000.0,29.79,680.0,2.0,12.0,6852.0,0
19350.0,17.27,3,75000.0,33.54,675.0,1.0,24.0,35015.0,0
10000.0,25.09,5,110000.0,11.83,660.0,1.0,20.0,9415.0,0
24000.0,21.48,4,57774.0,24.05,695.0,0.0,10.0,23290.0,1
5000.0,9.17,1,24000.0,14.75,725.0,0.0,8.0,4136.0,0
24000.0,7.91,0,95000.0,9.8,695.0,0.0,8.0,30951.0,0
9500.0,7.49,0,49000.0,12.69,715.0,0.0,9.0,59899.0,0
7500.0,6.49,0,75000.0,17.31,680.0,0.0,12.0,4022.0,0
14000.0,13.99,2,36000.0,33.47,670.0,0.0,7.0,5057.0,0
18000.0,14.85,2,49535.0,26.01,685.0,0.0,8.0,19581.0,0
12000.0,11.48,1,125000.0,13.82,685.0,0.0,24.0,32639.0,0
5000.0,10.78,1,50246.0,11.7,730.0,0.0,13.0,9968.0,0
16000.0,14.85,2,77000.0,14.84,670.0,0.0,25.0,17200.0,0
13600.0,15.77,3,40000.0,13.92,775.0,0.0,18.0,11071.0,1
12000.0,12.88,2,72000.0,8.72,665.0,0.0,6.0,5210.0,0
9000.0,7.91,0,79300.0,11.24,695.0,1.0,7.0,19798.0,0
13000.0,5.32,0,76000.0,7.83,735.0,0.0,14.0,11136.0,0
10000.0,11.48,1,150000.0,15.83,670.0,1.0,19.0,24816.0,0
16275.0,17.97,3,36180.0,35.19,695.0,1.0,7.0,5752.0,1
10650.0,15.77,3,33000.0,31.89,690.0,0.0,7.0,9538.0,0
15000.0,9.8,1,58000.0,29.84,670.0,0.0,15.0,24378.0,1
15000.0,11.48,1,55000.0,18.82,675.0,0.0,8.0,12503.0,0
16000.0,17.27,3,48305.0,23.33,690.0,0.0,4.0,197.0,0
35000.0,17.27,3,120000.0,25.62,675.0,0.0,20.0,27501.0,0
12000.0,11.48,1,102000.0,13.56,710.0,0.0,17.0,8607.0,0
23250.0,17.97,3,70000.0,19.51,665.0,0.0,11.0,22023.0,0
5000.0,8.49,1,43000.0,17.25,670.0,0.0,13.0,5791.0,0
11450.0,13.44,2,100000.0,12.35,720.0,0.0,16.0,19928.0,0
15000.0,9.8,1,68000.0,31.61,690.0,0.0,17.0,13841.0,0
6600.0,19.48,4,22000.0,17.46,700.0,0.0,8.0,6711.0,0
10000.0,8.49,1,59600.0,3.34,665.0,1.0,5.0,3061.0,0
12000.0,8.49,1,70000.0,26.51,670.0,0.0,17.0,24873.0,1
5250.0,15.77,3,66000.0,17.71,675.0,2.0,6.0,13447.0,0
12000.0,11.99,2,104000.0,11.33,670.0,1.0,9.0,8515.0,0
16000.0,7.91,0,58000.0,10.83,795.0,0.0,16.0,6240.0,0
3775.0,11.48,1,62000.0,8.75,690.0,0.0,11.0,3491.0,0
20000.0,7.49,0,80000.0,15.95,690.0,1.0,13.0,16899.0,0
15000.0,11.99,2,80000.0,15.3,735.0,0.0,9.0,10261.0,0
30000.0,12.88,2,190617.0,25.57,675.0,0.0,12.0,43195.0,1
15000.0,14.85,2,48000.0,7.03,665.0,0.0,7.0,11247.0,1
35000.0,12.88,2,95000.0,7.19,700.0,0.0,14.0,13576.0,0
14400.0,14.85,2,62000.0,12.5,675.0,0.0,14.0,6939.0,0
16000.0,19.48,4,105000.0,7.62,660.0,1.0,4.0,4973.0,1
11775.0,6.49,0,62000.0,20.05,710.0,1.0,14.0,23213.0,0
6000.0,10.78,1,44000.0,26.76,700.0,0.0,13.0,14142.0,0
5000.0,7.91,0,55000.0,19.99,720.0,0.0,8.0,18003.0,0
20000.0,8.49,1,70000.0,25.15,680.0,0.0,26.0,25719.0,0
16000.0,9.17,1,67885.33,15.41,690.0,2.0,8.0,13518.0,0
16000.0,8.49,1,60000.0,21.72,690.0,0.0,12.0,19627.0,0
8000.0,13.99,2,180000.0,4.74,660.0,0.0,8.0,8561.0,0
14000.0,5.32,0,87000.0,15.74,755.0,0.0,8.0,13830.0,0
5600.0,11.99,2,160000.0,19.7,660.0,1.0,13.0,11927.0,0
2700.0,11.48,1,35000.0,34.45,675.0,0.0,21.0,16344.0,0
16000.0,11.99,2,75000.0,22.86,695.0,0.0,12.0,13204.0,0
1000.0,12.88,2,65000.0,10.52,670.0,0.0,8.0,3924.0,0
8000.0,12.88,2,55000.0,9.03,715.0,0.0,5.0,24339.0,0
10000.0,11.48,1,75000.0,25.06,660.0,0.0,18.0,14210.0,0
5000.0,19.48,4,24000.0,13.2,670.0,0.0,6.0,4619.0,1
17500.0,18.49,3,78250.0,24.17,695.0,0.0,19.0,12399.0,1
6950.0,13.99,2,24199.8,15.38,665.0,0.0,8.0,6280.0,0
3000.0,15.77,3,77500.0,25.74,680.0,0.0,8.0,8724.0,0
12000.0,11.48,1,77000.0,25.25,665.0,1.0,12.0,11161.0,0
11200.0,19.48,4,40000.0,25.98,670.0,1.0,15.0,7366.0,0
10000.0,9.17,1,38000.0,13.9,675.0,0.0,13.0,12012.0,0
7200.0,11.48,1,60000.0,26.64,670.0,0.0,16.0,4177.0,1
26500.0,13.44,2,53000.0,25.84,705.0,0.0,13.0,24060.0,0
7325.0,16.59,3,45000.0,36.16,690.0,1.0,10.0,4262.0,0
21000.0,18.49,3,65000.0,7.05,660.0,2.0,9.0,11024.0,0
12500.0,5.32,0,150000.0,14.38,740.0,0.0,17.0,138292.0,0
8000.0,7.49,0,80000.0,3.23,735.0,0.0,4.0,11740.0,0
13000.0,11.99,2,50000.0,31.73,665.0,0.0,13.0,79161.0,0
24000.0,7.91,0,68000.0,26.88,710.0,0.0,19.0,78261.0,0
20000.0,6.49,0,145000.0,7.37,740.0,1.0,23.0,17849.0,0
2800.0,9.17,1,52000.0,3.76,710.0,7.0,11.0,5947.0,0
12000.0,11.99,2,48000.0,19.45,660.0,0.0,5.0,5215.0,0
25000.0,12.88,2,100000.0,10.5,665.0,0.0,9.0,23705.0,0
4200.0,9.17,1,42000.0,8.85,665.0,0.0,7.0,4363.0,0
24000.0,10.78,1,150000.0,14.91,660.0,0.0,18.0,43241.0,1
20000.0,5.32,0,140000.0,16.65,775.0,0.0,10.0,16947.0,0
7200.0,7.91,0,75000.0,27.33,685.0,1.0,11.0,3630.0,1
9000.0,11.99,2,76000.0,21.51,715.0,1.0,8.0,15779.0,0
23700.0,13.44,2,64000.0,32.98,720.0,0.0,12.0,12113.0,1
7500.0,6.49,0,52513.0,17.05,715.0,0.0,13.0,7127.0,0
6400.0,9.8,1,120000.0,24.64,695.0,0.0,23.0,38270.0,0
2000.0,6.49,0,98000.0,23.11,705.0,0.0,7.0,14742.0,0
20000.0,22.45,5,40000.0,19.32,680.0,0.0,10.0,7241.0,0
6000.0,7.91,0,66150.0,15.3,680.0,0.0,13.0,679.0,0
11000.0,10.78,1,55000.0,16.3,685.0,0.0,9.0,9286.0,0
10000.0,13.44,2,61000.0,15.44,670.0,1.0,10.0,6228.0,0
29650.0,19.89,4,71000.0,29.51,675.0,0.0,15.0,19809.0,0
3300.0,10.78,1,32000.0,10.77,660.0,5.0,5.0,3059.0,0
10000.0,9.8,1,95000.0,7.33,670.0,0.0,14.0,1075.0,0
8000.0,10.78,1,35500.0,6.05,665.0,0.0,11.0,5608.0,0
19200.0,11.48,1,125000.0,18.33,695.0,3.0,21.0,15672.0,0
8000.0,11.48,1,80000.0,13.95,690.0,0.0,7.0,8759.0,0
4500.0,16.59,3,62275.0,3.17,715.0,0.0,7.0,4702.0,0
13500.0,6.49,0,105000.0,13.27,775.0,0.0,6.0,5269.0,0
5000.0,6.99,0,106000.0,16.96,690.0,0.0,13.0,22689.0,0
12000.0,7.49,0,96000.0,10.9,730.0,0.0,14.0,13631.0,0
28000.0,5.32,0,107000.0,24.41,690.0,2.0,24.0,33744.0,0
5000.0,12.88,2,55000.0,13.2,670.0,0.0,12.0,3173.0,0
10000.0,13.99,2,107000.0,16.85,665.0,0.0,6.0,5066.0,0
4000.0,13.44,2,45000.0,14.43,675.0,0.0,10.0,4485.0,0
20800.0,7.91,0,101000.0,8.5,665.0,0.0,6.0,11840.0,0
5500.0,9.17,1,32000.0,12.68,735.0,0.0,6.0,3437.0,0
12000.0,9.17,1,39500.0,18.54,705.0,0.0,10.0,12453.0,0
14500.0,18.49,3,42772.0,29.41,740.0,0.0,16.0,5360.0,0
11725.0,18.49,3,58000.0,19.99,670.0,0.0,21.0,2787.0,0
11375.0,15.77,3,45600.0,13.58,660.0,0.0,12.0,5217.0,0
23275.0,16.59,3,54000.0,31.11,710.0,0.0,13.0,29545.0,1
20150.0,22.45,5,56000.0,26.03,700.0,1.0,8.0,35392.0,0
20000.0,9.17,1,125000.0,21.53,660.0,1.0,16.0,22392.0,0
2400.0,11.48,1,61000.0,11.73,660.0,0.0,5.0,1464.0,0
10000.0,7.91,0,55000.0,21.14,715.0,0.0,18.0,3971.0,0
15000.0,7.91,0,31000.0,20.05,710.0,0.0,7.0,14705.0,0
21000.0,17.97,3,50000.0,30.58,660.0,0.0,24.0,36246.0,1
18500.0,13.99,2,76000.0,21.63,680.0,0.0,9.0,11191.0,0
5000.0,10.78,1,90000.0,7.04,700.0,0.0,5.0,14631.0,0
11200.0,13.99,2,120000.0,6.54,685.0,0.0,21.0,6696.0,0
10000.0,7.91,0,125000.0,17.89,745.0,0.0,7.0,5338.0,0
5000.0,10.78,1,40000.0,20.97,670.0,1.0,5.0,2739.0,1
20000.0,9.17,1,95000.0,19.37,710.0,0.0,16.0,11439.0,0
9600.0,11.99,2,29000.0,10.16,660.0,2.0,9.0,5682.0,0
10100.0,11.48,1,96000.0,13.64,665.0,3.0,12.0,10641.0,0
2000.0,13.44,2,55000.0,23.43,700.0,1.0,6.0,19968.0,0
24000.0,7.49,0,111000.0,16.42,740.0,0.0,19.0,31034.0,0
35000.0,17.97,3,140000.0,21.45,750.0,0.0,17.0,74098.0,1
5000.0,5.32,0,70000.0,6.62,815.0,0.0,7.0,1325.0,0
23500.0,10.78,1,61850.0,3.18,670.0,0.0,5.0,11420.0,1
30000.0,15.77,3,110000.0,22.73,680.0,2.0,15.0,18388.0,1
28000.0,10.78,1,120000.0,32.58,695.0,0.0,14.0,69878.0,0
28000.0,13.44,2,120000.0,12.25,660.0,0.0,4.0,15892.0,0
8000.0,6.49,0,112000.0,14.52,755.0,0.0,19.0,7002.0,0
28000.0,12.88,2,80000.0,14.58,685.0,0.0,12.0,21447.0,0
3000.0,9.17,1,85000.0,12.42,785.0,0.0,5.0,0.0,0
5400.0,6.49,0,90000.0,29.69,690.0,0.0,8.0,2940.0,0
15000.0,12.88,2,109000.0,12.34,700.0,1.0,19.0,6079.0,0
16400.0,21.48,4,56157.0,27.53,680.0,0.0,13.0,12661.0,0
20800.0,13.99,2,55000.0,21.21,665.0,4.0,21.0,70471.0,0
10000.0,13.99,2,52000.0,29.31,690.0,0.0,15.0,9747.0,0
20000.0,8.49,1,85000.0,24.89,665.0,0.0,9.0,12215.0,1
15000.0,14.85,2,50000.0,1.61,710.0,0.0,4.0,25093.0,0
6800.0,8.49,1,40000.0,13.32,685.0,1.0,9.0,3665.0,0
8400.0,12.88,2,44000.0,1.45,760.0,0.0,3.0,1780.0,0
4500.0,9.8,1,24000.0,4.85,740.0,0.0,4.0,3436.0,0
4000.0,11.48,1,56000.0,12.82,680.0,0.0,11.0,3883.0,0
25000.0,12.88,2,207000.0,5.43,685.0,1.0,10.0,1671.0,0
6000.0,12.88,2,48000.0,10.47,730.0,3.0,13.0,4985.0,1
30000.0,9.17,1,120000.0,18.53,680.0,0.0,14.0,9172.0,0
5000.0,8.49,1,38000.0,30.57,680.0,1.0,12.0,1516.0,0
12000.0,17.97,3,40000.0,1.89,680.0,0.0,3.0,818.0,0
7200.0,11.48,1,69460.0,22.98,665.0,1.0,8.0,12474.0,0
20000.0,20.5,4,55000.0,28.89,670.0,0.0,10.0,11905.0,0
3000.0,17.27,3,40800.0,28.53,660.0,0.0,7.0,4636.0,1
16000.0,18.99,4,85000.0,10.12,715.0,0.0,9.0,6647.0,0
10000.0,16.59,3,28000.0,31.8,665.0,0.0,15.0,8140.0,1
9000.0,13.99,2,28000.0,24.52,660.0,0.0,8.0,5749.0,0
11950.0,13.99,2,75000.0,4.33,665.0,1.0,12.0,8661.0,1
18000.0,11.99,2,88000.0,27.34,680.0,0.0,14.0,22760.0,1
16800.0,8.49,1,58000.0,24.56,725.0,0.0,11.0,3229.0,0
35000.0,18.99,4,90000.0,3.04,705.0,0.0,3.0,9294.0,0
6125.0,5.32,0,30000.0,16.6,725.0,0.0,13.0,6128.0,1
11400.0,11.48,1,50000.0,23.64,685.0,0.0,10.0,8723.0,0
20000.0,7.91,0,60000.0,14.56,690.0,0.0,14.0,9867.0,0
2000.0,12.88,2,36000.0,29.46,675.0,1.0,4.0,0.0,1
15000.0,9.8,1,49282.0,25.06,695.0,0.0,32.0,11838.0,1
22400.0,10.78,1,68557.0,18.07,695.0,2.0,11.0,69178.0,0
24000.0,13.99,2,129000.0,14.3,690.0,0.0,8.0,39947.0,1
29500.0,13.44,2,59000.0,20.08,660.0,0.0,6.0,43279.0,0
31000.0,18.49,3,70000.0,24.11,660.0,0.0,7.0,29655.0,0
5000.0,18.99,4,48000.0,29.18,675.0,0.0,6.0,100905.0,0
11200.0,11.48,1,80000.0,26.78,665.0,0.0,6.0,2518.0,0
16000.0,11.48,1,62000.0,30.62,690.0,0.0,9.0,27844.0,1
7000.0,9.17,1,75000.0,6.64,675.0,0.0,9.0,10427.0,0
7400.0,17.97,3,88000.0,28.41,675.0,0.0,7.0,5501.0,0
2000.0,8.49,1,45000.0,15.17,715.0,0.0,16.0,23980.0,0
12300.0,9.8,1,125000.0,0.81,800.0,0.0,11.0,2642.0,0
8500.0,9.8,1,98000.0,5.4,705.0,0.0,10.0,14251.0,0
7300.0,6.99,0,105000.0,18.29,685.0,0.0,12.0,4582.0,0
10075.0,13.44,2,30000.0,18.88,665.0,0.0,6.0,3230.0,1
9600.0,9.8,1,61000.0,23.35,720.0,1.0,15.0,9960.0,0
24000.0,18.99,4,75000.0,34.77,665.0,1.0,10.0,20520.0,0
5875.0,19.89,4,54000.0,16.78,665.0,0.0,7.0,4038.0,0
13975.0,19.48,4,62000.0,17.56,665.0,0.0,6.0,6692.0,1
14575.0,9.8,1,65000.0,27.53,735.0,0.0,12.0,7009.0,0
16225.0,23.13,5,63000.0,28.53,680.0,0.0,10.0,6949.0,0
10000.0,10.78,1,48000.0,22.43,685.0,0.0,12.0,16441.0,0
7450.0,18.99,4,58000.0,17.26,660.0,2.0,5.0,129.0,1
17000.0,9.17,1,78000.0,12.58,745.0,0.0,8.0,15461.0,0
15000.0,13.44,2,51480.0,18.28,660.0,0.0,11.0,17458.0,1
20000.0,9.17,1,86000.0,24.87,720.0,0.0,18.0,38892.0,0
5000.0,9.8,1,102000.0,21.3,680.0,0.0,13.0,29073.0,0
20000.0,6.99,0,145000.0,9.89,680.0,0.0,9.0,14721.0,0
5000.0,11.48,1,55000.0,11.61,675.0,0.0,8.0,3337.0,0
8000.0,9.17,1,52936.0,16.62,720.0,0.0,13.0,2301.0,1
12000.0,11.48,1,56000.0,11.23,660.0,0.0,16.0,10139.0,0
18000.0,8.49,1,72000.0,14.5,720.0,0.0,18.0,2252.0,0
35000.0,13.44,2,177000.0,21.43,665.0,3.0,13.0,26078.0,1
12000.0,10.78,1,63000.0,13.27,720.0,0.0,9.0,15976.0,1
15000.0,13.99,2,145000.0,28.43,675.0,1.0,17.0,17201.0,0
6000.0,9.8,1,25000.0,25.25,670.0,0.0,14.0,6508.0,0
12000.0,13.44,2,42600.0,3.38,685.0,0.0,5.0,4099.0,1
10000.0,9.8,1,82000.0,17.44,675.0,0.0,12.0,6923.0,0
11175.0,9.17,1,142654.66,9.3,660.0,4.0,9.0,18200.0,0
6400.0,8.49,1,115000.0,5.1,675.0,0.0,6.0,10168.0,0
35000.0,21.48,4,650000.0,7.13,760.0,0.0,17.0,84230.0,0
27000.0,19.48,4,60000.0,25.12,660.0,0.0,15.0,32723.0,0
6000.0,11.48,1,48000.0,7.73,690.0,0.0,6.0,4385.0,0
7500.0,6.99,0,51000.0,18.8,730.0,0.0,14.0,7194.0,0
30000.0,23.13,5,87000.0,15.92,660.0,0.0,12.0,16146.0,0
16000.0,7.91,0,300000.0,13.98,715.0,0.0,16.0,22575.0,0
9600.0,12.88,2,89000.0,24.31,680.0,0.0,16.0,26992.0,1
24000.0,14.85,2,70000.0,37.97,735.0,0.0,22.0,25045.0,1
15000.0,17.27,3,65000.0,18.24,660.0,0.0,13.0,7004.0,0
8000.0,11.99,2,57000.0,16.76,665.0,0.0,9.0,12875.0,0
34000.0,15.77,3,118000.0,16.49,695.0,0.0,15.0,37546.0,0
20000.0,20.5,4,67500.0,24.78,690.0,0.0,11.0,7041.0,0
5000.0,10.78,1,50000.0,16.36,685.0,1.0,11.0,11409.0,0
8675.0,13.99,2,40166.0,27.22,675.0,0.0,14.0,31097.0,0
7000.0,6.99,0,65000.0,27.0,770.0,0.0,23.0,17680.0,0
15000.0,7.49,0,76000.0,9.33,700.0,0.0,7.0,17040.0,0
12000.0,12.88,2,178500.0,19.31,715.0,0.0,23.0,17784.0,0
20000.0,13.44,2,82500.0,15.49,695.0,0.0,10.0,7920.0,0
20000.0,6.99,0,80000.0,11.76,700.0,0.0,6.0,39505.0,0
4875.0,9.17,1,70000.0,26.01,780.0,0.0,16.0,8494.0,0
24000.0,11.99,2,130000.0,23.12,675.0,0.0,15.0,28532.0,0
35000.0,13.44,2,86000.0,18.2,710.0,0.0,17.0,40090.0,0
14250.0,15.77,3,31000.0,22.45,690.0,0.0,10.0,26577.0,0
30000.0,11.99,2,110000.0,22.97,695.0,0.0,16.0,25945.0,0
28800.0,11.99,2,105000.0,12.78,700.0,0.0,14.0,29590.0,0
6000.0,13.44,2,22652.0,36.3,670.0,0.0,9.0,4205.0,0
16000.0,11.99,2,98000.0,23.06,670.0,0.0,12.0,16640.0,0
4850.0,11.99,2,39000.0,18.37,670.0,0.0,6.0,12255.0,0
25000.0,11.48,1,60000.0,18.12,680.0,0.0,8.0,20960.0,0
13200.0,6.49,0,110000.0,8.49,680.0,0.0,9.0,6269.0,0
20000.0,17.97,3,70200.0,7.59,665.0,0.0,4.0,3981.0,1
25000.0,12.88,2,120000.0,16.57,725.0,0.0,10.0,19556.0,0
8000.0,8.49,1,42000.0,21.57,695.0,0.0,7.0,4701.0,0
10000.0,13.99,2,120000.0,21.24,675.0,0.0,14.0,18192.0,0
14075.0,11.99,2,32000.0,22.51,665.0,2.0,5.0,3088.0,0
6500.0,11.48,1,62000.0,29.27,665.0,1.0,11.0,8275.0,1
5000.0,9.8,1,28000.0,20.75,705.0,0.0,9.0,8692.0,0
15000.0,10.78,1,128000.0,13.75,680.0,0.0,9.0,6666.0,0
9150.0,17.27,3,26000.0,10.62,660.0,0.0,5.0,1654.0,0
6000.0,9.8,1,45000.0,15.2,760.0,0.0,14.0,4939.0,0
10000.0,7.91,0,105000.0,13.11,705.0,0.0,8.0,29077.0,1
3500.0,7.49,0,32000.0,29.95,730.0,0.0,9.0,3265.0,0
11000.0,6.49,0,75000.0,26.32,785.0,0.0,9.0,6146.0,0
5000.0,12.88,2,60000.0,13.34,670.0,0.0,7.0,630.0,0
6000.0,11.99,2,95000.0,20.37,660.0,0.0,10.0,6662.0,0
35000.0,8.49,1,150000.0,6.59,735.0,0.0,19.0,10801.0,0
6000.0,6.99,0,110000.0,11.71,735.0,0.0,10.0,10964.0,0
7500.0,8.49,1,60000.0,4.5,685.0,0.0,10.0,5522.0,0
18000.0,9.17,1,52000.0,25.36,740.0,0.0,13.0,6139.0,0
8700.0,9.17,1,110000.0,2.19,660.0,1.0,5.0,3344.0,0
10800.0,13.99,2,37000.0,32.18,675.0,0.0,15.0,5721.0,0
6000.0,10.78,1,50000.0,25.58,670.0,3.0,5.0,0.0,0
10000.0,11.99,2,75000.0,28.24,665.0,0.0,22.0,46185.0,0
6000.0,13.44,2,60000.0,5.02,670.0,0.0,10.0,7682.0,0
32450.0,17.97,3,87000.0,30.94,700.0,0.0,9.0,7335.0,1
17150.0,8.49,1,62675.0,27.5,670.0,0.0,12.0,13364.0,0
24000.0,6.99,0,265000.0,32.28,720.0,0.0,55.0,17204.0,0
24000.0,8.49,1,80000.0,11.8,665.0,0.0,25.0,34614.0,0
6000.0,9.8,1,59000.0,21.72,685.0,1.0,13.0,8606.0,1
14150.0,19.89,4,68000.0,26.9,665.0,2.0,11.0,3419.0,1
6000.0,11.99,2,33680.0,15.87,700.0,0.0,7.0,908.0,0
5750.0,15.77,3,65000.0,14.32,670.0,0.0,17.0,5099.0,0
11000.0,5.32,0,76000.0,9.35,705.0,0.0,7.0,11198.0,0
35000.0,14.85,2,89000.0,26.21,705.0,2.0,13.0,18797.0,0
17850.0,21.48,4,42500.0,30.25,670.0,0.0,11.0,10853.0,1
1000.0,11.99,2,53000.0,18.57,660.0,0.0,9.0,5488.0,0
5600.0,11.99,2,80000.0,16.41,660.0,2.0,11.0,5781.0,0
19500.0,16.59,3,58000.0,15.17,690.0,0.0,8.0,19931.0,0
8000.0,10.78,1,35000.0,8.2,700.0,0.0,4.0,5166.0,0
18800.0,13.99,2,47000.0,19.28,740.0,0.0,13.0,9277.0,0
10525.0,18.49,3,41104.0,38.42,670.0,4.0,21.0,18125.0,0
6700.0,9.8,1,18395.0,25.76,660.0,0.0,7.0,1899.0,0
6500.0,10.78,1,60000.0,18.52,665.0,0.0,11.0,8650.0,0
20000.0,7.49,0,125000.0,16.42,690.0,2.0,13.0,29772.0,0
16000.0,13.99,2,80000.0,11.57,695.0,0.0,7.0,15820.0,0
25000.0,17.97,3,55000.0,28.91,705.0,1.0,14.0,3469.0,1
15000.0,9.8,1,60000.0,27.53,725.0,0.0,17.0,14631.0,0
15000.0,11.99,2,60000.0,16.58,670.0,0.0,8.0,11273.0,0
17600.0,14.85,2,96000.0,16.45,675.0,0.0,18.0,12760.0,0
7675.0,12.88,2,37835.0,31.59,695.0,0.0,4.0,3614.0,0
4800.0,11.48,1,90000.0,20.51,680.0,0.0,13.0,20296.0,1
4000.0,9.17,1,38000.0,4.58,710.0,0.0,9.0,4251.0,0
12000.0,9.17,1,130000.0,6.38,745.0,1.0,4.0,6997.0,0
30000.0,13.44,2,115000.0,15.61,660.0,0.0,14.0,43287.0,0
20000.0,5.32,0,65000.0,10.97,730.0,2.0,23.0,2973.0,0
11000.0,11.99,2,113000.0,7.63,665.0,0.0,11.0,13817.0,0
22500.0,13.99,2,67000.0,16.28,685.0,1.0,7.0,6324.0,0
10000.0,8.49,1,42000.0,33.77,680.0,0.0,15.0,14819.0,0
1000.0,7.49,0,35360.0,24.95,725.0,0.0,7.0,9081.0,0
8000.0,13.44,2,55000.0,36.18,665.0,5.0,9.0,21011.0,0
5000.0,5.32,0,70000.0,9.53,725.0,0.0,8.0,11257.0,0
16800.0,22.45,5,50000.0,20.51,680.0,0.0,23.0,13281.0,0
16000.0,9.8,1,72000.0,21.45,675.0,0.0,17.0,19765.0,0
15500.0,13.99,2,75000.0,20.34,685.0,0.0,14.0,19747.0,0
10000.0,9.17,1,80000.0,31.17,680.0,0.0,9.0,253458.0,0
21000.0,21.48,4,150000.0,18.02,690.0,0.0,16.0,31667.0,1
10200.0,19.48,4,30000.0,17.76,715.0,0.0,6.0,4811.0,0
18000.0,13.99,2,105000.0,20.39,700.0,0.0,10.0,45629.0,0
28000.0,15.77,3,82000.0,31.77,695.0,0.0,8.0,40385.0,0
28000.0,6.99,0,95000.0,23.83,705.0,0.0,20.0,33836.0,0
17000.0,8.49,1,41000.0,24.74,670.0,1.0,9.0,5341.0,0
5000.0,6.49,0,23000.0,26.36,775.0,0.0,11.0,3780.0,0
16700.0,10.78,1,110000.0,19.25,700.0,1.0,19.0,13936.0,0
10000.0,11.99,2,50000.0,15.05,675.0,0.0,5.0,8799.0,0
10000.0,13.44,2,50403.0,16.95,695.0,0.0,7.0,6924.0,0
28000.0,5.32,0,205600.0,18.53,685.0,0.0,15.0,2087.0,0
10000.0,13.44,2,48000.0,29.93,675.0,0.0,22.0,23312.0,0
10000.0,5.32,0,73500.0,3.67,720.0,0.0,6.0,6845.0,0
20000.0,15.77,3,60000.0,13.24,675.0,0.0,20.0,18289.0,1
20000.0,20.5,4,90000.0,6.61,750.0,0.0,18.0,16711.0,0
11000.0,10.78,1,54000.0,29.64,660.0,0.0,9.0,12370.0,0
25000.0,21.48,4,98000.0,21.9,685.0,0.0,16.0,37377.0,1
21000.0,11.48,1,113000.0,14.44,710.0,1.0,18.0,67615.0,0
8000.0,11.48,1,40000.0,36.6,685.0,0.0,18.0,27176.0,0
30000.0,13.99,2,144000.0,15.14,660.0,0.0,9.0,4451.0,0
21275.0,14.85,2,89000.0,20.19,705.0,1.0,11.0,9533.0,0
12000.0,11.48,1,60000.0,16.44,705.0,1.0,13.0,16625.0,0
32000.0,12.88,2,108000.0,25.63,670.0,1.0,21.0,57607.0,0
15000.0,7.49,0,54700.0,38.24,755.0,1.0,14.0,9109.0,0
16000.0,8.49,1,65000.0,7.77,695.0,0.0,21.0,11798.0,0
11300.0,17.97,3,50250.0,32.41,675.0,0.0,11.0,26432.0,1
14075.0,17.97,3,120000.0,14.4,695.0,0.0,8.0,12271.0,0
12000.0,9.8,1,70000.0,13.46,705.0,1.0,9.0,7885.0,0
3225.0,24.24,5,65000.0,14.18,680.0,0.0,6.0,1793.0,1
6500.0,17.97,3,18100.0,34.58,665.0,0.0,18.0,7508.0,1
15000.0,11.48,1,85000.0,18.11,675.0,1.0,16.0,16387.0,0
15000.0,10.78,1,65000.0,22.58,695.0,0.0,18.0,16859.0,0
6000.0,11.48,1,45000.0,33.25,665.0,0.0,17.0,4355.0,0
17250.0,6.49,0,65000.0,6.54,700.0,0.0,9.0,17316.0,0
21000.0,14.85,2,75000.0,22.44,670.0,0.0,15.0,17439.0,1
3500.0,12.88,2,83200.0,1.3,660.0,4.0,7.0,1481.0,0
6000.0,9.17,1,45000.0,38.56,715.0,1.0,9.0,29002.0,0
4000.0,21.48,4,28000.0,11.66,700.0,0.0,13.0,3813.0,0
8000.0,11.48,1,38000.0,23.52,735.0,0.0,6.0,2999.0,0
26900.0,9.8,1,87300.0,27.57,705.0,1.0,16.0,6851.0,0
24000.0,8.49,1,101000.0,29.26,670.0,0.0,24.0,24745.0,0
12000.0,9.17,1,48000.0,16.25,670.0,0.0,11.0,8228.0,0
10500.0,13.99,2,88400.0,8.51,725.0,0.0,12.0,16481.0,0
10000.0,8.49,1,67000.0,13.63,705.0,0.0,8.0,15899.0,0
18000.0,8.49,1,96000.0,22.55,710.0,1.0,18.0,20507.0,0
11000.0,8.49,1,110000.0,11.88,725.0,0.0,10.0,17260.0,0
7000.0,7.91,0,53185.0,11.59,725.0,1.0,21.0,7310.0,0
25000.0,9.17,1,72000.0,9.28,690.0,0.0,10.0,24794.0,0
24000.0,5.32,0,250000.0,18.43,715.0,1.0,30.0,42325.0,0
3000.0,12.88,2,69922.0,38.86,685.0,9.0,21.0,3880.0,1
20000.0,5.32,0,77865.0,7.0,690.0,0.0,14.0,14357.0,0
15000.0,11.99,2,90823.0,19.98,740.0,0.0,7.0,10497.0,0
5000.0,11.48,1,11520.0,21.46,745.0,0.0,6.0,2322.0,0
1800.0,9.17,1,33000.0,23.2,665.0,0.0,8.0,3634.0,0
10000.0,7.91,0,62000.0,8.19,715.0,1.0,10.0,35564.0,0
10000.0,7.49,0,200000.0,10.68,750.0,1.0,15.0,48003.0,0
5000.0,11.99,2,63000.0,28.8,660.0,2.0,24.0,15097.0,0
12000.0,8.49,1,120000.0,17.99,670.0,2.0,10.0,5234.0,0
27000.0,11.99,2,85000.0,17.75,710.0,0.0,9.0,33105.0,1
20000.0,12.88,2,56000.0,22.4,690.0,0.0,6.0,6365.0,0
25200.0,13.99,2,66300.0,22.91,675.0,4.0,6.0,8000.0,0
17975.0,10.78,1,40000.0,20.61,715.0,0.0,19.0,18258.0,0
15000.0,13.44,2,62000.0,15.37,675.0,0.0,9.0,6538.0,0
16525.0,16.59,3,42000.0,33.66,690.0,0.0,21.0,2344.0,0
10000.0,13.44,2,130000.0,11.13,705.0,2.0,14.0,1818.0,0
30000.0,9.8,1,105000.0,16.85,675.0,1.0,9.0,28964.0,0
8000.0,10.78,1,53000.0,23.19,700.0,0.0,10.0,19213.0,0
35000.0,9.8,1,250000.0,10.97,685.0,1.0,14.0,142320.0,0
3000.0,9.17,1,50000.0,28.52,670.0,0.0,25.0,3054.0,0
10000.0,8.49,1,110000.0,5.09,665.0,10.0,14.0,3927.0,0
20000.0,13.44,2,110000.0,16.64,675.0,1.0,11.0,20369.0,0
14000.0,9.17,1,70000.0,31.1,735.0,0.0,12.0,15698.0,0
12000.0,11.99,2,70000.0,8.88,700.0,1.0,8.0,18992.0,0
15000.0,14.85,2,77500.0,22.87,670.0,0.0,20.0,20399.0,0
13200.0,24.24,5,44000.0,20.92,660.0,0.0,12.0,11275.0,1
20000.0,9.17,1,65500.0,23.47,740.0,0.0,21.0,11071.0,0
15000.0,10.78,1,72000.0,14.28,665.0,0.0,9.0,11680.0,0
24000.0,7.49,0,60000.0,16.84,780.0,0.0,10.0,9612.0,0
2400.0,19.89,4,52000.0,12.99,725.0,1.0,5.0,0.0,0
26575.0,24.24,5,150000.0,26.28,705.0,0.0,13.0,21135.0,0
17650.0,13.44,2,35300.0,24.7,685.0,2.0,12.0,10275.0,1
8000.0,10.78,1,65000.0,17.66,665.0,0.0,9.0,8231.0,0
10000.0,12.88,2,62000.0,22.18,680.0,0.0,18.0,14682.0,0
12300.0,22.45,5,43000.0,24.28,675.0,0.0,13.0,3896.0,1
7025.0,15.77,3,22500.0,17.71,700.0,0.0,12.0,4981.0,0
12050.0,14.85,2,85000.0,12.88,660.0,2.0,8.0,3154.0,1
8425.0,9.8,1,115000.0,2.78,715.0,0.0,4.0,8215.0,0
6000.0,9.8,1,75000.0,9.66,725.0,0.0,5.0,6847.0,0
17500.0,10.78,1,89000.0,24.61,695.0,0.0,24.0,18083.0,0
29125.0,7.49,0,145000.0,25.75,735.0,0.0,13.0,32521.0,0
15000.0,7.91,0,95000.0,23.04,725.0,0.0,10.0,25212.0,0
28000.0,24.24,5,76000.0,23.26,700.0,1.0,23.0,26329.0,0
30000.0,17.27,3,87500.0,21.01,680.0,0.0,16.0,26800.0,0
14400.0,11.48,1,46000.0,20.06,720.0,0.0,17.0,6018.0,0
2400.0,13.44,2,33000.0,32.47,665.0,0.0,8.0,7491.0,0
35000.0,7.91,0,75000.0,19.09,700.0,0.0,15.0,50344.0,0
20000.0,10.78,1,120000.0,30.81,660.0,0.0,21.0,38904.0,0
28000.0,21.48,4,103000.0,9.38,710.0,1.0,3.0,37043.0,0
15000.0,7.91,0,47520.0,12.77,800.0,0.0,18.0,7273.0,0
6150.0,17.27,3,14000.0,39.71,690.0,0.0,5.0,10424.0,1
35000.0,15.77,3,300000.0,7.53,665.0,0.0,23.0,44388.0,0
15000.0,10.78,1,176000.0,15.09,720.0,0.0,21.0,36460.0,0
35000.0,7.49,0,232000.0,13.44,725.0,0.0,10.0,33868.0,0
4000.0,18.99,4,56000.0,20.94,660.0,1.0,7.0,688.0,1
28800.0,8.49,1,60000.0,26.56,815.0,0.0,9.0,946.0,0
15000.0,7.91,0,78000.0,3.4,695.0,0.0,6.0,9849.0,0
20000.0,10.78,1,127000.0,17.54,690.0,1.0,22.0,25312.0,1
16000.0,14.85,2,50000.0,19.14,670.0,0.0,16.0,2084.0,0
7200.0,17.27,3,34800.0,20.72,670.0,0.0,7.0,5488.0,0
10000.0,17.97,3,65000.0,8.51,670.0,0.0,5.0,5373.0,0
13875.0,13.99,2,100000.0,4.01,725.0,0.0,8.0,11565.0,0
35000.0,21.48,4,150000.0,20.66,730.0,0.0,17.0,32009.0,0
31525.0,15.77,3,85000.0,14.65,750.0,0.0,11.0,21141.0,0
16725.0,21.48,4,58000.0,39.18,665.0,0.0,14.0,8936.0,1
18000.0,11.99,2,65000.0,18.11,660.0,0.0,11.0,8294.0,1
19000.0,7.91,0,100686.0,31.48,710.0,1.0,13.0,19235.0,0
5050.0,9.8,1,40000.0,4.65,740.0,0.0,2.0,7439.0,0
4900.0,11.48,1,31000.0,10.76,720.0,1.0,12.0,919.0,0
21000.0,5.32,0,225000.0,14.99,680.0,1.0,15.0,116937.0,0
15000.0,6.99,0,80000.0,6.96,725.0,0.0,7.0,26532.0,0
28000.0,19.48,4,87500.0,21.03,680.0,0.0,17.0,14163.0,1
6000.0,11.48,1,42000.0,26.99,715.0,0.0,7.0,13479.0,1
12000.0,5.32,0,50000.0,15.25,780.0,0.0,11.0,12456.0,0
13200.0,5.32,0,50000.0,27.89,690.0,0.0,11.0,13063.0,0
6500.0,5.32,0,55250.0,1.98,715.0,0.0,13.0,3257.0,0
5600.0,14.85,2,39240.0,23.33,730.0,0.0,6.0,5416.0,1
11900.0,13.44,2,65000.0,4.23,675.0,0.0,5.0,1800.0,0
19425.0,18.99,4,46280.0,10.19,720.0,0.0,5.0,6170.0,0
6000.0,11.99,2,40000.0,18.99,670.0,0.0,11.0,7571.0,1
24000.0,9.8,1,65000.0,29.12,710.0,0.0,19.0,15413.0,1
8000.0,14.85,2,65000.0,17.41,660.0,2.0,32.0,12580.0,1
12500.0,12.88,2,25000.0,23.09,670.0,0.0,15.0,14671.0,0
4800.0,9.17,1,78000.0,33.03,705.0,0.0,23.0,37696.0,0
15000.0,14.85,2,74000.0,22.71,690.0,1.0,13.0,14963.0,1
13000.0,13.99,2,48000.0,29.2,680.0,0.0,15.0,10497.0,1
9600.0,11.99,2,45000.0,37.81,675.0,0.0,15.0,11193.0,1
11200.0,12.88,2,52000.0,15.81,695.0,1.0,12.0,8743.0,0
8000.0,10.78,1,41255.0,26.56,660.0,1.0,9.0,8914.0,0
35000.0,14.85,2,180000.0,19.61,675.0,1.0,18.0,57705.0,0
11200.0,16.59,3,97000.0,38.78,675.0,0.0,27.0,23639.0,0
24000.0,17.97,3,100000.0,23.22,660.0,2.0,19.0,24513.0,1
32000.0,17.97,3,115000.0,20.47,670.0,0.0,12.0,23292.0,0
8000.0,13.99,2,120000.0,17.42,660.0,1.0,14.0,6740.0,0
20000.0,12.88,2,47484.0,29.54,670.0,0.0,7.0,11732.0,0
20000.0,14.85,2,70000.0,7.51,680.0,0.0,4.0,2980.0,0
19200.0,14.85,2,108000.0,18.79,685.0,0.0,10.0,10174.0,0
16725.0,13.44,2,33453.0,34.52,680.0,0.0,16.0,19503.0,0
32325.0,19.48,4,82000.0,24.56,670.0,0.0,8.0,34415.0,1
4800.0,9.8,1,44400.0,6.05,660.0,0.0,5.0,3480.0,0
22400.0,9.8,1,100000.0,14.5,720.0,0.0,37.0,13285.0,1
18525.0,17.97,3,70000.0,21.6,680.0,0.0,13.0,7924.0,0
32400.0,25.09,5,85000.0,25.92,660.0,0.0,12.0,18875.0,1
15000.0,11.99,2,51000.0,8.78,660.0,0.0,19.0,6581.0,0
12000.0,19.48,4,60000.0,23.44,660.0,0.0,17.0,17061.0,0
22000.0,8.49,1,93000.0,25.52,670.0,0.0,12.0,30124.0,0
15000.0,16.59,3,90000.0,3.19,700.0,0.0,7.0,9346.0,1
10000.0,5.32,0,95000.0,7.33,780.0,0.0,21.0,2198.0,0
9000.0,6.99,0,70000.0,16.2,725.0,0.0,13.0,7182.0,0
8400.0,11.48,1,42000.0,34.06,680.0,1.0,6.0,419.0,0
17000.0,9.17,1,210000.0,11.37,660.0,1.0,6.0,22877.0,0
6400.0,12.88,2,87000.0,10.62,665.0,0.0,10.0,11187.0,0
12000.0,9.17,1,80000.0,5.42,675.0,0.0,6.0,8209.0,0
5000.0,7.49,0,100000.0,21.52,715.0,1.0,23.0,18022.0,0
2000.0,7.91,0,45000.0,28.08,745.0,0.0,9.0,2999.0,0
6000.0,10.78,1,100000.0,30.21,665.0,1.0,18.0,88300.0,0
14275.0,19.89,4,42000.0,29.2,680.0,0.0,15.0,11058.0,1
6000.0,13.44,2,44543.0,12.8,685.0,0.0,9.0,4845.0,0
9000.0,7.91,0,31980.0,6.72,665.0,0.0,5.0,8612.0,0
10000.0,7.91,0,65000.0,14.16,720.0,3.0,12.0,5432.0,0
18000.0,13.44,2,120000.0,11.86,660.0,0.0,17.0,19711.0,0
18400.0,15.77,3,75000.0,22.93,675.0,2.0,13.0,16270.0,0
10000.0,9.8,1,54500.0,24.1,695.0,0.0,33.0,23328.0,0
7000.0,5.32,0,68000.0,1.41,695.0,0.0,9.0,7780.0,0
4550.0,10.78,1,100500.0,28.74,695.0,0.0,16.0,10445.0,0
20000.0,13.99,2,52000.0,17.06,695.0,0.0,11.0,16179.0,1
8000.0,11.48,1,33000.0,23.38,665.0,1.0,7.0,6899.0,0
27000.0,7.49,0,55000.0,21.78,715.0,1.0,10.0,15466.0,0
14000.0,8.49,1,45000.0,21.2,670.0,0.0,9.0,16517.0,0
21000.0,11.99,2,85000.0,19.37,685.0,0.0,15.0,20532.0,0
12000.0,15.77,3,44321.0,28.73,710.0,0.0,10.0,20213.0,1
9600.0,10.78,1,96000.0,14.71,700.0,1.0,9.0,14853.0,0
12000.0,18.49,3,55000.0,18.5,660.0,1.0,8.0,6644.0,0
3000.0,13.44,2,68000.0,11.86,660.0,2.0,7.0,896.0,0
15000.0,6.99,0,60000.0,24.68,720.0,1.0,28.0,30670.0,0
25000.0,11.99,2,170000.0,14.77,685.0,0.0,17.0,32940.0,0
15000.0,8.49,1,120000.0,10.66,670.0,0.0,14.0,13833.0,0
24200.0,18.99,4,57668.0,31.52,675.0,1.0,9.0,24305.0,0
5000.0,8.49,1,43507.2,18.46,675.0,0.0,13.0,6472.0,0
14000.0,11.99,2,110000.0,6.37,660.0,0.0,9.0,8676.0,0
10000.0,5.32,0,50000.0,10.37,730.0,0.0,14.0,11611.0,0
24000.0,11.48,1,80000.0,34.98,705.0,0.0,31.0,42390.0,0
9100.0,9.17,1,51376.0,10.88,665.0,0.0,6.0,10017.0,0
25000.0,17.97,3,132000.0,9.05,680.0,0.0,8.0,7087.0,0
15000.0,11.99,2,40000.0,29.77,680.0,0.0,8.0,15956.0,0
12000.0,20.5,4,65000.0,32.7,660.0,0.0,39.0,14791.0,1
12000.0,11.99,2,38350.0,33.08,670.0,2.0,16.0,13119.0,0
9000.0,11.48,1,115000.0,9.47,730.0,0.0,12.0,942.0,0
6500.0,10.78,1,54000.0,24.61,660.0,0.0,8.0,3801.0,0
30000.0,13.99,2,100000.0,26.23,745.0,0.0,18.0,6853.0,0
9000.0,11.99,2,75000.0,12.45,665.0,4.0,9.0,2496.0,0
20000.0,7.91,0,85000.0,3.4,695.0,1.0,5.0,3737.0,0
4875.0,17.97,3,49000.0,17.98,670.0,1.0,10.0,2604.0,0
9050.0,15.77,3,56000.0,13.61,665.0,0.0,6.0,4742.0,0
18000.0,10.78,1,47200.0,30.99,665.0,1.0,20.0,45064.0,0
11050.0,22.45,5,80000.0,38.36,710.0,0.0,14.0,57374.0,0
20000.0,9.8,1,78000.0,16.74,670.0,0.0,10.0,3295.0,0
13200.0,12.88,2,100000.0,23.39,710.0,0.0,21.0,6165.0,0
7250.0,13.99,2,14544.0,29.42,700.0,0.0,3.0,14549.0,0
18000.0,11.99,2,75000.0,23.96,695.0,0.0,7.0,28754.0,1
15000.0,9.8,1,59800.0,1.87,730.0,0.0,9.0,155.0,0
9600.0,9.8,1,130000.0,18.82,675.0,1.0,16.0,3922.0,0
11500.0,12.88,2,75000.0,11.57,675.0,1.0,10.0,13045.0,0
2825.0,11.48,1,47000.0,8.35,675.0,2.0,6.0,2706.0,0
4500.0,16.59,3,86000.0,28.79,690.0,0.0,25.0,46440.0,1
16000.0,6.49,0,65000.0,26.74,700.0,0.0,20.0,16317.0,0
18000.0,7.91,0,52000.0,19.52,715.0,0.0,11.0,20531.0,0
10000.0,7.91,0,85000.0,10.77,675.0,0.0,10.0,14900.0,1
30000.0,8.49,1,66000.0,14.76,740.0,0.0,4.0,36266.0,0
8400.0,11.99,2,62500.0,37.08,670.0,0.0,14.0,15257.0,0
35000.0,10.78,1,225000.0,24.71,700.0,0.0,13.0,210583.0,0
15000.0,6.49,0,83000.0,16.69,725.0,0.0,5.0,7830.0,0
6000.0,7.91,0,125000.0,10.12,765.0,0.0,19.0,5733.0,0
23900.0,17.97,3,75000.0,12.0,685.0,0.0,6.0,16389.0,0
15200.0,12.88,2,72000.0,28.13,685.0,0.0,10.0,9297.0,1
6600.0,5.32,0,58000.0,24.79,710.0,0.0,14.0,6611.0,0
14000.0,5.32,0,200000.0,8.63,770.0,0.0,5.0,18724.0,0
10000.0,9.17,1,45500.0,28.09,710.0,0.0,35.0,11444.0,0
15300.0,8.49,1,87000.0,12.0,665.0,3.0,9.0,9759.0,0
32000.0,21.48,4,100000.0,20.75,720.0,0.0,14.0,20700.0,0
16325.0,18.99,4,142000.0,19.89,675.0,0.0,13.0,20783.0,0
24000.0,15.77,3,80000.0,26.97,700.0,1.0,25.0,16680.0,0
15000.0,5.32,0,130000.0,14.31,715.0,0.0,13.0,9317.0,0
21000.0,16.59,3,81000.0,23.53,700.0,0.0,21.0,31329.0,1
7800.0,7.91,0,44013.0,14.97,680.0,0.0,9.0,6412.0,0
9000.0,5.32,0,56000.0,13.12,730.0,1.0,18.0,5300.0,0
15000.0,9.17,1,100000.0,34.89,675.0,0.0,30.0,27815.0,0
35000.0,20.5,4,107000.0,29.89,675.0,0.0,23.0,30788.0,0
20000.0,8.49,1,175000.0,8.59,665.0,1.0,12.0,19562.0,0
15000.0,6.49,0,74000.0,15.87,705.0,0.0,5.0,14792.0,0
6000.0,7.91,0,41000.0,15.06,730.0,0.0,8.0,7068.0,0
30000.0,13.99,2,150000.0,8.52,735.0,0.0,9.0,23138.0,1
35000.0,13.44,2,105000.0,8.87,705.0,1.0,9.0,31953.0,0
20000.0,6.99,0,153000.0,14.06,695.0,0.0,13.0,43949.0,0
8000.0,10.78,1,45000.0,16.93,670.0,0.0,18.0,12882.0,1
13000.0,6.99,0,75000.0,30.7,720.0,0.0,8.0,12667.0,0
5000.0,10.78,1,34600.0,28.62,665.0,1.0,3.0,25639.0,0
3800.0,27.49,6,43000.0,39.69,660.0,0.0,12.0,3403.0,1
10000.0,9.8,1,50000.0,22.73,710.0,0.0,13.0,13394.0,0
3200.0,10.78,1,18372.0,32.92,725.0,0.0,4.0,9631.0,0
12000.0,7.49,0,58245.0,27.36,725.0,0.0,10.0,8491.0,1
2650.0,12.88,2,23000.0,28.79,685.0,0.0,20.0,5854.0,0
21600.0,18.49,3,48000.0,33.25,670.0,2.0,13.0,11247.0,1
15000.0,11.99,2,56000.0,16.85,660.0,0.0,11.0,7048.0,1
6000.0,11.99,2,95000.0,4.51,700.0,0.0,8.0,6741.0,0
4000.0,13.44,2,75000.0,14.94,660.0,0.0,16.0,21333.0,0
25000.0,9.8,1,70000.0,15.2,770.0,0.0,11.0,13472.0,0
35000.0,21.48,4,160000.0,28.64,660.0,1.0,23.0,64704.0,0
35000.0,13.99,2,115000.0,18.67,680.0,0.0,15.0,67746.0,0
23800.0,18.99,4,75000.0,17.92,660.0,0.0,14.0,19847.0,0
10900.0,8.49,1,122000.0,15.98,725.0,0.0,14.0,42459.0,0
15000.0,16.59,3,75496.0,25.04,685.0,0.0,12.0,30474.0,0
6400.0,12.88,2,30000.0,23.24,675.0,0.0,18.0,11493.0,0
4000.0,6.49,0,87000.0,12.26,700.0,1.0,7.0,7752.0,0
2500.0,9.8,1,75280.0,16.45,685.0,0.0,13.0,12512.0,0
18000.0,13.99,2,53000.0,31.66,690.0,0.0,29.0,27519.0,0
25000.0,17.97,3,75000.0,34.56,705.0,0.0,27.0,33526.0,1
18000.0,13.99,2,63000.0,23.25,710.0,0.0,21.0,29993.0,0
22000.0,15.77,3,55000.0,30.03,730.0,1.0,14.0,13882.0,0
12650.0,14.85,2,36400.0,17.8,685.0,1.0,5.0,5554.0,0
9000.0,5.32,0,34068.0,11.62,780.0,0.0,21.0,6904.0,0
24000.0,9.17,1,80000.0,17.44,675.0,1.0,20.0,41224.0,0
5000.0,10.78,1,30000.0,17.88,690.0,3.0,8.0,3972.0,0
35000.0,13.99,2,110000.0,16.45,745.0,0.0,16.0,4694.0,0
28000.0,12.88,2,121000.0,14.35,675.0,0.0,18.0,30725.0,0
2025.0,19.48,4,75000.0,12.18,665.0,0.0,7.0,2188.0,0
10800.0,18.99,4,30000.0,13.57,670.0,0.0,10.0,11659.0,0
28025.0,12.88,2,120000.0,17.17,685.0,2.0,12.0,16965.0,1
18850.0,11.99,2,50000.0,4.25,670.0,0.0,11.0,3901.0,0
18000.0,18.99,4,57100.0,5.63,670.0,0.0,6.0,2846.0,0
30000.0,13.99,2,100000.0,22.62,680.0,0.0,5.0,5290.0,0
20000.0,13.99,2,50000.0,33.37,680.0,0.0,9.0,17264.0,1
24000.0,9.17,1,130000.0,39.05,730.0,0.0,32.0,31963.0,0
12800.0,6.49,0,70000.0,23.93,680.0,0.0,23.0,10205.0,0
18000.0,11.48,1,52000.0,26.26,695.0,1.0,13.0,16827.0,0
7525.0,18.99,4,20930.0,31.6,735.0,0.0,8.0,2135.0,0
23100.0,19.48,4,55000.0,22.24,665.0,0.0,24.0,3857.0,0
20000.0,18.99,4,65000.0,20.2,680.0,0.0,9.0,18284.0,1
21125.0,14.85,2,78000.0,11.35,670.0,0.0,20.0,22106.0,0
3000.0,7.49,0,45000.0,21.63,740.0,0.0,17.0,6851.0,0
27275.0,21.48,4,62000.0,14.75,670.0,0.0,10.0,11790.0,1
2400.0,7.91,0,85000.0,28.35,680.0,0.0,15.0,36065.0,0
18000.0,9.8,1,100000.0,18.41,670.0,0.0,10.0,39607.0,0
3500.0,13.44,2,47000.0,32.53,670.0,2.0,14.0,2159.0,0
13000.0,11.48,1,47000.0,19.2,695.0,0.0,14.0,15833.0,0
12000.0,11.99,2,110000.0,33.38,675.0,0.0,12.0,35820.0,0
15000.0,7.91,0,136000.0,13.59,715.0,4.0,22.0,7781.0,0
1500.0,7.91,0,72000.0,12.15,740.0,0.0,6.0,200.0,0
17000.0,8.49,1,85000.0,24.45,695.0,1.0,16.0,11823.0,0
5000.0,5.32,0,25896.0,9.34,815.0,0.0,8.0,3159.0,0
16000.0,17.97,3,65000.0,29.71,700.0,0.0,18.0,5991.0,1
5400.0,13.99,2,46000.0,24.94,685.0,0.0,19.0,5657.0,1
14650.0,19.48,4,49000.0,26.4,710.0,0.0,8.0,7179.0,0
10525.0,17.97,3,88000.0,8.11,670.0,0.0,11.0,6871.0,0
4475.0,15.77,3,35000.0,3.22,685.0,0.0,4.0,1871.0,1
16800.0,13.99,2,97000.0,16.78,670.0,2.0,14.0,15248.0,0
16500.0,19.48,4,57000.0,34.36,690.0,2.0,10.0,35091.0,0
11000.0,5.32,0,80000.0,11.66,795.0,0.0,10.0,11722.0,0
20000.0,9.8,1,60000.0,25.44,710.0,0.0,8.0,16359.0,1
21000.0,10.78,1,89000.0,21.88,715.0,0.0,15.0,59490.0,0
20000.0,10.78,1,110000.0,26.17,720.0,0.0,47.0,38988.0,1
21000.0,7.49,0,120000.0,14.44,730.0,0.0,12.0,50566.0,0
15000.0,6.99,0,42000.0,20.54,695.0,0.0,17.0,18971.0,0
9800.0,13.99,2,24504.0,13.03,690.0,0.0,7.0,7023.0,0
15000.0,9.8,1,75000.0,20.21,695.0,0.0,11.0,14296.0,0
18000.0,6.49,0,103000.0,11.58,705.0,0.0,17.0,23036.0,0
1600.0,7.91,0,76500.0,16.42,750.0,0.0,6.0,722.0,0
20000.0,9.17,1,60000.0,17.8,705.0,0.0,9.0,5686.0,0
27300.0,11.99,2,155000.0,23.23,750.0,0.0,36.0,45161.0,0
10000.0,7.49,0,120000.0,18.63,715.0,0.0,21.0,17092.0,0
35000.0,16.59,3,90000.0,27.43,690.0,1.0,15.0,47498.0,0
10000.0,12.88,2,86000.0,11.57,670.0,0.0,7.0,10631.0,1
6025.0,17.27,3,54000.0,33.6,660.0,0.0,10.0,17371.0,0
15000.0,12.88,2,77000.0,15.76,705.0,0.0,10.0,0.0,0
12000.0,11.99,2,75000.0,32.34,730.0,0.0,14.0,21857.0,0
23000.0,10.78,1,62341.0,17.31,680.0,0.0,5.0,17683.0,0
6000.0,7.49,0,67000.0,12.7,705.0,0.0,10.0,9432.0,0
1500.0,9.8,1,63000.0,7.68,670.0,1.0,10.0,36160.0,0
8000.0,12.88,2,60000.0,5.46,665.0,1.0,7.0,6831.0,1
15000.0,17.27,3,55000.0,25.81,670.0,0.0,21.0,16598.0,0
25000.0,7.49,0,150000.0,16.93,705.0,0.0,24.0,48961.0,0
2000.0,14.85,2,42000.0,24.77,680.0,0.0,9.0,7985.0,0
20000.0,8.49,1,122815.0,15.43,690.0,0.0,27.0,28558.0,0
8400.0,7.91,0,80000.0,6.42,755.0,0.0,7.0,7557.0,0
20000.0,7.91,0,78000.0,11.32,690.0,0.0,5.0,14631.0,0
4250.0,12.88,2,55950.0,15.59,665.0,0.0,4.0,1208.0,0
10000.0,9.17,1,27600.0,12.96,665.0,2.0,7.0,6165.0,0
18000.0,9.8,1,70000.0,24.29,690.0,0.0,14.0,14748.0,0
10000.0,12.88,2,60000.0,23.9,670.0,0.0,7.0,6975.0,0
5800.0,21.48,4,90000.0,17.49,665.0,4.0,11.0,7476.0,0
16000.0,5.32,0,100000.0,6.05,770.0,0.0,12.0,10790.0,0
10000.0,13.44,2,55000.0,21.49,665.0,0.0,13.0,13747.0,0
12000.0,13.99,2,40000.0,31.68,705.0,0.0,12.0,5667.0,0
20000.0,13.99,2,130000.0,14.86,710.0,0.0,15.0,10659.0,0
24000.0,16.59,3,55000.0,12.46,660.0,0.0,6.0,9581.0,0
10000.0,18.49,3,55000.0,30.29,690.0,0.0,20.0,6524.0,1
17000.0,13.99,2,90000.0,18.36,665.0,0.0,29.0,36371.0,0
7000.0,9.17,1,90000.0,18.12,685.0,0.0,10.0,69878.0,0
3500.0,16.59,3,48000.0,33.95,755.0,0.0,6.0,323.0,1
9500.0,11.48,1,50000.0,25.13,675.0,0.0,17.0,13370.0,0
4525.0,14.85,2,50300.0,15.44,660.0,0.0,15.0,15124.0,0
20000.0,10.78,1,42000.0,23.66,695.0,0.0,18.0,28350.0,0
6000.0,13.99,2,30000.0,15.92,720.0,0.0,13.0,11638.0,0
8000.0,11.99,2,80000.0,25.55,690.0,0.0,19.0,28393.0,1
2000.0,9.17,1,36400.0,29.01,810.0,0.0,8.0,3006.0,0
20000.0,7.91,0,125000.0,28.84,695.0,0.0,19.0,53698.0,0
10000.0,7.49,0,44000.0,23.19,760.0,0.0,13.0,4515.0,0
18000.0,11.48,1,134000.0,19.24,695.0,0.0,12.0,26059.0,0
16800.0,17.97,3,76000.0,33.66,675.0,0.0,10.0,10769.0,0
11700.0,14.85,2,38000.0,33.99,680.0,0.0,13.0,16846.0,0
7000.0,6.49,0,93000.0,34.35,690.0,2.0,11.0,15696.0,0
29000.0,18.99,4,90000.0,1.83,730.0,0.0,5.0,4767.0,1
9600.0,10.78,1,70000.0,17.07,715.0,0.0,14.0,10653.0,0
8600.0,7.91,0,126202.0,11.84,755.0,0.0,21.0,16342.0,0
35000.0,9.17,1,164000.0,7.08,695.0,0.0,14.0,35336.0,0
16000.0,7.91,0,117000.0,12.0,710.0,0.0,10.0,17270.0,1
35000.0,16.59,3,95800.0,27.35,695.0,0.0,28.0,55533.0,0
9425.0,18.99,4,74796.8,23.15,720.0,0.0,8.0,2605.0,0
10375.0,19.89,4,100000.0,8.89,685.0,0.0,11.0,24312.0,0
16000.0,7.91,0,58000.0,10.32,685.0,3.0,8.0,15832.0,0
15000.0,18.99,4,100000.0,12.01,685.0,0.0,10.0,8417.0,1
20850.0,15.77,3,129500.0,34.59,720.0,0.0,14.0,15560.0,1
8000.0,11.99,2,68000.0,8.65,660.0,0.0,7.0,11229.0,0
35000.0,13.44,2,280000.0,16.72,695.0,0.0,14.0,82412.0,0
4200.0,9.17,1,68000.0,18.83,715.0,0.0,7.0,10569.0,0
20000.0,11.48,1,135000.0,21.75,685.0,3.0,16.0,36080.0,1
5000.0,7.91,0,79000.0,39.83,750.0,0.0,13.0,12885.0,0
20000.0,22.45,5,65000.0,10.45,660.0,1.0,13.0,5525.0,1
34550.0,17.27,3,72000.0,22.93,690.0,0.0,10.0,41646.0,0
15000.0,9.8,1,66000.0,28.04,740.0,0.0,12.0,3734.0,0
14000.0,11.48,1,99000.0,6.84,665.0,0.0,4.0,7616.0,0
7200.0,9.17,1,65000.0,14.03,680.0,0.0,8.0,5085.0,1
28000.0,6.99,0,100000.0,21.49,700.0,1.0,15.0,10310.0,0
20000.0,13.99,2,78000.0,17.6,705.0,0.0,9.0,21702.0,0
22350.0,13.44,2,127000.0,23.64,675.0,1.0,23.0,11145.0,0
7600.0,18.99,4,59500.0,18.76,675.0,0.0,13.0,4344.0,1
30000.0,10.78,1,80000.0,12.88,710.0,0.0,13.0,9151.0,0
2125.0,11.99,2,28800.0,3.17,660.0,0.0,5.0,1497.0,0
11000.0,13.99,2,54000.0,14.93,680.0,0.0,6.0,6128.0,0
25500.0,18.99,4,51000.0,7.65,720.0,0.0,7.0,40652.0,0
5000.0,15.77,3,26000.0,27.47,660.0,0.0,8.0,5718.0,0
2400.0,13.99,2,114000.0,17.02,680.0,1.0,10.0,12101.0,0
15000.0,5.32,0,103000.0,15.54,795.0,0.0,6.0,5694.0,0
7200.0,14.85,2,25958.0,18.4,660.0,0.0,9.0,6978.0,0
12000.0,12.88,2,92000.0,9.94,690.0,0.0,14.0,7066.0,0
28000.0,5.32,0,140000.0,6.52,765.0,0.0,14.0,38235.0,0
14000.0,7.49,0,94000.0,26.17,710.0,0.0,17.0,18242.0,0
5000.0,11.99,2,33600.0,25.54,680.0,0.0,16.0,3866.0,0
28000.0,12.88,2,96000.0,31.0,695.0,0.0,15.0,45751.0,0
13250.0,18.49,3,59000.0,31.63,670.0,0.0,16.0,28131.0,1
14825.0,21.48,4,50000.0,15.89,665.0,0.0,9.0,2468.0,1
11400.0,5.32,0,47000.0,12.21,740.0,0.0,10.0,11509.0,0
20000.0,9.8,1,295000.0,14.88,695.0,0.0,25.0,58002.0,0
3000.0,6.49,0,24000.0,12.45,720.0,0.0,7.0,2958.0,0
18000.0,11.99,2,45000.0,35.09,665.0,0.0,13.0,28783.0,0
30000.0,15.77,3,180000.0,13.79,685.0,2.0,9.0,169929.0,0
8500.0,14.85,2,80000.0,27.99,700.0,0.0,17.0,15014.0,0
10500.0,8.49,1,52000.0,18.62,670.0,0.0,8.0,11459.0,0
10000.0,8.49,1,106000.0,19.59,700.0,0.0,16.0,27829.0,0
3000.0,11.48,1,62000.0,25.9,685.0,1.0,12.0,24904.0,1
12000.0,10.78,1,81900.0,11.59,685.0,1.0,16.0,10874.0,0
7500.0,13.44,2,105000.0,20.47,685.0,1.0,14.0,12833.0,0
24000.0,6.49,0,157000.0,21.67,705.0,0.0,15.0,4124.0,0
35000.0,14.85,2,125000.0,15.9,660.0,0.0,27.0,49769.0,0
10000.0,11.48,1,53000.0,24.8,690.0,0.0,8.0,8766.0,1
3500.0,9.17,1,70000.0,9.53,665.0,4.0,10.0,5274.0,0
24000.0,19.89,4,130000.0,16.22,660.0,3.0,9.0,2211.0,1
11000.0,9.17,1,37000.0,10.9,700.0,0.0,4.0,13276.0,0
5600.0,10.78,1,75000.0,12.26,675.0,0.0,13.0,11412.0,0
27000.0,19.89,4,54000.0,10.71,700.0,0.0,4.0,33060.0,1
15000.0,6.49,0,82500.0,18.15,790.0,0.0,20.0,1062.0,0
20000.0,5.32,0,125000.0,7.42,790.0,0.0,10.0,8152.0,0
30000.0,9.17,1,129500.0,20.9,735.0,0.0,12.0,28652.0,0
11425.0,9.8,1,69000.0,25.84,715.0,0.0,14.0,12478.0,0
14400.0,7.49,0,88186.0,2.24,790.0,0.0,32.0,3587.0,0
2000.0,9.8,1,32000.0,16.73,660.0,1.0,7.0,8996.0,1
11200.0,12.88,2,42000.0,18.23,680.0,0.0,11.0,14982.0,0
12000.0,18.99,4,100000.0,21.75,675.0,0.0,23.0,47771.0,0
20000.0,7.49,0,60000.0,9.04,690.0,0.0,8.0,12018.0,0
15600.0,8.49,1,38600.0,20.74,710.0,0.0,10.0,8855.0,0
34000.0,9.17,1,85000.0,19.67,685.0,2.0,12.0,11591.0,0
12000.0,14.85,2,45000.0,14.85,680.0,0.0,25.0,16370.0,0
29000.0,12.88,2,86075.0,27.75,705.0,0.0,7.0,15423.0,0
10000.0,12.88,2,50000.0,13.01,715.0,0.0,6.0,4583.0,0
25000.0,9.17,1,90000.0,9.05,750.0,0.0,13.0,13342.0,0
11500.0,5.32,0,151000.0,18.99,770.0,0.0,13.0,11261.0,0
5000.0,9.8,1,37200.0,27.94,685.0,1.0,12.0,12473.0,0
9100.0,7.49,0,68000.0,19.31,725.0,0.0,10.0,4105.0,0
35000.0,7.49,0,296000.0,16.24,725.0,0.0,24.0,51033.0,0
24000.0,6.49,0,51000.0,21.67,745.0,0.0,17.0,17118.0,0
5500.0,8.49,1,41000.0,32.29,710.0,0.0,18.0,10247.0,0
18000.0,5.32,0,100000.0,13.69,740.0,0.0,5.0,9807.0,0
6000.0,14.85,2,42000.0,10.29,690.0,0.0,4.0,2711.0,0
8000.0,7.91,0,50000.0,12.75,710.0,0.0,7.0,14633.0,0
4650.0,13.99,2,45000.0,26.82,660.0,0.0,11.0,3147.0,1
20000.0,16.59,3,108000.0,31.78,660.0,0.0,13.0,51181.0,0
2000.0,11.99,2,44000.0,3.32,660.0,0.0,4.0,4939.0,0
15000.0,6.49,0,105000.0,0.62,745.0,1.0,6.0,3701.0,0
3000.0,9.8,1,26000.0,32.87,710.0,0.0,3.0,4821.0,0
1000.0,11.48,1,30000.0,34.32,660.0,0.0,10.0,37548.0,0
24900.0,13.44,2,54139.0,22.59,705.0,0.0,8.0,14875.0,0
15250.0,17.27,3,114000.0,10.37,680.0,0.0,9.0,7092.0,1
6025.0,14.85,2,65000.0,27.14,660.0,2.0,9.0,2764.0,0
15000.0,13.44,2,98000.0,37.42,670.0,0.0,35.0,16873.0,1
20000.0,9.17,1,86000.0,30.32,735.0,0.0,16.0,3048.0,0
12000.0,10.78,1,85000.0,28.36,665.0,1.0,13.0,7123.0,0
14000.0,10.78,1,68000.0,20.65,720.0,0.0,16.0,8131.0,0
6000.0,9.8,1,59245.0,11.83,720.0,0.0,3.0,22.0,0
20400.0,20.5,4,86000.0,11.85,685.0,0.0,10.0,13793.0,0
2000.0,13.99,2,46000.0,33.0,705.0,3.0,18.0,4043.0,0
8000.0,8.49,1,75000.0,15.71,675.0,0.0,9.0,6377.0,0
10000.0,11.99,2,54000.0,19.22,665.0,2.0,6.0,3590.0,0
13650.0,21.48,4,37000.0,19.51,675.0,0.0,17.0,3957.0,1
2500.0,13.44,2,38000.0,19.11,675.0,2.0,7.0,20107.0,0
5600.0,9.17,1,41500.0,15.64,660.0,1.0,7.0,4907.0,0
10000.0,8.49,1,150000.0,4.62,665.0,0.0,11.0,10551.0,0
10250.0,16.59,3,57000.0,29.03,680.0,1.0,12.0,25394.0,0
8000.0,7.91,0,42000.0,24.14,690.0,0.0,8.0,6038.0,0
12000.0,6.99,0,130000.0,19.33,715.0,0.0,13.0,16136.0,0
1400.0,12.88,2,93000.0,10.11,675.0,1.0,20.0,1604.0,0
17125.0,15.77,3,51000.0,20.54,660.0,0.0,6.0,1890.0,1
1000.0,9.8,1,70000.0,11.75,685.0,0.0,7.0,11072.0,0
7000.0,9.8,1,32000.0,26.26,720.0,0.0,10.0,4896.0,0
16000.0,11.48,1,185000.0,15.29,670.0,2.0,17.0,8960.0,0
10000.0,5.32,0,109000.0,22.12,685.0,0.0,20.0,31830.0,0
30000.0,9.8,1,94000.0,29.41,730.0,0.0,22.0,150370.0,0
18000.0,9.17,1,80000.0,6.47,665.0,0.0,7.0,14074.0,0
5000.0,14.85,2,64000.0,25.37,675.0,0.0,19.0,25568.0,0
2400.0,14.85,2,51000.0,22.8,700.0,0.0,21.0,7404.0,1
9000.0,17.97,3,50000.0,30.68,680.0,0.0,8.0,5278.0,0
21000.0,9.17,1,82000.0,15.1,710.0,0.0,12.0,15657.0,0
8000.0,12.88,2,46000.0,8.87,675.0,1.0,12.0,2221.0,0
9550.0,17.97,3,64627.0,36.04,660.0,0.0,16.0,46080.0,1
14400.0,9.17,1,60000.0,30.24,705.0,0.0,11.0,35960.0,1
15000.0,11.48,1,45000.0,33.81,675.0,0.0,14.0,7479.0,0
7000.0,5.32,0,75000.0,5.66,710.0,0.0,12.0,6777.0,0
35000.0,13.99,2,139000.0,17.73,675.0,0.0,17.0,48714.0,1
35000.0,18.99,4,90000.0,22.97,705.0,0.0,9.0,10337.0,1
20250.0,13.99,2,45000.0,32.48,690.0,1.0,17.0,22848.0,0
21000.0,5.32,0,72000.0,10.05,755.0,0.0,11.0,28031.0,0
18000.0,7.91,0,72000.0,24.02,740.0,0.0,12.0,15829.0,0
7000.0,14.85,2,120000.0,15.56,665.0,1.0,13.0,18583.0,0
10000.0,9.17,1,24080.0,29.16,710.0,0.0,13.0,9009.0,0
35000.0,7.91,0,239000.0,24.78,690.0,0.0,24.0,566420.0,0
10000.0,6.49,0,77000.0,11.95,715.0,0.0,11.0,10270.0,0
10000.0,8.49,1,70000.0,12.29,685.0,0.0,4.0,6647.0,0
12000.0,5.32,0,84000.0,3.97,760.0,0.0,5.0,11714.0,0
5600.0,9.8,1,38110.0,7.59,675.0,1.0,11.0,5361.0,0
6000.0,13.44,2,29424.0,10.24,660.0,0.0,13.0,7499.0,0
6000.0,7.49,0,99000.0,20.18,695.0,0.0,11.0,21499.0,0
1800.0,14.85,2,38000.0,37.52,675.0,1.0,18.0,22409.0,0
10500.0,18.49,3,28000.0,29.83,660.0,0.0,29.0,10244.0,1
5450.0,6.0,2,85000.0,20.92,675.0,4.0,12.0,6158.0,0
15000.0,11.48,1,50000.0,14.07,670.0,0.0,14.0,17653.0,1
8000.0,9.8,1,55000.0,10.16,705.0,0.0,8.0,5134.0,1
25000.0,13.99,2,70000.0,27.39,685.0,0.0,6.0,6202.0,0
30000.0,12.88,2,127000.0,19.29,670.0,0.0,23.0,53422.0,0
25000.0,7.91,0,124000.0,23.61,680.0,0.0,16.0,15668.0,1
10000.0,5.32,0,98000.0,6.71,795.0,0.0,6.0,2589.0,0
28000.0,5.32,0,350000.0,16.82,725.0,0.0,12.0,151377.0,0
5600.0,11.48,1,95000.0,13.3,660.0,1.0,10.0,2282.0,0
18000.0,7.91,0,200000.0,25.75,705.0,1.0,22.0,33076.0,1
17000.0,15.77,3,39500.0,32.42,730.0,0.0,22.0,14481.0,1
15000.0,6.49,0,100000.0,23.72,680.0,1.0,28.0,56564.0,0
14000.0,19.89,4,52000.0,10.44,660.0,0.0,11.0,10602.0,1
10500.0,10.78,1,115000.0,11.45,660.0,0.0,16.0,4568.0,0
20800.0,6.99,0,100000.0,23.7,695.0,1.0,16.0,10725.0,0
10000.0,5.32,0,82000.0,4.81,760.0,0.0,10.0,5161.0,0
10000.0,9.17,1,42000.0,13.0,705.0,0.0,9.0,9087.0,0
6000.0,6.49,0,65000.0,26.4,770.0,0.0,9.0,11621.0,0
3600.0,13.99,2,50000.0,11.67,670.0,0.0,3.0,2695.0,1
15000.0,9.8,1,62300.0,23.6,670.0,1.0,11.0,13112.0,0
8000.0,13.44,2,100000.0,9.7,695.0,0.0,13.0,15608.0,0
21000.0,18.49,3,90000.0,22.6,680.0,0.0,11.0,5335.0,1
15500.0,14.85,2,50000.0,25.54,665.0,2.0,9.0,6170.0,0
25000.0,7.91,0,205000.0,12.89,740.0,0.0,13.0,26316.0,0
4200.0,11.99,2,40000.0,5.91,705.0,0.0,5.0,7119.0,0
25000.0,7.49,0,61900.0,29.93,750.0,0.0,10.0,29388.0,0
1975.0,13.99,2,19084.0,26.35,740.0,0.0,11.0,5127.0,0
8875.0,15.77,3,50000.0,15.24,670.0,0.0,4.0,1871.0,0
25625.0,25.09,5,91600.0,25.39,660.0,0.0,13.0,25877.0,0
15000.0,9.17,1,95000.0,3.21,660.0,0.0,6.0,8661.0,1
12000.0,9.8,1,65000.0,12.67,720.0,0.0,7.0,8799.0,0
19300.0,10.78,1,50000.0,13.27,680.0,0.0,20.0,19363.0,1
2800.0,10.78,1,150000.0,8.66,680.0,1.0,10.0,9231.0,0
18000.0,12.88,2,100000.0,16.19,695.0,0.0,9.0,22523.0,0
9000.0,9.17,1,38000.0,32.6,715.0,0.0,6.0,7189.0,0
21600.0,7.49,0,150000.0,19.34,695.0,1.0,14.0,19149.0,0
20525.0,18.99,4,90000.0,27.99,665.0,0.0,38.0,36401.0,1
5000.0,12.88,2,85000.0,16.17,700.0,0.0,11.0,4080.0,0
5600.0,6.49,0,81000.0,20.43,770.0,0.0,17.0,16475.0,0
35000.0,9.8,1,105000.0,2.78,765.0,0.0,11.0,11524.0,1
15000.0,15.77,3,73000.0,20.88,680.0,0.0,15.0,8864.0,0
10000.0,13.99,2,49000.0,13.49,705.0,0.0,9.0,2741.0,0
8000.0,7.91,0,65000.0,14.9,715.0,0.0,5.0,4989.0,0
3500.0,10.78,1,130000.0,19.69,680.0,0.0,10.0,15665.0,0
9800.0,9.8,1,108000.0,12.81,670.0,0.0,10.0,8168.0,0
10000.0,6.49,0,76000.0,28.69,735.0,0.0,14.0,32855.0,0
6000.0,17.27,3,27500.0,28.2,665.0,0.0,9.0,1202.0,1
10000.0,9.17,1,80000.0,1.83,665.0,1.0,10.0,2426.0,1
16075.0,21.48,4,36111.0,38.25,675.0,1.0,15.0,27117.0,0
8000.0,6.99,0,32000.0,14.18,680.0,0.0,5.0,5445.0,0
26400.0,11.99,2,60000.0,8.55,680.0,0.0,5.0,1111.0,0
15000.0,11.99,2,45000.0,26.88,660.0,1.0,17.0,16509.0,1
25000.0,14.85,2,91500.0,4.64,670.0,0.0,12.0,18890.0,1
20000.0,7.49,0,107600.0,15.2,730.0,0.0,12.0,21350.0,0
15000.0,11.99,2,68000.0,30.85,680.0,0.0,14.0,43024.0,1
21900.0,14.85,2,100000.0,20.22,670.0,0.0,12.0,11816.0,0
7000.0,12.88,2,65805.0,7.61,685.0,1.0,4.0,7890.0,0
18000.0,13.99,2,85000.0,6.72,660.0,0.0,5.0,3862.0,0
24000.0,11.99,2,70000.0,13.46,760.0,0.0,16.0,11112.0,0
4000.0,10.78,1,69000.0,19.06,705.0,2.0,13.0,5255.0,0
9400.0,23.13,5,35760.0,20.7,690.0,0.0,7.0,500.0,0
5050.0,11.99,2,130000.0,31.36,710.0,0.0,17.0,132610.0,0
18750.0,24.24,5,70000.0,23.06,680.0,1.0,12.0,3971.0,1
14400.0,13.99,2,91000.0,20.86,680.0,0.0,21.0,15673.0,0
9000.0,7.49,0,80000.0,21.6,725.0,0.0,12.0,5991.0,0
12000.0,8.49,1,45000.0,5.5,670.0,0.0,9.0,6219.0,0
2000.0,12.88,2,52000.0,29.26,685.0,0.0,10.0,6746.0,1
18000.0,7.49,0,120000.0,34.07,710.0,0.0,14.0,13326.0,0
24000.0,9.8,1,60000.0,27.56,725.0,0.0,9.0,12928.0,0
18000.0,6.49,0,55000.0,19.46,720.0,0.0,13.0,18094.0,0
5600.0,11.99,2,30000.0,29.42,670.0,0.0,15.0,4560.0,0
16000.0,15.77,3,90000.0,16.16,685.0,0.0,11.0,23394.0,1
15000.0,8.49,1,43500.0,4.33,765.0,0.0,6.0,2378.0,0
28000.0,12.88,2,450000.0,14.94,695.0,0.0,25.0,167659.0,0
24000.0,13.44,2,89000.0,24.2,665.0,1.0,18.0,24394.0,0
15000.0,11.48,1,70000.0,29.07,715.0,1.0,9.0,17017.0,0
7200.0,9.8,1,86000.0,13.24,670.0,0.0,13.0,21971.0,0
15000.0,11.48,1,76995.0,12.91,660.0,0.0,5.0,11751.0,0
12000.0,13.44,2,53500.0,31.83,665.0,0.0,22.0,16303.0,1
20000.0,7.91,0,85000.0,21.21,720.0,0.0,16.0,22124.0,0
1500.0,16.59,3,32000.0,29.0,690.0,1.0,12.0,1379.0,0
10000.0,18.99,4,50000.0,18.34,710.0,0.0,8.0,6492.0,0
9600.0,20.5,4,30000.0,5.4,735.0,0.0,6.0,6835.0,0
25000.0,7.91,0,90000.0,11.29,785.0,0.0,11.0,22593.0,0
15000.0,11.48,1,113000.0,17.47,690.0,3.0,21.0,27408.0,0
33300.0,13.99,2,125000.0,21.69,690.0,0.0,17.0,15465.0,0
7200.0,9.8,1,68000.0,10.57,670.0,2.0,19.0,17637.0,0
15000.0,12.88,2,66248.0,31.67,680.0,0.0,14.0,71553.0,0
14000.0,9.8,1,50000.0,9.46,665.0,3.0,13.0,10826.0,0
17000.0,7.49,0,81000.0,21.98,705.0,0.0,17.0,22152.0,0
15000.0,6.49,0,35000.0,19.68,690.0,1.0,9.0,15211.0,0
18000.0,12.88,2,81000.0,29.03,680.0,1.0,9.0,29411.0,0
4400.0,7.49,0,49000.0,18.79,705.0,0.0,6.0,7170.0,0
24000.0,10.78,1,160000.0,12.66,670.0,0.0,20.0,37897.0,0
7000.0,11.99,2,21000.0,17.43,670.0,0.0,12.0,13790.0,0
15000.0,8.49,1,170000.0,17.14,700.0,0.0,22.0,17337.0,0
20000.0,17.27,3,64000.0,24.26,690.0,0.0,6.0,91676.0,0
15000.0,6.99,0,145000.0,17.98,745.0,0.0,17.0,6407.0,0
35000.0,14.85,2,158000.0,25.27,675.0,0.0,33.0,157802.0,0
10000.0,8.49,1,55000.0,21.62,665.0,0.0,10.0,15295.0,0
12000.0,12.88,2,52000.0,5.75,680.0,0.0,7.0,6771.0,0
2925.0,17.27,3,50000.0,6.6,660.0,0.0,6.0,1891.0,0
3275.0,14.85,2,22056.0,25.46,665.0,1.0,9.0,4449.0,1
33600.0,22.45,5,103000.0,28.85,690.0,0.0,21.0,33578.0,0
17000.0,10.78,1,48000.0,33.95,715.0,0.0,16.0,20883.0,1
8975.0,21.48,4,67000.0,21.53,755.0,0.0,6.0,0.0,0
20000.0,7.49,0,58000.0,13.49,770.0,0.0,10.0,9756.0,0
11000.0,7.91,0,40000.0,23.88,715.0,0.0,11.0,12203.0,0
15000.0,10.78,1,60000.0,10.74,685.0,0.0,11.0,18159.0,1
20000.0,9.17,1,80000.0,17.48,660.0,0.0,8.0,19767.0,0
30000.0,18.49,3,79000.0,24.64,680.0,0.0,6.0,30312.0,0
26075.0,18.99,4,72470.0,27.59,690.0,0.0,14.0,11065.0,0
3000.0,13.99,2,70000.0,24.76,675.0,0.0,11.0,11084.0,1
15000.0,15.77,3,65000.0,6.43,660.0,2.0,8.0,10416.0,0
5475.0,18.49,3,21000.0,29.71,680.0,0.0,13.0,9419.0,0
22075.0,22.45,5,69000.0,26.83,660.0,0.0,7.0,3996.0,1
20000.0,9.8,1,88894.8,5.54,665.0,0.0,2.0,21071.0,0
22000.0,11.48,1,117000.0,15.34,695.0,0.0,9.0,27442.0,0
15000.0,8.49,1,70000.0,16.12,675.0,1.0,6.0,17490.0,0
20000.0,13.44,2,72000.0,18.09,660.0,0.0,40.0,19392.0,0
35000.0,14.85,2,110000.0,13.3,670.0,2.0,14.0,22950.0,1
28000.0,19.48,4,91500.0,15.2,660.0,0.0,11.0,18136.0,0
6000.0,5.32,0,109000.0,6.29,725.0,0.0,9.0,5156.0,0
5000.0,5.32,0,370000.0,9.8,705.0,0.0,7.0,26559.0,0
15000.0,9.17,1,40500.0,31.17,720.0,0.0,11.0,8929.0,0
4800.0,13.99,2,64000.0,21.45,680.0,2.0,13.0,15506.0,0
15000.0,13.99,2,48100.0,28.32,670.0,0.0,7.0,13339.0,1
5000.0,9.17,1,45000.0,18.23,680.0,0.0,4.0,1220.0,0
25000.0,17.97,3,69000.0,29.35,675.0,0.0,15.0,24247.0,1
7750.0,9.8,1,54500.0,29.02,690.0,0.0,7.0,2207.0,1
21000.0,9.8,1,92700.0,24.85,670.0,0.0,12.0,60369.0,0
28000.0,16.59,3,91500.0,11.29,675.0,0.0,8.0,55384.0,0
28000.0,5.32,0,97500.0,5.77,720.0,0.0,12.0,24001.0,0
25000.0,5.32,0,150000.0,11.82,800.0,0.0,9.0,7802.0,0
3500.0,9.8,1,53700.0,22.82,745.0,0.0,8.0,22227.0,0
10000.0,11.99,2,90000.0,25.12,665.0,1.0,9.0,22809.0,0
25000.0,9.8,1,80000.0,28.65,670.0,7.0,20.0,11654.0,0
25300.0,11.99,2,55000.0,25.35,695.0,0.0,16.0,3288.0,0
10000.0,10.78,1,70000.0,20.28,700.0,0.0,25.0,15824.0,1
35000.0,17.97,3,75000.0,35.02,720.0,0.0,14.0,36393.0,1
18000.0,13.99,2,112500.0,9.55,660.0,0.0,7.0,14687.0,0
6000.0,7.49,0,30000.0,12.4,725.0,0.0,11.0,2136.0,0
28000.0,6.99,0,190000.0,8.69,710.0,0.0,10.0,46301.0,0
17300.0,18.99,4,88000.0,22.2,665.0,0.0,12.0,7306.0,0
23825.0,17.97,3,59598.0,29.66,720.0,0.0,13.0,26682.0,0
29050.0,19.48,4,84000.0,10.9,730.0,0.0,6.0,11517.0,1
10200.0,6.49,0,110000.0,21.44,710.0,0.0,16.0,37174.0,0
5000.0,11.48,1,90000.0,17.41,675.0,0.0,12.0,21553.0,0
32000.0,23.13,5,300000.0,12.8,665.0,2.0,24.0,31001.0,0
9000.0,9.8,1,137000.0,10.93,665.0,0.0,11.0,6628.0,0
2000.0,11.99,2,90000.0,21.08,705.0,0.0,17.0,20540.0,0
7200.0,12.88,2,50000.0,23.33,660.0,4.0,12.0,6564.0,0
5000.0,7.49,0,25000.0,14.4,720.0,0.0,4.0,3340.0,1
15550.0,17.27,3,85000.0,20.19,675.0,0.0,8.0,6183.0,0
16000.0,8.49,1,65800.0,18.62,725.0,0.0,5.0,17898.0,0
10000.0,13.99,2,67000.0,15.74,735.0,0.0,8.0,32994.0,1
10000.0,7.49,0,60000.0,12.33,695.0,0.0,7.0,3707.0,0
11850.0,10.78,1,70000.0,4.8,665.0,0.0,5.0,1746.0,0
8400.0,12.88,2,130000.0,10.51,675.0,0.0,14.0,4469.0,0
2000.0,13.44,2,47000.0,5.67,660.0,0.0,9.0,3849.0,0
7200.0,15.77,3,54000.0,33.56,660.0,0.0,25.0,27771.0,0
7000.0,9.17,1,109000.0,33.02,670.0,2.0,15.0,52129.0,0
4350.0,15.77,3,42000.0,24.03,670.0,0.0,11.0,1287.0,0
9650.0,11.99,2,30000.0,28.52,665.0,1.0,14.0,5207.0,0
35000.0,22.45,5,100000.0,24.06,675.0,1.0,11.0,34315.0,0
18025.0,21.48,4,41000.0,38.29,705.0,0.0,24.0,890.0,1
10000.0,17.97,3,24000.0,3.75,680.0,0.0,13.0,2450.0,1
11000.0,9.8,1,28000.0,15.43,665.0,0.0,2.0,7850.0,0
20000.0,9.8,1,250000.0,10.17,675.0,0.0,8.0,27136.0,0
7000.0,11.99,2,39500.0,32.12,700.0,0.0,16.0,10082.0,0
30000.0,9.17,1,400000.0,8.54,725.0,0.0,13.0,12758.0,0
28000.0,12.88,2,143500.0,4.07,660.0,0.0,11.0,7537.0,0
15000.0,13.44,2,31000.0,6.81,680.0,1.0,11.0,5183.0,0
17550.0,13.99,2,39000.0,33.78,730.0,0.0,20.0,15823.0,1
8750.0,13.44,2,25000.0,29.81,680.0,0.0,7.0,9328.0,0
21000.0,11.99,2,52000.0,15.79,685.0,0.0,12.0,8184.0,0
6000.0,11.48,1,59500.0,16.42,685.0,0.0,13.0,9043.0,1
6700.0,7.49,0,75000.0,24.31,705.0,1.0,19.0,8004.0,0
21000.0,15.77,3,120000.0,24.36,660.0,1.0,10.0,10554.0,0
15000.0,13.44,2,60000.0,28.88,670.0,0.0,15.0,15410.0,0
8450.0,16.59,3,50000.0,30.32,695.0,0.0,11.0,28579.0,1
12000.0,11.48,1,53000.0,11.77,690.0,0.0,30.0,12362.0,0
24000.0,11.48,1,53000.0,3.49,705.0,0.0,12.0,6579.0,0
21000.0,7.91,0,75000.0,38.98,700.0,0.0,13.0,22308.0,0
10000.0,9.17,1,81000.0,13.97,715.0,1.0,20.0,9490.0,1
15000.0,13.99,2,68000.0,28.29,665.0,0.0,7.0,7465.0,0
35000.0,13.99,2,135000.0,21.05,660.0,0.0,18.0,16331.0,1
8400.0,6.49,0,48500.0,29.04,695.0,0.0,7.0,29920.0,0
11800.0,20.5,4,45000.0,23.67,715.0,0.0,17.0,10171.0,0
24000.0,11.99,2,100000.0,13.2,730.0,0.0,12.0,2998.0,1
5500.0,11.48,1,54000.0,38.0,685.0,1.0,12.0,12969.0,1
35000.0,8.49,1,105000.0,25.62,695.0,0.0,14.0,47795.0,0
5000.0,17.97,3,24500.0,24.55,690.0,0.0,8.0,13902.0,1
24000.0,9.17,1,145000.0,9.96,690.0,0.0,9.0,24670.0,0
15000.0,7.49,0,72000.0,5.93,680.0,0.0,14.0,8641.0,1
28000.0,9.17,1,85000.0,23.15,695.0,0.0,44.0,23618.0,0
10000.0,12.88,2,48500.0,23.29,665.0,2.0,14.0,6650.0,0
11000.0,8.49,1,140000.0,9.27,670.0,0.0,16.0,12869.0,0
5000.0,9.8,1,60250.0,1.41,685.0,0.0,7.0,3403.0,0
10000.0,14.85,2,45000.0,26.76,670.0,0.0,14.0,17916.0,0
12000.0,9.8,1,101000.0,14.9,680.0,0.0,15.0,5313.0,0
35000.0,21.48,4,100000.0,33.52,690.0,0.0,17.0,39124.0,0
2400.0,11.48,1,94000.0,22.3,670.0,0.0,34.0,19876.0,0
10000.0,8.49,1,49000.0,19.25,720.0,0.0,10.0,3726.0,1
30000.0,13.44,2,114000.0,30.78,710.0,1.0,18.0,19900.0,0
14000.0,16.59,3,50000.0,31.11,660.0,0.0,9.0,11719.0,1
8000.0,11.48,1,100000.0,19.88,695.0,1.0,12.0,2330.0,0
18000.0,6.99,0,98000.0,20.7,740.0,0.0,20.0,31754.0,0
13500.0,10.78,1,42000.0,11.8,690.0,0.0,6.0,13789.0,0
21000.0,11.48,1,127000.0,28.36,740.0,0.0,37.0,52340.0,1
13000.0,6.49,0,50000.0,11.21,710.0,0.0,9.0,13798.0,0
16800.0,15.77,3,55555.0,26.23,675.0,0.0,12.0,8714.0,1
5000.0,15.77,3,55000.0,30.15,685.0,0.0,8.0,3057.0,0
8000.0,9.8,1,65000.0,34.98,660.0,2.0,28.0,35481.0,1
24800.0,15.77,3,70000.0,37.29,720.0,0.0,8.0,16374.0,1
30000.0,13.99,2,95000.0,12.39,675.0,0.0,18.0,14314.0,0
18000.0,5.32,0,111000.0,6.5,705.0,1.0,14.0,7149.0,1
30000.0,7.49,0,130000.0,9.73,750.0,0.0,23.0,22575.0,0
25000.0,5.32,0,80000.0,21.0,705.0,0.0,14.0,217942.0,0
10000.0,13.44,2,80000.0,29.28,670.0,0.0,13.0,9140.0,1
24000.0,5.32,0,158000.0,8.65,760.0,0.0,16.0,29314.0,0
2325.0,16.59,3,72000.0,13.55,675.0,3.0,7.0,2428.0,1
15000.0,17.27,3,45000.0,30.99,660.0,0.0,19.0,8151.0,1
4800.0,9.17,1,66000.0,17.85,665.0,0.0,12.0,7449.0,0
8400.0,13.44,2,40000.0,16.06,665.0,0.0,22.0,18268.0,0
27000.0,15.77,3,80000.0,25.86,670.0,0.0,15.0,25239.0,0
10900.0,18.49,3,39000.0,36.71,695.0,0.0,10.0,5005.0,1
10000.0,11.48,1,50000.0,26.07,685.0,0.0,8.0,5736.0,0
16000.0,8.49,1,85000.0,12.95,700.0,0.0,6.0,4347.0,0
15000.0,5.32,0,85000.0,13.47,730.0,2.0,14.0,8544.0,0
10000.0,12.88,2,56000.0,30.63,670.0,0.0,7.0,4511.0,0
23000.0,10.78,1,50000.0,29.5,690.0,2.0,23.0,25305.0,0
21125.0,17.97,3,120000.0,1.55,770.0,1.0,10.0,5513.0,1
20000.0,7.91,0,98000.0,17.79,685.0,1.0,12.0,21615.0,1
10250.0,10.78,1,68000.0,29.15,700.0,0.0,7.0,32167.0,0
15450.0,14.85,2,47471.06,27.43,700.0,0.0,16.0,8405.0,0
19200.0,8.49,1,168000.0,13.49,670.0,0.0,14.0,12296.0,0
15200.0,17.97,3,132000.0,10.83,665.0,0.0,21.0,17529.0,0
28625.0,14.85,2,57286.8,22.86,735.0,0.0,31.0,36833.0,0
8400.0,10.78,1,70000.0,17.4,660.0,0.0,12.0,7203.0,0
13000.0,8.49,1,63000.0,13.68,665.0,1.0,11.0,23767.0,0
26000.0,6.99,0,86000.0,12.1,705.0,0.0,7.0,21896.0,0
11000.0,16.59,3,25000.0,15.41,690.0,1.0,5.0,4615.0,0
13150.0,14.85,2,63700.0,16.26,675.0,1.0,14.0,9479.0,0
12000.0,13.44,2,42200.0,17.72,705.0,3.0,16.0,3438.0,1
8000.0,11.48,1,48000.0,17.18,675.0,1.0,11.0,2269.0,0
5000.0,17.27,3,45000.0,18.93,680.0,0.0,12.0,4147.0,0
20000.0,11.48,1,210000.0,15.35,700.0,1.0,10.0,23550.0,0
18700.0,18.49,3,61259.0,9.89,740.0,0.0,12.0,3495.0,1
8000.0,13.44,2,80000.0,22.14,690.0,4.0,9.0,5050.0,0
30000.0,11.99,2,120000.0,33.15,680.0,0.0,13.0,13151.0,1
10000.0,8.49,1,72000.0,22.62,705.0,0.0,32.0,67221.0,0
27000.0,7.49,0,120000.0,11.28,690.0,0.0,11.0,22415.0,0
18175.0,9.8,1,38000.0,15.6,685.0,0.0,20.0,13412.0,0
1050.0,12.88,2,130000.0,25.43,695.0,0.0,16.0,77138.0,0
12000.0,9.17,1,125000.0,3.06,690.0,1.0,17.0,9609.0,0
18500.0,14.85,2,75000.0,24.27,725.0,0.0,13.0,12800.0,0
7000.0,15.77,3,60000.0,7.28,670.0,0.0,5.0,1095.0,0
15200.0,13.44,2,78000.0,19.4,715.0,0.0,17.0,19688.0,0
4500.0,13.44,2,44900.0,30.36,660.0,1.0,16.0,4823.0,0
7200.0,9.17,1,85000.0,14.57,755.0,0.0,8.0,9326.0,0
7200.0,9.17,1,32000.0,25.43,685.0,0.0,7.0,4420.0,0
7375.0,19.48,4,60000.0,16.08,660.0,1.0,10.0,4300.0,0
4000.0,16.59,3,20100.0,18.99,670.0,0.0,7.0,7850.0,0
6000.0,7.91,0,65000.0,23.06,705.0,0.0,14.0,20063.0,0
6000.0,11.99,2,100000.0,13.82,660.0,1.0,10.0,9191.0,0
20525.0,11.99,2,54600.0,23.16,670.0,0.0,8.0,5994.0,1
8000.0,15.77,3,52000.0,32.73,675.0,0.0,8.0,7383.0,0
5925.0,8.49,1,47000.0,17.9,670.0,0.0,9.0,8203.0,0
3600.0,11.99,2,57000.0,12.55,660.0,1.0,12.0,2942.0,0
20000.0,16.59,3,64500.0,27.57,665.0,0.0,16.0,9165.0,0
12000.0,9.8,1,80000.0,17.31,680.0,0.0,13.0,11162.0,0
12000.0,13.44,2,70000.0,9.79,660.0,0.0,11.0,8280.0,1
16000.0,6.49,0,70000.0,25.22,730.0,0.0,12.0,16434.0,0
8675.0,14.85,2,44000.0,26.49,660.0,0.0,11.0,10444.0,0
12000.0,6.99,0,114000.0,18.99,770.0,0.0,13.0,4273.0,0
10725.0,26.06,5,33000.0,32.33,670.0,0.0,16.0,13049.0,1
30000.0,11.48,1,70000.0,22.22,745.0,0.0,19.0,28042.0,0
5000.0,6.49,0,96000.0,10.45,765.0,0.0,7.0,5336.0,0
16000.0,17.27,3,60000.0,31.84,665.0,0.0,16.0,21659.0,1
6000.0,6.99,0,43000.0,27.88,815.0,0.0,18.0,4742.0,0
12000.0,9.17,1,86000.0,13.37,715.0,0.0,38.0,8591.0,1
15000.0,11.99,2,46000.0,31.23,665.0,0.0,18.0,25818.0,0
35000.0,13.44,2,104000.0,29.19,715.0,0.0,8.0,0.0,0
10825.0,18.99,4,36000.0,15.9,690.0,0.0,9.0,6896.0,1
3500.0,7.91,0,80000.0,7.92,705.0,0.0,5.0,3881.0,0
5000.0,5.32,0,80000.0,3.89,695.0,0.0,9.0,11386.0,0
5600.0,9.8,1,80000.0,14.78,675.0,0.0,8.0,17756.0,0
25000.0,19.89,4,100000.0,38.69,675.0,0.0,11.0,36326.0,0
15000.0,11.99,2,97000.0,0.25,665.0,4.0,5.0,631.0,0
25000.0,18.99,4,37856.0,23.17,670.0,0.0,6.0,9624.0,0
15000.0,13.99,2,30000.0,22.51,665.0,0.0,13.0,16638.0,0
15000.0,9.17,1,56000.0,6.97,685.0,0.0,4.0,13884.0,0
24000.0,9.8,1,67000.0,19.67,695.0,0.0,15.0,24663.0,0
9450.0,13.44,2,22500.0,36.85,675.0,0.0,10.0,5456.0,0
15000.0,9.8,1,79500.0,34.23,705.0,0.0,8.0,8789.0,0
10000.0,5.32,0,92000.0,18.01,685.0,2.0,8.0,14200.0,0
12000.0,7.49,0,67000.0,9.92,680.0,1.0,7.0,6753.0,0
35000.0,7.49,0,150000.0,23.34,720.0,0.0,24.0,38610.0,0
7200.0,11.99,2,19000.0,37.97,705.0,0.0,7.0,6471.0,0
18000.0,12.88,2,61000.0,29.81,695.0,0.0,12.0,11106.0,0
5175.0,13.99,2,46000.0,21.16,700.0,0.0,19.0,5551.0,0
15000.0,9.8,1,85000.0,12.04,660.0,1.0,10.0,8198.0,0
14400.0,7.91,0,70000.0,18.7,690.0,0.0,7.0,12115.0,0
24150.0,21.48,4,57500.0,22.6,675.0,0.0,9.0,5202.0,1
12000.0,13.44,2,106000.0,10.18,670.0,1.0,6.0,7614.0,0
15000.0,6.49,0,97000.0,10.79,700.0,0.0,13.0,15775.0,0
15000.0,14.85,2,130000.0,27.43,670.0,1.0,28.0,20808.0,0
28000.0,5.32,0,162000.0,13.52,765.0,0.0,16.0,19116.0,0
25000.0,13.99,2,64000.0,7.39,695.0,0.0,6.0,16964.0,0
10000.0,11.99,2,149000.0,9.83,685.0,0.0,8.0,10950.0,0
7350.0,25.09,5,41500.0,31.17,665.0,0.0,10.0,11619.0,1
14000.0,15.77,3,67200.0,7.86,670.0,0.0,7.0,5461.0,1
9000.0,13.44,2,68000.0,24.83,710.0,0.0,12.0,25190.0,0
35000.0,19.48,4,80500.0,18.93,740.0,0.0,11.0,8773.0,0
17500.0,11.48,1,48720.0,23.0,680.0,0.0,11.0,17264.0,0
15000.0,9.8,1,45000.0,19.44,665.0,1.0,11.0,17109.0,0
10000.0,12.88,2,64000.0,26.93,675.0,0.0,24.0,8777.0,0
18450.0,11.99,2,41000.0,22.07,685.0,0.0,7.0,21360.0,0
12000.0,12.88,2,76000.0,24.37,675.0,0.0,13.0,21314.0,1
5000.0,6.99,0,80000.0,14.3,835.0,0.0,6.0,7.0,0
28800.0,19.89,4,72746.64,10.57,660.0,0.0,14.0,10685.0,0
32000.0,17.27,3,146000.0,10.26,695.0,0.0,7.0,10299.0,1
13500.0,17.97,3,73000.0,35.95,710.0,0.0,15.0,67028.0,0
12000.0,10.78,1,35000.0,4.6,695.0,0.0,6.0,3752.0,0
10800.0,12.88,2,27000.0,8.58,670.0,0.0,6.0,5769.0,0
6000.0,7.49,0,242000.0,19.22,740.0,0.0,28.0,36741.0,0
8000.0,6.49,0,128000.0,24.73,800.0,0.0,19.0,3560.0,0
35000.0,11.99,2,105000.0,38.07,730.0,0.0,6.0,41952.0,0
15000.0,7.91,0,78000.0,16.48,680.0,0.0,10.0,27959.0,0
8000.0,9.8,1,46000.0,28.96,710.0,0.0,8.0,17739.0,0
35000.0,7.91,0,99400.0,31.82,700.0,1.0,17.0,42875.0,0
30000.0,7.49,0,160000.0,17.12,775.0,0.0,13.0,11948.0,0
6000.0,11.48,1,61000.0,28.49,705.0,0.0,8.0,13066.0,1
1000.0,17.97,3,80000.0,9.84,665.0,1.0,9.0,9460.0,0
28000.0,7.49,0,135000.0,14.64,695.0,0.0,7.0,24020.0,0
22000.0,7.49,0,50000.0,21.22,710.0,0.0,15.0,24186.0,0
16800.0,20.5,4,57000.0,23.85,675.0,1.0,11.0,4833.0,0
11475.0,21.48,4,35000.0,36.98,660.0,0.0,22.0,19112.0,0
15675.0,17.97,3,48000.0,29.48,660.0,1.0,16.0,15131.0,0
18450.0,11.48,1,41000.0,27.66,660.0,1.0,11.0,14442.0,1
25200.0,7.49,0,108000.0,16.31,725.0,0.0,9.0,20588.0,0
7200.0,15.77,3,50000.0,28.05,685.0,0.0,11.0,13383.0,0
10500.0,9.8,1,65000.0,21.49,665.0,1.0,29.0,11156.0,0
35000.0,20.5,4,240000.0,15.26,675.0,0.0,20.0,1300.0,0
15000.0,11.48,1,50000.0,26.79,665.0,0.0,15.0,21519.0,0
32000.0,12.88,2,110000.0,13.84,665.0,3.0,8.0,40067.0,0
35000.0,14.85,2,100000.0,11.27,660.0,0.0,10.0,5725.0,0
2975.0,21.48,4,40000.0,6.9,660.0,0.0,9.0,4197.0,1
6000.0,8.49,1,90000.0,11.2,660.0,0.0,5.0,4373.0,0
16450.0,9.17,1,63000.0,28.39,755.0,0.0,7.0,176.0,0
30600.0,17.97,3,88500.0,39.98,685.0,0.0,17.0,5511.0,1
35000.0,17.97,3,79000.0,18.49,690.0,0.0,11.0,32304.0,1
15000.0,9.8,1,77000.0,21.52,680.0,0.0,15.0,14602.0,0
35000.0,17.27,3,126000.0,18.33,695.0,0.0,23.0,19359.0,0
18000.0,5.32,0,140000.0,12.62,710.0,0.0,8.0,15874.0,0
20000.0,10.78,1,56000.0,28.5,720.0,0.0,12.0,21506.0,0
10000.0,7.91,0,52387.0,12.03,710.0,1.0,8.0,10539.0,0
10700.0,6.49,0,65000.0,28.03,685.0,1.0,10.0,132524.0,0
28000.0,5.32,0,200000.0,13.82,760.0,0.0,21.0,14432.0,0
35000.0,17.97,3,95000.0,27.29,665.0,0.0,27.0,39480.0,1
10000.0,17.27,3,30200.0,9.02,680.0,2.0,7.0,3044.0,0
10000.0,12.88,2,120000.0,15.66,660.0,0.0,6.0,4992.0,0
25000.0,13.44,2,79000.0,8.85,660.0,2.0,10.0,18850.0,0
21000.0,11.99,2,140000.0,22.95,690.0,0.0,15.0,42936.0,0
23825.0,17.97,3,117132.0,20.54,675.0,0.0,14.0,28171.0,0
12000.0,8.49,1,105000.0,20.16,670.0,0.0,7.0,12791.0,0
13650.0,14.85,2,60000.0,28.04,700.0,0.0,12.0,14479.0,0
2000.0,13.44,2,42536.0,29.35,665.0,2.0,7.0,2414.0,0
13300.0,11.99,2,37000.0,15.8,690.0,0.0,7.0,11637.0,0
15000.0,11.99,2,42400.0,31.44,665.0,0.0,28.0,24607.0,0
12000.0,13.99,2,38000.0,31.43,700.0,0.0,9.0,12214.0,0
11000.0,6.99,0,78000.0,21.64,775.0,0.0,22.0,7654.0,0
21000.0,19.48,4,133308.0,24.17,715.0,0.0,27.0,45924.0,0
10800.0,10.78,1,100000.0,13.48,675.0,0.0,12.0,22524.0,0
3900.0,21.48,4,50000.0,20.31,670.0,0.0,11.0,3880.0,0
10000.0,14.85,2,56200.0,8.2,660.0,8.0,14.0,9115.0,0
15000.0,8.49,1,50000.0,21.24,700.0,0.0,10.0,16134.0,0
20000.0,13.99,2,70000.0,34.54,660.0,1.0,13.0,20543.0,0
24000.0,13.44,2,80000.0,19.13,690.0,0.0,19.0,4356.0,1
15000.0,17.97,3,50000.0,26.04,685.0,0.0,9.0,6612.0,1
3200.0,14.85,2,87000.0,24.69,665.0,0.0,12.0,37706.0,0
12000.0,14.85,2,32000.0,21.49,665.0,0.0,8.0,7958.0,0
12800.0,11.99,2,42000.0,9.28,670.0,0.0,10.0,7593.0,0
9000.0,9.17,1,55000.0,19.91,740.0,0.0,14.0,6883.0,0
25600.0,9.17,1,84000.0,12.39,730.0,0.0,8.0,19689.0,0
9800.0,5.32,0,68000.0,4.08,725.0,0.0,3.0,10522.0,0
5600.0,9.17,1,56000.0,19.95,660.0,0.0,22.0,5168.0,0
23700.0,15.77,3,62000.0,33.64,690.0,0.0,28.0,15358.0,1
32750.0,20.5,4,78000.0,25.43,670.0,1.0,18.0,34011.0,0
5000.0,7.49,0,45000.0,27.07,795.0,0.0,12.0,6340.0,0
18000.0,6.49,0,95000.0,12.2,685.0,0.0,10.0,9775.0,0
15000.0,13.44,2,129000.0,18.95,690.0,1.0,12.0,17281.0,0
27000.0,18.99,4,60000.0,21.4,675.0,0.0,8.0,18131.0,1
11500.0,11.99,2,40000.0,23.4,675.0,0.0,9.0,3719.0,0
20250.0,9.8,1,75000.0,20.56,705.0,0.0,9.0,42417.0,0
8000.0,10.78,1,35000.0,11.83,680.0,0.0,27.0,6436.0,0
35000.0,18.49,3,150000.0,16.97,700.0,0.0,14.0,29661.0,0
10125.0,13.44,2,90000.0,25.43,680.0,0.0,8.0,2249.0,0
5575.0,8.49,1,25000.0,27.89,670.0,0.0,4.0,5696.0,0
4800.0,14.85,2,15000.0,6.0,795.0,0.0,3.0,3189.0,0
18000.0,13.44,2,57000.0,18.4,660.0,1.0,14.0,19518.0,0
19575.0,19.48,4,68000.0,34.95,660.0,0.0,26.0,28968.0,1
26000.0,13.44,2,85000.0,28.14,705.0,0.0,26.0,21059.0,1
11525.0,14.85,2,40000.0,16.68,665.0,2.0,22.0,11781.0,0
20000.0,13.44,2,48000.0,22.85,705.0,0.0,10.0,5142.0,0
1200.0,9.8,1,35000.0,19.41,700.0,0.0,8.0,3880.0,0
4175.0,24.24,5,20000.0,15.19,665.0,0.0,3.0,1821.0,1
16000.0,11.99,2,38000.0,18.95,725.0,0.0,13.0,3452.0,1
2750.0,11.48,1,104000.0,24.65,670.0,2.0,17.0,26273.0,0
10000.0,6.99,0,47000.0,19.08,700.0,0.0,8.0,8954.0,1
2400.0,7.91,0,26000.0,25.92,725.0,0.0,19.0,2592.0,0
12000.0,5.32,0,130000.0,14.76,770.0,0.0,10.0,91189.0,0
4800.0,9.17,1,55000.0,19.79,665.0,2.0,10.0,4054.0,0
20000.0,10.78,1,75000.0,24.89,690.0,0.0,10.0,30584.0,0
7200.0,12.88,2,64000.0,11.55,695.0,0.0,13.0,3763.0,0
10000.0,12.88,2,68000.0,18.14,680.0,0.0,15.0,15242.0,0
11000.0,15.77,3,110000.0,14.45,660.0,0.0,16.0,12118.0,0
23250.0,18.99,4,46500.0,17.28,690.0,0.0,9.0,30575.0,0
12000.0,11.99,2,45000.0,25.68,660.0,0.0,9.0,12521.0,0
5600.0,13.44,2,57000.0,11.94,665.0,0.0,8.0,3770.0,0
7000.0,12.88,2,24000.0,36.2,675.0,0.0,5.0,6695.0,0
12000.0,17.27,3,30000.0,12.2,660.0,0.0,12.0,4366.0,1
20000.0,7.49,0,89600.0,6.39,725.0,0.0,1.0,19255.0,0
15000.0,17.97,3,55000.0,16.17,670.0,0.0,6.0,6099.0,1
20550.0,17.27,3,70000.0,29.21,660.0,8.0,12.0,8376.0,0
10000.0,8.49,1,68000.0,25.27,725.0,0.0,10.0,4673.0,0
5000.0,6.99,0,51782.0,21.62,680.0,0.0,7.0,4253.0,0
6400.0,6.99,0,42000.0,17.29,705.0,0.0,11.0,13399.0,0
35000.0,20.5,4,87250.0,17.04,660.0,0.0,8.0,18101.0,0
17500.0,8.49,1,59000.0,18.96,715.0,0.0,7.0,7947.0,0
13000.0,8.49,1,72000.0,12.5,680.0,0.0,19.0,14253.0,1
19625.0,18.49,3,79500.0,18.9,675.0,2.0,14.0,8359.0,0
12050.0,11.48,1,63000.0,29.6,675.0,0.0,23.0,16563.0,0
24000.0,8.49,1,107000.0,16.23,750.0,0.0,9.0,31540.0,0
19300.0,13.44,2,48261.96,17.11,660.0,0.0,12.0,9681.0,1
21200.0,21.48,4,53000.0,25.26,670.0,0.0,10.0,19086.0,1
13000.0,8.49,1,80000.0,21.45,740.0,2.0,22.0,10616.0,0
25000.0,10.78,1,60000.0,21.96,715.0,0.0,13.0,6007.0,0
19800.0,11.48,1,81400.0,22.56,665.0,0.0,11.0,13376.0,0
22000.0,6.99,0,230000.0,13.6,690.0,0.0,7.0,28793.0,0
9600.0,9.17,1,92000.0,31.52,665.0,4.0,38.0,23054.0,0
12000.0,13.44,2,58000.0,12.77,675.0,0.0,7.0,10367.0,0
14400.0,16.59,3,93000.0,17.29,660.0,1.0,26.0,15685.0,1
5900.0,9.17,1,37000.0,11.71,695.0,5.0,8.0,5901.0,0
10925.0,14.85,2,60000.0,17.44,695.0,0.0,7.0,5754.0,0
10000.0,10.78,1,50000.0,6.58,700.0,0.0,8.0,2574.0,0
8400.0,12.88,2,39000.0,34.4,680.0,0.0,5.0,7728.0,0
25000.0,9.8,1,75900.0,6.92,695.0,0.0,8.0,2916.0,0
1400.0,9.8,1,42000.0,38.71,680.0,0.0,24.0,4882.0,0
6000.0,11.48,1,38000.0,13.61,660.0,0.0,21.0,4848.0,1
9450.0,21.48,4,60000.0,36.76,670.0,0.0,10.0,2690.0,1
3000.0,11.48,1,26000.0,14.4,665.0,1.0,12.0,969.0,0
20000.0,13.44,2,65000.0,16.91,730.0,0.0,13.0,12334.0,0
1000.0,12.88,2,70000.0,6.1,680.0,0.0,13.0,2586.0,0
10000.0,18.49,3,77000.0,10.88,690.0,0.0,4.0,5127.0,0
7800.0,6.49,0,70000.0,26.71,695.0,0.0,15.0,52969.0,0
15000.0,12.88,2,43000.0,27.15,680.0,0.0,12.0,14684.0,0
16000.0,11.48,1,75000.0,17.19,685.0,2.0,12.0,12135.0,0
16000.0,5.32,0,120000.0,15.24,775.0,0.0,16.0,14797.0,0
5600.0,8.49,1,30000.0,25.24,740.0,0.0,7.0,3159.0,0
25600.0,13.99,2,108000.0,33.27,675.0,0.0,9.0,6595.0,0
21000.0,13.44,2,115000.0,18.72,695.0,0.0,14.0,14089.0,0
24000.0,14.85,2,48000.0,20.62,705.0,0.0,13.0,18155.0,0
13750.0,23.13,5,81600.0,13.87,675.0,1.0,15.0,11505.0,1
6000.0,16.59,3,48000.0,7.23,670.0,0.0,8.0,6396.0,1
10000.0,5.32,0,67000.0,9.8,760.0,0.0,11.0,4268.0,0
20000.0,11.48,1,96000.0,9.81,675.0,0.0,12.0,12624.0,0
18000.0,6.49,0,174000.0,17.03,750.0,0.0,15.0,22539.0,0
11825.0,24.24,5,85000.0,21.4,660.0,0.0,13.0,9632.0,0
18225.0,28.99,6,50000.0,20.91,670.0,0.0,13.0,29197.0,1
9275.0,19.89,4,62000.0,14.34,690.0,0.0,32.0,12945.0,0
7000.0,8.49,1,46000.0,1.54,710.0,0.0,4.0,1997.0,0
20000.0,5.32,0,51685.22,28.6,695.0,0.0,13.0,43267.0,0
6000.0,9.8,1,60000.0,39.84,725.0,0.0,16.0,62398.0,0
12000.0,10.78,1,54000.0,15.07,660.0,3.0,14.0,11369.0,0
19200.0,15.77,3,113500.0,16.38,665.0,0.0,11.0,18402.0,0
32625.0,17.97,3,68000.0,16.63,685.0,3.0,7.0,8109.0,1
28000.0,7.91,0,115000.0,10.15,710.0,0.0,15.0,15253.0,0
35000.0,20.5,4,90000.0,11.89,665.0,0.0,14.0,61112.0,0
7275.0,16.59,3,80000.0,23.27,665.0,1.0,10.0,4802.0,0
10000.0,9.8,1,40000.0,8.91,675.0,1.0,9.0,4832.0,0
25000.0,13.99,2,150000.0,11.41,665.0,2.0,10.0,15248.0,0
5000.0,5.32,0,90000.0,4.38,795.0,0.0,17.0,2444.0,0
20000.0,8.49,1,60000.0,34.56,690.0,0.0,13.0,34012.0,0
35000.0,17.27,3,255000.0,13.68,670.0,0.0,14.0,40241.0,0
2500.0,9.17,1,165000.0,8.56,675.0,2.0,8.0,16909.0,0
5725.0,12.88,2,12468.0,22.96,715.0,0.0,8.0,6416.0,0
12000.0,10.78,1,42000.0,36.66,705.0,1.0,25.0,8669.0,0
14150.0,16.59,3,30798.0,9.28,680.0,0.0,4.0,2161.0,1
22500.0,13.99,2,45000.0,24.22,740.0,0.0,16.0,24392.0,0
20000.0,6.49,0,58000.0,14.34,825.0,0.0,8.0,8686.0,0
10000.0,14.85,2,40000.0,23.64,670.0,0.0,8.0,2351.0,0
5000.0,11.48,1,28000.0,25.46,665.0,1.0,15.0,5347.0,0
10000.0,11.48,1,30048.0,17.85,665.0,0.0,4.0,11038.0,0
5000.0,13.44,2,35000.0,39.37,675.0,2.0,5.0,2140.0,1
6000.0,9.8,1,151000.0,16.99,670.0,0.0,31.0,18183.0,0
15000.0,9.17,1,60000.0,28.2,690.0,1.0,20.0,17445.0,1
28000.0,7.91,0,100000.0,28.01,700.0,0.0,11.0,15151.0,1
8525.0,13.44,2,60000.0,30.44,675.0,0.0,11.0,28188.0,1
20000.0,16.59,3,60000.0,31.88,705.0,0.0,11.0,7413.0,1
9000.0,15.77,3,28000.0,12.39,675.0,0.0,12.0,8958.0,0
20000.0,18.99,4,92000.0,36.12,695.0,0.0,17.0,22074.0,1
12000.0,19.48,4,45000.0,28.56,745.0,0.0,11.0,5249.0,0
4425.0,14.85,2,48000.0,24.74,700.0,0.0,14.0,14651.0,1
8000.0,8.49,1,60000.0,19.36,680.0,0.0,6.0,8929.0,0
16000.0,13.99,2,83000.0,23.89,695.0,0.0,28.0,17145.0,0
26600.0,19.48,4,65000.0,51.2,685.0,0.0,18.0,36896.0,0
9600.0,11.48,1,60000.0,13.84,660.0,1.0,4.0,6695.0,0
10800.0,11.48,1,79000.0,10.57,690.0,0.0,9.0,14809.0,0
5500.0,6.99,0,100000.0,23.02,775.0,0.0,19.0,36806.0,0
7200.0,13.99,2,34000.0,8.4,660.0,0.0,6.0,8288.0,0
21000.0,19.89,4,66500.0,26.76,685.0,0.0,19.0,9418.0,1
22450.0,11.48,1,56160.0,27.88,755.0,0.0,13.0,12829.0,0
3000.0,12.88,2,41000.0,22.01,695.0,0.0,14.0,6858.0,1
17750.0,9.17,1,47000.0,28.12,730.0,0.0,8.0,44719.0,0
14075.0,14.85,2,30600.0,26.27,715.0,0.0,7.0,12668.0,1
11200.0,13.44,2,28026.0,8.44,700.0,0.0,4.0,4976.0,0
11675.0,17.97,3,50000.0,33.29,690.0,0.0,12.0,6895.0,0
16050.0,8.49,1,43000.0,28.36,675.0,0.0,16.0,6932.0,0
6000.0,6.99,0,77000.0,8.95,720.0,0.0,8.0,18702.0,0
7025.0,14.85,2,23427.0,20.65,670.0,1.0,5.0,4393.0,0
15000.0,9.17,1,110000.0,5.41,660.0,0.0,10.0,15163.0,0
30000.0,11.99,2,77000.0,23.74,695.0,0.0,18.0,35741.0,0
9200.0,12.88,2,50000.0,23.16,665.0,0.0,10.0,15844.0,0
15000.0,16.59,3,34880.0,11.29,695.0,2.0,19.0,14397.0,0
10000.0,15.77,3,36048.0,31.89,670.0,0.0,7.0,4525.0,0
10000.0,8.49,1,120000.0,35.56,720.0,0.0,26.0,64987.0,0
15000.0,11.48,1,65000.0,2.01,670.0,0.0,8.0,4977.0,0
30375.0,16.59,3,120000.0,19.82,665.0,0.0,20.0,9807.0,0
18000.0,9.17,1,140000.0,10.05,700.0,0.0,17.0,15761.0,0
10000.0,6.99,0,90000.0,12.32,725.0,0.0,7.0,12292.0,0
35000.0,11.48,1,112000.0,15.66,690.0,1.0,9.0,38190.0,0
21000.0,9.8,1,127000.0,23.94,690.0,0.0,23.0,7593.0,0
5000.0,11.99,2,44268.0,20.36,680.0,0.0,8.0,23797.0,0
21000.0,14.85,2,67000.0,36.24,690.0,0.0,20.0,47599.0,0
7000.0,8.49,1,70000.0,18.04,675.0,0.0,9.0,6818.0,1
20000.0,9.8,1,58000.0,26.98,660.0,0.0,17.0,14561.0,0
28000.0,17.97,3,120000.0,21.82,685.0,0.0,34.0,34334.0,0
3600.0,9.17,1,65986.0,11.46,670.0,0.0,16.0,2296.0,0
13925.0,19.89,4,80000.0,21.77,680.0,0.0,8.0,3561.0,0
20000.0,21.48,4,120000.0,14.71,690.0,0.0,13.0,44806.0,0
24925.0,24.24,5,78000.0,25.85,660.0,0.0,8.0,4510.0,0
30225.0,28.99,6,83400.0,21.56,695.0,0.0,8.0,13186.0,0
9600.0,6.49,0,130000.0,15.88,765.0,0.0,11.0,9480.0,0
12000.0,8.49,1,100000.0,14.53,725.0,0.0,6.0,30504.0,0
30000.0,17.27,3,88000.0,28.06,670.0,0.0,11.0,14068.0,0
10000.0,9.8,1,38480.0,23.71,715.0,0.0,17.0,9555.0,1
8000.0,9.17,1,90000.0,8.37,660.0,0.0,11.0,8111.0,0
5400.0,14.85,2,53000.0,28.83,710.0,0.0,24.0,8825.0,0
21000.0,21.48,4,78000.0,20.74,705.0,0.0,17.0,55377.0,1
4800.0,9.8,1,33000.0,6.91,695.0,0.0,7.0,5327.0,0
10000.0,11.48,1,70000.0,28.27,665.0,0.0,13.0,19250.0,0
13700.0,17.97,3,38500.0,21.13,665.0,0.0,12.0,13022.0,1
15000.0,13.99,2,62000.0,27.75,660.0,0.0,8.0,17722.0,1
12000.0,7.91,0,46105.0,15.85,700.0,0.0,23.0,19487.0,0
8500.0,6.99,0,45000.0,14.61,690.0,0.0,7.0,9317.0,0
15000.0,10.78,1,35000.0,10.91,680.0,0.0,5.0,9588.0,1
35000.0,8.49,1,90000.0,15.71,705.0,0.0,16.0,11489.0,0
8000.0,6.99,0,119000.0,7.48,685.0,2.0,6.0,10721.0,0
18000.0,13.99,2,90000.0,37.49,715.0,0.0,16.0,21077.0,0
11425.0,17.97,3,38500.0,15.8,680.0,1.0,10.0,4214.0,1
10000.0,7.49,0,115000.0,21.04,700.0,0.0,13.0,15741.0,0
20000.0,12.88,2,61339.0,2.11,680.0,0.0,3.0,4175.0,0
12000.0,7.49,0,48000.0,25.05,685.0,1.0,27.0,12318.0,0
23450.0,15.77,3,65440.0,30.92,740.0,0.0,8.0,38124.0,0
4500.0,16.59,3,50000.0,8.35,680.0,1.0,12.0,660.0,1
19525.0,13.44,2,39072.0,20.42,755.0,0.0,8.0,9559.0,0
28000.0,19.89,4,125000.0,17.67,670.0,0.0,16.0,27221.0,0
24000.0,13.99,2,78600.0,11.36,665.0,0.0,7.0,14754.0,0
35000.0,17.97,3,116000.0,18.08,690.0,0.0,14.0,21047.0,0
19000.0,16.59,3,55000.0,31.72,665.0,0.0,10.0,26038.0,0
16800.0,7.91,0,78000.0,13.8,680.0,1.0,10.0,10989.0,0
10000.0,7.91,0,75000.0,26.19,695.0,1.0,9.0,4274.0,0
12000.0,8.49,1,52000.0,23.1,680.0,0.0,14.0,7282.0,1
28000.0,6.49,0,130000.0,15.89,700.0,1.0,27.0,42340.0,0
8000.0,11.99,2,48000.0,8.78,675.0,0.0,6.0,10562.0,0
11000.0,6.49,0,62000.0,16.59,700.0,0.0,8.0,23924.0,0
25000.0,13.44,2,176000.0,15.91,705.0,0.0,9.0,65892.0,0
8000.0,13.44,2,95000.0,38.42,680.0,0.0,14.0,42697.0,0
8000.0,11.48,1,125000.0,38.65,675.0,1.0,13.0,94627.0,0
11500.0,18.49,3,32000.0,38.45,660.0,0.0,19.0,16285.0,0
18025.0,13.44,2,48000.0,24.95,660.0,0.0,15.0,18395.0,0
9400.0,11.48,1,100000.0,14.77,710.0,0.0,6.0,5386.0,0
9000.0,6.99,0,75000.0,11.82,790.0,0.0,5.0,4674.0,0
18000.0,12.88,2,49583.0,38.45,675.0,0.0,6.0,23216.0,0
7700.0,11.48,1,90000.0,12.02,660.0,0.0,7.0,4611.0,0
5000.0,9.8,1,47000.0,16.47,700.0,0.0,7.0,9592.0,0
15000.0,21.48,4,75000.0,14.97,670.0,0.0,14.0,4112.0,1
8000.0,13.99,2,90000.0,2.55,660.0,0.0,5.0,3603.0,0
8000.0,13.44,2,98500.0,9.23,665.0,0.0,18.0,6263.0,0
10000.0,17.97,3,80000.0,9.62,660.0,1.0,27.0,8160.0,0
10000.0,8.49,1,100000.0,5.27,670.0,0.0,9.0,6562.0,0
15000.0,12.88,2,55000.0,32.05,665.0,0.0,10.0,11897.0,1
16000.0,11.48,1,36400.0,9.96,700.0,0.0,4.0,5386.0,0
19200.0,14.85,2,48961.0,25.47,725.0,0.0,11.0,8325.0,1
12000.0,13.44,2,35000.0,29.8,660.0,0.0,10.0,12127.0,0
15000.0,9.17,1,50000.0,18.44,730.0,0.0,14.0,16570.0,0
6000.0,6.49,0,90000.0,6.55,680.0,0.0,13.0,621.0,0
20000.0,10.78,1,231000.0,20.09,690.0,0.0,16.0,86207.0,0
10400.0,15.77,3,55000.0,11.35,695.0,0.0,10.0,7708.0,1
15000.0,9.8,1,92000.0,6.17,660.0,0.0,9.0,10993.0,0
15000.0,11.99,2,47000.0,10.11,690.0,0.0,8.0,8748.0,0
25000.0,13.44,2,70000.0,22.15,755.0,0.0,9.0,3833.0,1
2950.0,13.99,2,70000.0,20.47,670.0,0.0,11.0,1257.0,0
12500.0,9.17,1,34000.0,12.9,710.0,0.0,9.0,13239.0,0
12000.0,12.88,2,160000.0,18.95,665.0,0.0,16.0,62285.0,1
35000.0,13.99,2,83000.0,15.49,715.0,0.0,14.0,13411.0,0
8800.0,7.49,0,64000.0,12.43,715.0,0.0,9.0,8300.0,0
24000.0,6.49,0,155000.0,27.15,695.0,0.0,25.0,68320.0,0
15000.0,6.49,0,60000.0,15.86,695.0,0.0,7.0,12148.0,0
12000.0,9.8,1,65000.0,7.37,670.0,0.0,8.0,6538.0,0
24000.0,9.17,1,195000.0,12.54,675.0,0.0,17.0,14908.0,1
7000.0,6.99,0,79000.0,21.67,710.0,0.0,18.0,10690.0,0
12000.0,7.49,0,41000.0,5.71,680.0,0.0,11.0,66.0,0
10100.0,5.32,0,45000.0,9.47,705.0,1.0,10.0,7398.0,0
6500.0,10.78,1,22000.0,33.99,660.0,0.0,9.0,5640.0,0
10000.0,14.85,2,42000.0,19.23,695.0,0.0,8.0,2454.0,0
15300.0,22.45,5,45000.0,27.44,685.0,0.0,9.0,13767.0,1
20000.0,10.78,1,65000.0,24.31,740.0,0.0,17.0,45144.0,0
15000.0,10.78,1,65000.0,24.1,675.0,1.0,24.0,3832.0,0
14225.0,17.97,3,35600.0,24.24,670.0,0.0,11.0,11771.0,1
11000.0,9.17,1,87000.0,18.88,710.0,0.0,22.0,6373.0,1
18000.0,5.32,0,135000.0,8.48,755.0,0.0,9.0,15347.0,0
12000.0,11.99,2,98000.0,10.36,680.0,0.0,13.0,12652.0,0
6775.0,11.99,2,170000.0,2.49,680.0,1.0,8.0,3187.0,0
33500.0,13.99,2,265000.0,25.96,705.0,0.0,20.0,32029.0,1
12000.0,11.99,2,46000.0,13.93,715.0,0.0,8.0,8233.0,0
15000.0,17.97,3,69000.0,16.92,665.0,1.0,20.0,12090.0,0
10000.0,11.99,2,65000.0,4.69,660.0,0.0,16.0,8454.0,0
28000.0,18.49,3,76000.0,13.66,695.0,0.0,12.0,35620.0,0
1500.0,13.99,2,48000.0,24.33,685.0,0.0,6.0,3971.0,0
11825.0,13.44,2,26900.0,28.87,695.0,0.0,11.0,11951.0,0
2000.0,13.44,2,33000.0,38.33,690.0,0.0,10.0,5499.0,0
10000.0,7.91,0,162000.0,38.86,690.0,0.0,27.0,161628.0,0
16700.0,8.49,1,42000.0,19.66,690.0,0.0,11.0,13885.0,1
10000.0,19.48,4,67900.0,13.01,670.0,0.0,12.0,8948.0,0
12000.0,9.8,1,85000.0,18.03,685.0,2.0,17.0,36232.0,1
5000.0,18.49,3,38000.0,22.96,665.0,0.0,8.0,3365.0,1
5000.0,10.78,1,56000.0,15.5,670.0,0.0,6.0,1994.0,0
12000.0,7.49,0,75000.0,24.94,770.0,0.0,13.0,2494.0,0
8000.0,11.48,1,65000.0,13.0,660.0,0.0,6.0,2886.0,0
14400.0,11.99,2,80000.0,9.17,675.0,2.0,12.0,10287.0,0
10000.0,17.27,3,110000.0,16.43,665.0,0.0,29.0,23933.0,0
15000.0,13.44,2,60000.0,10.32,675.0,0.0,9.0,13864.0,1
20000.0,16.59,3,100000.0,12.38,690.0,0.0,14.0,16640.0,1
30000.0,15.77,3,85000.0,25.38,760.0,0.0,26.0,23054.0,1
25000.0,14.85,2,81000.0,16.79,675.0,1.0,6.0,7307.0,0
25000.0,15.77,3,105000.0,10.19,665.0,0.0,6.0,34.0,1
12000.0,11.99,2,70000.0,19.0,740.0,0.0,39.0,1909.0,0
12000.0,5.32,0,134000.0,6.65,810.0,0.0,6.0,40178.0,0
15000.0,8.49,1,36000.0,28.43,730.0,1.0,14.0,18114.0,0
20000.0,6.49,0,75000.0,21.62,690.0,0.0,13.0,21025.0,0
8400.0,9.17,1,62000.0,10.88,750.0,0.0,12.0,13054.0,0
6000.0,9.8,1,24000.0,18.15,665.0,2.0,8.0,1651.0,0
20000.0,6.49,0,150000.0,1.14,770.0,0.0,4.0,12031.0,0
8000.0,7.49,0,46000.0,19.7,695.0,0.0,12.0,4577.0,0
19675.0,16.59,3,82000.0,17.77,670.0,0.0,16.0,12556.0,0
15200.0,9.8,1,55000.0,16.07,730.0,0.0,6.0,12475.0,0
22000.0,7.91,0,90000.0,17.59,710.0,1.0,12.0,20108.0,0
12000.0,17.97,3,40000.0,33.48,675.0,0.0,11.0,7991.0,0
12000.0,6.49,0,50000.0,28.18,750.0,0.0,9.0,10942.0,0
15600.0,13.99,2,60000.0,18.76,695.0,1.0,13.0,2532.0,0
10000.0,16.59,3,75000.0,21.31,670.0,0.0,11.0,8376.0,0
15000.0,5.32,0,85000.0,18.48,735.0,0.0,15.0,26683.0,0
21675.0,17.27,3,61000.0,23.23,660.0,0.0,10.0,16430.0,0
10000.0,14.85,2,125000.0,9.33,675.0,1.0,18.0,29651.0,1
24000.0,6.49,0,65000.0,16.97,800.0,0.0,12.0,11859.0,0
13600.0,19.48,4,247000.0,11.44,705.0,1.0,10.0,81363.0,0
2400.0,9.17,1,250000.0,7.46,665.0,0.0,10.0,4357.0,0
15000.0,13.99,2,70000.0,4.32,700.0,0.0,6.0,9813.0,0
3425.0,15.77,3,40000.0,21.57,675.0,0.0,7.0,5593.0,0
5000.0,6.99,0,45000.0,12.24,700.0,0.0,9.0,7545.0,0
3500.0,11.48,1,17000.0,6.0,705.0,0.0,7.0,3004.0,0
15000.0,14.85,2,60000.0,31.76,680.0,0.0,15.0,6758.0,0
15000.0,10.78,1,45000.0,17.28,720.0,0.0,8.0,14579.0,0
18000.0,11.99,2,120000.0,19.46,680.0,0.0,12.0,12040.0,0
12875.0,15.77,3,70000.0,19.66,660.0,0.0,17.0,10734.0,0
22000.0,10.78,1,100000.0,6.82,710.0,0.0,8.0,24057.0,0
16000.0,17.27,3,32000.0,35.3,675.0,0.0,11.0,14975.0,0
24000.0,7.49,0,147000.0,23.81,710.0,0.0,13.0,38295.0,0
5500.0,6.49,0,47000.0,16.32,735.0,0.0,11.0,5364.0,0
20000.0,10.78,1,82988.0,13.01,705.0,0.0,12.0,16998.0,0
5000.0,7.49,0,84000.0,8.62,695.0,1.0,10.0,5838.0,0
24000.0,9.17,1,145000.0,4.37,705.0,0.0,29.0,19770.0,0
32000.0,12.88,2,180000.0,6.36,665.0,0.0,16.0,44704.0,0
12000.0,8.49,1,130000.0,4.82,690.0,4.0,13.0,5854.0,0
3400.0,9.8,1,45000.0,15.09,700.0,2.0,12.0,917.0,0
20000.0,10.78,1,50000.0,11.28,680.0,0.0,7.0,13119.0,0
12000.0,13.44,2,50000.0,24.57,700.0,0.0,7.0,7122.0,0
16500.0,8.49,1,55000.0,15.54,705.0,0.0,9.0,17345.0,0
14000.0,11.48,1,52000.0,31.13,670.0,1.0,25.0,17093.0,0
22000.0,9.8,1,80000.0,12.08,685.0,0.0,10.0,20178.0,0
13800.0,11.99,2,50000.0,19.49,735.0,0.0,4.0,16662.0,0
6000.0,5.32,0,59000.0,10.59,755.0,0.0,11.0,5273.0,0
12500.0,11.99,2,45000.0,13.71,685.0,0.0,8.0,2910.0,0
15000.0,5.32,0,99000.0,2.08,825.0,0.0,8.0,4394.0,0
12000.0,21.48,4,160000.0,18.09,690.0,2.0,14.0,24855.0,1
8000.0,8.49,1,75000.0,7.39,680.0,0.0,17.0,11375.0,0
9425.0,11.99,2,31000.0,27.52,670.0,0.0,12.0,10509.0,0
20000.0,13.99,2,53000.0,20.54,690.0,0.0,13.0,15266.0,0
24000.0,8.49,1,525000.0,5.14,665.0,0.0,9.0,53082.0,0
23050.0,12.88,2,60000.0,33.78,680.0,0.0,17.0,35951.0,1
15000.0,9.8,1,60000.0,14.56,705.0,0.0,6.0,2323.0,0
9000.0,9.17,1,47000.0,26.0,750.0,0.0,8.0,9663.0,0
15000.0,10.78,1,35000.0,30.98,690.0,1.0,24.0,26054.0,0
10000.0,11.99,2,35000.0,36.21,735.0,1.0,12.0,2919.0,0
7200.0,12.88,2,55000.0,18.5,675.0,0.0,7.0,3829.0,0
7200.0,10.78,1,102000.0,17.08,695.0,0.0,4.0,2823.0,0
8000.0,11.99,2,50000.0,15.19,685.0,0.0,6.0,2698.0,0
21000.0,8.49,1,92000.0,19.89,765.0,0.0,12.0,37240.0,0
6000.0,10.78,1,100000.0,24.34,685.0,0.0,10.0,24537.0,0
20000.0,11.99,2,65000.0,12.87,710.0,0.0,23.0,3871.0,0
24000.0,5.32,0,120000.0,27.06,730.0,0.0,10.0,12864.0,0
18675.0,18.49,3,65000.0,26.74,675.0,1.0,17.0,16679.0,0
24000.0,11.48,1,95000.0,23.43,710.0,0.0,21.0,40094.0,0
2500.0,13.99,2,40000.0,26.55,725.0,0.0,6.0,2450.0,0
15000.0,11.48,1,155000.0,13.76,690.0,1.0,10.0,9794.0,0
24000.0,6.49,0,110000.0,7.87,710.0,0.0,15.0,26946.0,0
16800.0,11.99,2,80000.0,10.58,710.0,0.0,9.0,7773.0,0
16225.0,15.77,3,55000.0,17.94,690.0,0.0,11.0,21233.0,0
31200.0,11.99,2,100000.0,8.34,695.0,0.0,6.0,12380.0,0
10000.0,8.49,1,55000.0,11.08,695.0,0.0,8.0,10235.0,0
24000.0,15.77,3,65000.0,27.58,665.0,1.0,18.0,43562.0,1
35000.0,14.85,2,150000.0,31.65,710.0,0.0,14.0,74594.0,1
35000.0,14.85,2,80365.0,21.79,680.0,0.0,10.0,44775.0,0
16400.0,7.49,0,80000.0,11.84,740.0,0.0,10.0,28825.0,0
20000.0,18.49,3,54000.0,30.27,675.0,0.0,14.0,13167.0,1
30000.0,6.99,0,75000.0,18.91,750.0,0.0,15.0,11080.0,0
24000.0,6.49,0,145000.0,18.4,695.0,0.0,22.0,39239.0,0
6000.0,7.91,0,46000.0,4.38,680.0,0.0,4.0,5570.0,0
15600.0,9.8,1,54000.0,19.33,680.0,0.0,26.0,12255.0,0
4000.0,9.8,1,80000.0,4.79,665.0,1.0,12.0,10097.0,0
8000.0,8.49,1,55000.0,20.18,665.0,1.0,6.0,4193.0,1
24000.0,9.17,1,100000.0,18.6,705.0,0.0,16.0,13600.0,0
22025.0,18.99,4,145000.0,18.56,690.0,0.0,9.0,11279.0,0
10000.0,6.49,0,80000.0,22.17,695.0,0.0,16.0,15045.0,0
14000.0,13.44,2,80000.0,20.73,760.0,0.0,23.0,15934.0,0
17500.0,14.85,2,93288.0,23.9,680.0,1.0,10.0,16820.0,0
6500.0,7.91,0,85000.0,3.97,705.0,3.0,9.0,9337.0,0
5000.0,13.99,2,70000.0,24.26,690.0,0.0,18.0,12594.0,1
10000.0,7.91,0,52000.0,27.65,690.0,0.0,9.0,8627.0,0
9000.0,11.48,1,128000.0,17.72,670.0,1.0,12.0,12398.0,1
5500.0,9.17,1,39000.0,17.11,660.0,0.0,7.0,6663.0,0
9000.0,9.8,1,70000.0,23.11,670.0,0.0,13.0,10175.0,0
3500.0,18.49,3,56000.0,14.57,665.0,0.0,5.0,570.0,0
12000.0,5.32,0,110000.0,13.58,695.0,0.0,17.0,18925.0,0
25000.0,9.17,1,140000.0,17.91,765.0,0.0,24.0,23104.0,0
35000.0,11.48,1,110000.0,24.98,670.0,0.0,27.0,6808.0,0
6275.0,5.32,0,60000.0,2.78,760.0,0.0,7.0,5769.0,0
28000.0,6.99,0,425000.0,2.49,725.0,1.0,13.0,10303.0,1
20000.0,9.17,1,48000.0,20.78,675.0,0.0,14.0,20861.0,1
5000.0,14.85,2,90000.0,23.01,680.0,0.0,12.0,21729.0,0
8325.0,12.88,2,27000.0,27.69,660.0,0.0,9.0,9955.0,1
17000.0,10.78,1,139000.0,30.46,665.0,2.0,19.0,12899.0,0
16000.0,9.8,1,60000.0,15.3,695.0,0.0,6.0,10166.0,0
8950.0,8.49,1,48000.0,8.06,660.0,0.0,4.0,7563.0,0
11200.0,11.48,1,60000.0,18.94,660.0,1.0,10.0,7668.0,0
14400.0,17.97,3,40000.0,7.59,675.0,0.0,8.0,10735.0,1
10000.0,9.8,1,50000.0,27.44,715.0,0.0,15.0,15379.0,0
8800.0,15.77,3,60000.0,15.92,690.0,0.0,6.0,6947.0,1
20000.0,14.85,2,91255.0,13.2,665.0,1.0,4.0,10962.0,0
12975.0,17.97,3,116000.0,27.8,705.0,0.0,16.0,23088.0,0
10800.0,15.77,3,87261.0,7.89,670.0,0.0,10.0,6165.0,0
10000.0,9.8,1,46000.0,33.39,700.0,0.0,16.0,20225.0,0
30000.0,9.17,1,150000.0,17.27,715.0,0.0,23.0,41988.0,1
4500.0,11.99,2,64000.0,27.45,665.0,2.0,13.0,6028.0,0
6475.0,15.77,3,80000.0,12.26,705.0,0.0,6.0,2099.0,0
9475.0,19.48,4,50000.0,19.49,660.0,0.0,20.0,4837.0,1
6000.0,13.44,2,60000.0,10.28,695.0,0.0,8.0,182.0,0
8000.0,9.17,1,53000.0,27.94,675.0,7.0,17.0,6487.0,0
28000.0,6.49,0,125000.0,18.63,695.0,1.0,19.0,51262.0,0
6525.0,17.97,3,65000.0,27.02,660.0,7.0,12.0,5474.0,1
6000.0,13.44,2,35000.0,16.74,675.0,0.0,6.0,4320.0,0
12000.0,11.48,1,60000.0,21.78,700.0,0.0,7.0,14351.0,0
4000.0,12.88,2,130000.0,14.01,685.0,0.0,7.0,33422.0,0
28000.0,16.59,3,95660.0,32.71,675.0,0.0,16.0,47811.0,1
20000.0,13.99,2,70000.0,33.48,660.0,0.0,13.0,14524.0,1
4000.0,12.88,2,80000.0,6.45,665.0,0.0,8.0,1986.0,0
28000.0,15.77,3,90000.0,36.36,705.0,0.0,9.0,15938.0,1
8000.0,7.91,0,65000.0,24.5,680.0,0.0,19.0,23478.0,0
16000.0,11.48,1,101000.0,26.76,740.0,0.0,15.0,17478.0,0
20000.0,11.48,1,250000.0,17.08,685.0,0.0,18.0,59752.0,0
30400.0,10.78,1,90000.0,13.27,660.0,2.0,5.0,5843.0,0
15000.0,11.99,2,80000.0,22.14,695.0,0.0,7.0,12494.0,0
12000.0,5.32,0,65000.0,7.4,750.0,0.0,5.0,12809.0,0
15000.0,9.8,1,125000.0,11.11,705.0,0.0,15.0,13739.0,0
30000.0,9.8,1,104000.0,22.57,725.0,0.0,23.0,47885.0,0
21000.0,10.78,1,130000.0,13.72,730.0,0.0,14.0,32643.0,0
16000.0,18.49,3,57000.0,27.15,685.0,0.0,10.0,4503.0,0
24000.0,12.88,2,68000.0,23.91,715.0,0.0,12.0,26617.0,0
12000.0,6.49,0,100000.0,14.58,740.0,0.0,6.0,11268.0,0
6475.0,19.89,4,30000.0,32.12,675.0,0.0,12.0,6493.0,0
20000.0,13.44,2,120000.0,9.6,735.0,0.0,2.0,20485.0,0
14400.0,9.8,1,62000.0,17.03,735.0,1.0,11.0,4827.0,0
15000.0,16.59,3,67000.0,15.22,680.0,0.0,6.0,18229.0,0
24500.0,7.49,0,79000.0,7.98,685.0,0.0,7.0,23150.0,0
8000.0,12.88,2,78000.0,13.15,670.0,0.0,7.0,4705.0,0
1675.0,14.85,2,25000.0,7.63,660.0,0.0,7.0,6228.0,0
11675.0,10.78,1,100000.0,18.1,675.0,0.0,11.0,14195.0,0
8000.0,9.17,1,60768.0,12.56,745.0,0.0,10.0,7610.0,0
18000.0,9.8,1,250000.0,14.24,670.0,0.0,14.0,9705.0,0
15000.0,11.99,2,135000.0,6.64,675.0,1.0,9.0,9387.0,0
12000.0,12.88,2,62000.0,21.06,740.0,0.0,6.0,6366.0,0
15000.0,11.99,2,68000.0,13.61,670.0,0.0,7.0,5068.0,0
12000.0,6.99,0,45000.0,15.52,740.0,0.0,9.0,12909.0,0
20000.0,7.91,0,117000.0,27.9,725.0,0.0,14.0,30446.0,0
1500.0,13.44,2,39600.0,22.51,700.0,0.0,12.0,12232.0,0
12000.0,9.17,1,90000.0,11.76,665.0,5.0,20.0,11328.0,1
12000.0,12.88,2,54000.0,16.0,665.0,0.0,9.0,6690.0,0
11000.0,13.99,2,30600.0,30.67,760.0,0.0,6.0,6290.0,1
22925.0,16.55,3,49872.95,24.62,720.0,0.0,7.0,17954.0,1
18000.0,11.48,1,220000.0,19.56,700.0,0.0,20.0,22965.0,0
24000.0,5.32,0,74000.0,14.77,755.0,0.0,19.0,20389.0,0
20000.0,17.27,3,81360.0,27.78,760.0,0.0,16.0,9994.0,0
16800.0,23.13,5,50000.0,28.61,675.0,0.0,19.0,8171.0,1
35000.0,9.17,1,123000.0,23.98,750.0,0.0,16.0,14465.0,0
16200.0,10.78,1,60000.0,25.5,735.0,0.0,9.0,28556.0,0
3600.0,13.99,2,65000.0,18.41,710.0,0.0,9.0,3787.0,1
12000.0,9.8,1,34180.0,30.34,725.0,0.0,6.0,6855.0,0
5000.0,10.78,1,65631.9,18.12,680.0,3.0,19.0,24114.0,0
13000.0,5.32,0,72000.0,21.02,780.0,0.0,10.0,8958.0,0
5000.0,7.91,0,53000.0,11.5,705.0,0.0,15.0,9155.0,0
10550.0,17.97,3,24000.0,25.75,720.0,0.0,5.0,3228.0,0
5000.0,9.17,1,65000.0,15.39,660.0,3.0,7.0,11339.0,0
4000.0,9.8,1,104000.0,17.01,660.0,1.0,6.0,26998.0,0
35000.0,14.85,2,333600.0,4.29,730.0,0.0,8.0,38032.0,0
5600.0,13.44,2,46000.0,7.99,670.0,0.0,10.0,10842.0,0
9600.0,9.8,1,54000.0,11.61,690.0,0.0,11.0,15087.0,0
5000.0,17.27,3,100000.0,31.1,690.0,1.0,8.0,60548.0,0
30000.0,11.99,2,110723.0,28.82,725.0,0.0,8.0,19720.0,1
7675.0,11.48,1,35000.0,10.12,765.0,0.0,10.0,1934.0,1
26025.0,21.48,4,101000.0,11.8,660.0,0.0,6.0,6712.0,0
5000.0,10.78,1,14400.0,12.25,670.0,0.0,4.0,4085.0,1
20000.0,7.49,0,80000.0,20.16,685.0,0.0,19.0,21268.0,0
5000.0,13.44,2,25000.0,29.91,660.0,1.0,7.0,9073.0,0
26000.0,14.85,2,108000.0,29.88,710.0,0.0,15.0,43002.0,0
30000.0,23.13,5,100000.0,26.66,665.0,0.0,18.0,24671.0,1
10000.0,11.99,2,47000.0,17.31,675.0,0.0,13.0,10022.0,0
7850.0,17.27,3,45000.0,28.96,660.0,0.0,10.0,3866.0,0
35000.0,19.89,4,166400.0,5.99,660.0,0.0,5.0,9122.0,1
30000.0,15.77,3,80000.0,16.97,685.0,0.0,12.0,18111.0,0
11900.0,13.44,2,34000.0,34.7,670.0,0.0,18.0,18538.0,1
15375.0,18.49,3,89450.55,8.21,715.0,0.0,6.0,5800.0,0
9400.0,8.49,1,31000.0,11.11,675.0,0.0,4.0,11432.0,0
24000.0,6.99,0,92000.0,19.83,740.0,0.0,9.0,31364.0,0
21000.0,19.48,4,120000.0,24.44,695.0,0.0,11.0,35684.0,1
8950.0,6.49,0,72576.0,1.27,700.0,0.0,5.0,2178.0,0
12000.0,15.77,3,120000.0,7.7,750.0,0.0,28.0,4074.0,0
10850.0,15.77,3,65000.0,13.42,695.0,0.0,16.0,12041.0,0
10850.0,12.88,2,50000.0,16.77,705.0,0.0,11.0,5418.0,0
14000.0,9.8,1,120000.0,29.2,680.0,0.0,13.0,93730.0,0
10000.0,13.99,2,41200.0,18.23,665.0,0.0,8.0,7412.0,0
22000.0,17.97,3,57000.0,29.12,680.0,0.0,21.0,16838.0,0
10000.0,11.48,1,58196.4,27.92,715.0,0.0,11.0,18932.0,0
12450.0,21.48,4,41558.0,21.72,675.0,1.0,8.0,6216.0,1
2525.0,19.89,4,28750.0,37.91,675.0,0.0,10.0,36459.0,1
25000.0,6.0,2,110000.0,25.97,715.0,1.0,26.0,27452.0,0
28000.0,5.32,0,116000.0,29.45,695.0,0.0,17.0,63638.0,1
24000.0,7.91,0,165000.0,8.29,695.0,0.0,11.0,10527.0,0
35000.0,9.17,1,215099.0,24.62,705.0,0.0,19.0,40660.0,0
20000.0,7.91,0,62000.0,28.97,680.0,4.0,15.0,33081.0,0
6000.0,8.49,1,100000.0,29.96,690.0,0.0,15.0,33753.0,0
18475.0,9.8,1,42000.0,18.21,680.0,1.0,5.0,20370.0,0
24000.0,5.32,0,93750.0,20.57,750.0,0.0,10.0,9450.0,0
15000.0,9.17,1,42000.0,11.03,770.0,0.0,13.0,6141.0,0
2850.0,9.8,1,103000.0,6.16,700.0,0.0,10.0,5788.0,1
15000.0,18.49,3,55000.0,23.61,665.0,1.0,16.0,9585.0,1
10000.0,9.8,1,50000.0,22.9,680.0,1.0,18.0,11863.0,0
20000.0,9.17,1,82000.0,21.03,715.0,0.0,10.0,31814.0,0
12500.0,9.17,1,45000.0,23.33,670.0,1.0,10.0,11109.0,0
15000.0,6.99,0,100000.0,22.01,695.0,0.0,21.0,75340.0,0
18000.0,11.48,1,45000.0,20.48,705.0,0.0,13.0,12703.0,1
7000.0,11.99,2,30000.0,25.7,745.0,0.0,10.0,9733.0,0
6000.0,11.99,2,35000.0,31.42,660.0,1.0,13.0,7339.0,0
20000.0,11.99,2,80000.0,19.67,730.0,0.0,16.0,20715.0,0
6000.0,9.17,1,89000.0,9.01,695.0,0.0,6.0,4162.0,0
1500.0,7.91,0,70000.0,0.96,690.0,1.0,10.0,1995.0,0
7525.0,17.27,3,32000.0,33.91,705.0,0.0,10.0,7199.0,1
25000.0,21.48,4,65000.0,16.84,700.0,1.0,5.0,863.0,1
13550.0,9.8,1,52500.0,17.1,745.0,0.0,11.0,7026.0,0
6000.0,9.17,1,65000.0,20.9,725.0,0.0,15.0,12787.0,0
18000.0,15.77,3,90000.0,16.44,675.0,2.0,6.0,6000.0,1
3975.0,12.88,2,62000.0,9.91,675.0,1.0,6.0,761.0,0
20000.0,7.49,0,47000.0,30.5,715.0,0.0,17.0,20179.0,0
11800.0,15.77,3,75000.0,21.86,670.0,5.0,17.0,13530.0,0
24000.0,9.8,1,100000.0,25.55,660.0,0.0,19.0,16435.0,0
24000.0,7.91,0,123000.0,17.0,730.0,0.0,24.0,36395.0,0
14000.0,5.32,0,100000.0,21.38,690.0,2.0,10.0,11761.0,0
18000.0,9.17,1,55000.0,30.92,705.0,1.0,8.0,20032.0,0
25000.0,9.8,1,130000.0,11.73,670.0,0.0,15.0,29134.0,0
27500.0,18.99,4,55000.0,22.58,690.0,1.0,7.0,8676.0,0
15000.0,8.49,1,140000.0,21.42,670.0,0.0,10.0,88172.0,0
26575.0,23.13,5,76000.0,19.88,685.0,0.0,13.0,11336.0,0
17600.0,17.27,3,40000.0,26.35,665.0,1.0,17.0,8507.0,0
5000.0,8.49,1,37000.0,21.67,685.0,0.0,8.0,7635.0,0
28000.0,9.17,1,125000.0,16.95,755.0,0.0,11.0,21248.0,1
25000.0,5.32,0,80000.0,19.4,765.0,0.0,12.0,12579.0,0
9000.0,6.49,0,59000.0,8.67,785.0,0.0,6.0,7114.0,0
19200.0,6.99,0,96000.0,21.59,735.0,0.0,8.0,33384.0,0
21000.0,10.78,1,130000.0,32.88,700.0,1.0,23.0,139338.0,0
8000.0,9.8,1,80000.0,22.08,700.0,0.0,16.0,12513.0,1
14400.0,11.99,2,50000.0,25.32,715.0,1.0,7.0,1812.0,0
10000.0,9.8,1,80000.0,3.65,675.0,0.0,9.0,7268.0,0
13000.0,7.89,0,57660.0,8.2,685.0,0.0,4.0,11075.0,0
28000.0,19.48,4,88000.0,22.83,670.0,0.0,12.0,18899.0,1
9000.0,9.8,1,74000.0,6.91,675.0,0.0,6.0,6415.0,0
15000.0,14.85,2,115000.0,17.7,675.0,0.0,29.0,18398.0,0
32000.0,17.27,3,88000.0,14.07,700.0,0.0,5.0,0.0,0
6025.0,12.59,2,38000.0,27.99,705.0,0.0,13.0,23462.0,0
10400.0,12.88,2,52000.0,8.7,805.0,0.0,15.0,4178.0,1
2700.0,10.78,1,29000.0,2.48,670.0,0.0,8.0,1765.0,0
4000.0,9.17,1,49000.0,12.93,695.0,0.0,12.0,15139.0,0
6375.0,17.97,3,107000.0,8.24,675.0,0.0,6.0,1462.0,1
21300.0,18.49,3,70095.0,8.08,755.0,0.0,3.0,2501.0,0
2000.0,13.99,2,26700.0,34.02,660.0,0.0,15.0,13965.0,0
20000.0,12.88,2,100000.0,8.41,675.0,0.0,11.0,31131.0,0
35000.0,13.99,2,104640.0,16.51,690.0,0.0,19.0,46693.0,0
12000.0,11.99,2,110000.0,15.01,690.0,0.0,9.0,30588.0,0
8000.0,9.8,1,37000.0,39.09,710.0,0.0,10.0,7941.0,0
6600.0,10.78,1,71000.0,10.6,665.0,0.0,5.0,5018.0,0
19300.0,13.99,2,42000.0,23.2,710.0,0.0,25.0,22549.0,0
35000.0,11.48,1,90000.0,25.67,700.0,0.0,21.0,61532.0,1
35000.0,16.59,3,150000.0,14.56,665.0,2.0,12.0,13391.0,0
13000.0,5.32,0,86000.0,18.53,805.0,0.0,16.0,3536.0,0
16000.0,9.17,1,120000.0,22.61,690.0,0.0,14.0,25519.0,0
24000.0,13.44,2,89000.0,37.63,705.0,0.0,17.0,91571.0,0
15000.0,5.32,0,155000.0,8.66,715.0,1.0,7.0,19789.0,0
20000.0,7.91,0,124000.0,11.4,690.0,2.0,17.0,14864.0,0
22725.0,16.59,3,160000.0,8.59,670.0,0.0,10.0,17357.0,1
16000.0,18.99,4,75000.0,38.48,680.0,0.0,10.0,65294.0,0
15000.0,17.27,3,60000.0,35.43,665.0,3.0,16.0,15043.0,1
20000.0,8.49,1,61097.0,27.14,705.0,0.0,15.0,19644.0,0
18000.0,9.17,1,120000.0,20.13,660.0,0.0,11.0,20071.0,0
12000.0,9.17,1,105000.0,7.39,660.0,0.0,7.0,5610.0,0
4800.0,9.17,1,96400.0,19.31,680.0,2.0,16.0,6807.0,0
8800.0,6.49,0,87100.0,12.87,725.0,0.0,12.0,49319.0,0
1000.0,13.99,2,35000.0,26.82,660.0,0.0,18.0,11420.0,0
27975.0,7.91,0,192000.0,1.75,780.0,0.0,10.0,4366.0,0
18700.0,7.49,0,105000.0,31.94,720.0,0.0,13.0,2544.0,0
30000.0,17.97,3,70000.0,20.18,680.0,1.0,18.0,13553.0,0
6400.0,9.8,1,46000.0,27.39,710.0,0.0,7.0,5086.0,0
30950.0,23.13,5,90000.0,25.83,695.0,0.0,11.0,12022.0,1
3000.0,9.17,1,25255.0,21.23,670.0,1.0,5.0,2214.0,0
18000.0,9.17,1,90000.0,14.28,660.0,1.0,17.0,37332.0,0
35000.0,9.8,1,145000.0,16.12,725.0,0.0,13.0,33222.0,0
4800.0,13.99,2,45000.0,25.36,705.0,0.0,10.0,2586.0,0
16000.0,14.85,2,81500.0,29.24,690.0,0.0,10.0,35422.0,0
16000.0,5.32,0,75000.0,13.23,700.0,1.0,14.0,1767.0,0
21000.0,8.49,1,144000.0,20.24,670.0,0.0,17.0,78405.0,0
9000.0,5.32,0,25000.0,15.6,765.0,0.0,13.0,7750.0,0
14600.0,8.49,1,67000.0,19.63,695.0,0.0,10.0,15005.0,0
18000.0,14.85,2,35000.0,28.4,670.0,0.0,11.0,14400.0,1
15000.0,13.99,2,34980.0,38.25,660.0,0.0,15.0,15217.0,1
16650.0,10.78,1,70000.0,21.4,715.0,1.0,10.0,11312.0,1
20000.0,11.99,2,170000.0,15.9,670.0,1.0,14.0,15587.0,0
16100.0,15.77,3,65000.0,21.94,745.0,0.0,10.0,16303.0,0
6500.0,11.48,1,38000.0,24.35,710.0,0.0,14.0,8150.0,0
8000.0,13.44,2,74000.0,6.88,665.0,0.0,16.0,897.0,0
7000.0,9.8,1,32000.0,20.07,710.0,1.0,16.0,7576.0,0
5000.0,9.8,1,150000.0,8.5,670.0,2.0,10.0,4962.0,0
30000.0,26.06,5,125000.0,23.25,660.0,0.0,21.0,6065.0,1
25000.0,18.99,4,75000.0,38.37,685.0,0.0,11.0,7818.0,0
9200.0,11.48,1,55000.0,5.63,665.0,3.0,8.0,4117.0,0
20400.0,16.59,3,60000.0,23.76,660.0,1.0,10.0,11619.0,0
5000.0,9.17,1,86000.0,17.15,660.0,0.0,6.0,17117.0,0
24000.0,9.17,1,110000.0,17.27,720.0,0.0,11.0,51128.0,1
9600.0,5.32,0,250000.0,13.52,715.0,0.0,17.0,31930.0,0
34550.0,14.85,2,72000.0,15.61,780.0,0.0,12.0,9398.0,0
7500.0,12.88,2,50000.0,26.26,665.0,0.0,24.0,816.0,0
6000.0,11.48,1,48000.0,2.83,660.0,0.0,8.0,3276.0,0
16000.0,14.85,2,46000.0,23.64,675.0,0.0,9.0,20109.0,0
6000.0,6.49,0,101000.0,4.19,705.0,0.0,5.0,5535.0,0
6000.0,11.48,1,31452.0,32.66,685.0,0.0,7.0,5635.0,1
35000.0,7.91,0,105000.0,19.39,755.0,0.0,11.0,37590.0,0
1000.0,15.77,3,31999.0,24.83,670.0,1.0,7.0,7380.0,0
16000.0,15.77,3,124000.0,31.42,715.0,0.0,22.0,60481.0,0
35000.0,13.99,2,108000.0,35.9,755.0,0.0,20.0,24021.0,0
23650.0,16.59,3,87000.0,15.68,660.0,0.0,15.0,9716.0,1
21000.0,7.91,0,145000.0,10.97,680.0,0.0,6.0,20209.0,0
4000.0,9.8,1,100000.0,31.02,670.0,0.0,13.0,84675.0,0
4800.0,11.48,1,57500.0,9.1,660.0,0.0,9.0,9810.0,0
7200.0,14.85,2,55000.0,10.84,695.0,0.0,12.0,4616.0,0
16000.0,18.99,4,38168.0,27.23,675.0,2.0,6.0,1178.0,1
21600.0,11.99,2,45000.0,10.05,680.0,0.0,5.0,19397.0,0
10000.0,5.32,0,49000.0,23.56,730.0,0.0,15.0,21886.0,0
5900.0,11.48,1,130000.0,16.99,660.0,0.0,6.0,4886.0,0
18500.0,6.49,0,72450.0,17.23,735.0,0.0,21.0,7467.0,0
6000.0,9.17,1,101947.0,8.13,675.0,3.0,13.0,8959.0,0
15000.0,5.32,0,72000.0,13.6,755.0,0.0,10.0,47119.0,0
16000.0,10.78,1,91000.0,32.18,665.0,2.0,24.0,12546.0,0
10000.0,12.88,2,52000.0,35.01,705.0,1.0,9.0,27676.0,0
10000.0,7.91,0,55500.0,18.37,730.0,0.0,12.0,10592.0,0
15000.0,13.44,2,65000.0,26.22,685.0,0.0,13.0,12308.0,1
16000.0,19.89,4,90000.0,24.9,675.0,0.0,14.0,26917.0,0
16000.0,7.49,0,90000.0,10.87,680.0,0.0,6.0,16852.0,0
8000.0,13.99,2,31000.0,12.54,665.0,0.0,14.0,9323.0,1
15000.0,9.17,1,55000.0,22.69,675.0,0.0,10.0,14944.0,1
10000.0,11.48,1,32000.0,10.95,690.0,0.0,13.0,10840.0,0
8500.0,10.78,1,55040.0,9.18,660.0,0.0,11.0,1842.0,0
10000.0,9.8,1,60000.0,3.4,715.0,0.0,2.0,6272.0,0
24150.0,19.48,4,56000.0,22.7,660.0,0.0,9.0,9086.0,1
35000.0,13.67,2,256000.0,15.72,700.0,1.0,32.0,20917.0,0
8000.0,12.88,2,54000.0,19.16,700.0,0.0,19.0,5900.0,1
5000.0,11.48,1,60000.0,18.65,665.0,0.0,9.0,12840.0,0
12000.0,9.17,1,72000.0,28.13,740.0,0.0,8.0,606.0,0
10000.0,10.78,1,39000.0,27.24,720.0,0.0,5.0,3858.0,0
16000.0,11.48,1,70000.0,26.11,685.0,0.0,13.0,14790.0,1
20000.0,14.85,2,110000.0,18.72,695.0,1.0,14.0,14928.0,0
11000.0,16.59,3,55000.0,22.37,665.0,0.0,10.0,4771.0,1
13600.0,16.59,3,62000.0,30.64,660.0,0.0,12.0,8912.0,0
26475.0,21.48,4,84000.0,20.14,710.0,0.0,8.0,19378.0,1
5000.0,10.78,1,45036.0,17.29,685.0,0.0,11.0,22481.0,0
17475.0,8.49,1,65000.0,23.9,745.0,0.0,12.0,16666.0,0
2500.0,8.49,1,51500.0,15.08,700.0,0.0,7.0,11299.0,0
8000.0,8.49,1,65000.0,16.16,695.0,1.0,12.0,8030.0,0
12675.0,22.45,5,27600.0,26.7,695.0,0.0,6.0,11715.0,1
1000.0,16.59,3,21600.0,37.44,675.0,0.0,8.0,9568.0,0
5000.0,13.99,2,35050.0,5.24,660.0,0.0,5.0,4163.0,1
20000.0,6.49,0,99750.0,11.73,720.0,0.0,17.0,29530.0,0
30000.0,12.88,2,95000.0,34.7,695.0,0.0,14.0,24581.0,0
7850.0,13.44,2,50441.0,26.98,675.0,0.0,7.0,3633.0,0
10325.0,22.45,5,90000.0,31.85,670.0,1.0,11.0,5677.0,1
18500.0,5.32,0,48700.0,25.33,790.0,0.0,15.0,20473.0,1
20000.0,11.99,2,75000.0,18.41,715.0,0.0,20.0,19496.0,0
8375.0,10.78,1,68000.0,25.5,715.0,0.0,17.0,29029.0,1
10000.0,17.27,3,40000.0,17.05,665.0,0.0,17.0,10089.0,0
9000.0,9.17,1,84000.0,15.36,665.0,1.0,10.0,6650.0,0
10000.0,18.99,4,65000.0,26.48,680.0,0.0,7.0,8510.0,0
10500.0,11.48,1,50000.0,9.24,680.0,0.0,4.0,5712.0,0
28000.0,21.48,4,78000.0,26.35,680.0,0.0,6.0,618.0,1
7000.0,15.77,3,80000.0,13.28,675.0,0.0,6.0,1259.0,0
5000.0,17.27,3,45000.0,19.76,710.0,0.0,5.0,8354.0,0
7200.0,10.78,1,65000.0,24.15,660.0,0.0,5.0,10049.0,0
2500.0,15.77,3,48000.0,17.13,670.0,0.0,9.0,7944.0,0
7000.0,9.17,1,100143.0,24.05,695.0,0.0,12.0,12505.0,1
15000.0,17.97,3,55000.0,31.55,660.0,0.0,13.0,17332.0,1
16000.0,7.91,0,97000.0,17.17,735.0,0.0,14.0,14299.0,0
6000.0,10.78,1,30000.0,8.16,705.0,0.0,6.0,5026.0,0
17500.0,5.32,0,100000.0,16.55,755.0,0.0,6.0,16743.0,0
2000.0,13.99,2,46000.0,25.18,670.0,2.0,13.0,5048.0,0
23000.0,8.49,1,100000.0,12.35,675.0,1.0,8.0,19295.0,0
26000.0,22.45,5,52000.0,23.19,695.0,0.0,8.0,2744.0,1
10000.0,15.77,3,32000.0,38.3,665.0,0.0,14.0,7893.0,0
13725.0,12.88,2,105000.0,6.05,665.0,0.0,2.0,427.0,1
9675.0,11.48,1,70000.0,30.71,675.0,0.0,17.0,38949.0,0
35000.0,14.85,2,155000.0,20.02,670.0,0.0,20.0,56175.0,0
12000.0,14.85,2,39500.0,21.76,705.0,0.0,17.0,13971.0,0
16000.0,13.44,2,80000.0,7.26,670.0,1.0,12.0,14454.0,0
20000.0,16.59,3,75000.0,30.1,660.0,0.0,16.0,19233.0,0
10000.0,10.78,1,45000.0,20.37,665.0,0.0,11.0,10565.0,0
4200.0,9.17,1,100000.0,13.2,670.0,4.0,6.0,2947.0,0
20000.0,9.17,1,101000.0,36.23,755.0,0.0,13.0,10811.0,0
10000.0,9.17,1,81000.0,21.84,705.0,0.0,7.0,13648.0,0
12000.0,10.78,1,60000.0,21.86,745.0,0.0,7.0,17318.0,0
12000.0,9.8,1,110000.0,11.79,695.0,0.0,7.0,893.0,0
10000.0,7.49,0,85000.0,39.7,730.0,0.0,10.0,14633.0,0
8000.0,10.78,1,108000.0,15.01,695.0,1.0,24.0,17254.0,0
7500.0,14.85,2,111800.0,36.23,665.0,0.0,15.0,27531.0,0
35000.0,18.49,3,125000.0,18.15,660.0,0.0,38.0,48129.0,1
20000.0,9.17,1,113544.0,21.86,695.0,0.0,10.0,45164.0,0
15000.0,7.49,0,99000.0,12.17,740.0,0.0,9.0,13416.0,0
19750.0,14.85,2,210000.0,20.65,680.0,1.0,15.0,10693.0,0
20000.0,9.17,1,94000.0,28.25,710.0,0.0,10.0,12083.0,0
25000.0,11.99,2,90000.0,37.0,725.0,0.0,11.0,37612.0,1
10000.0,9.17,1,49000.0,21.59,660.0,1.0,11.0,14863.0,0
15000.0,5.32,0,47000.0,22.06,755.0,0.0,5.0,15850.0,0
4125.0,26.06,5,69000.0,15.13,660.0,1.0,8.0,2230.0,0
23000.0,11.48,1,66000.0,19.65,735.0,0.0,20.0,20940.0,1
21000.0,10.78,1,80000.0,12.04,675.0,0.0,21.0,14119.0,0
20000.0,8.49,1,50000.0,26.81,685.0,2.0,14.0,15893.0,0
26000.0,7.91,0,85000.0,24.88,685.0,0.0,20.0,28630.0,0
6000.0,13.99,2,100000.0,25.94,675.0,0.0,18.0,33896.0,0
5600.0,9.8,1,100000.0,15.1,665.0,1.0,11.0,15132.0,0
20000.0,9.17,1,71500.0,17.49,660.0,0.0,16.0,25497.0,0
6000.0,10.78,1,79000.0,22.62,700.0,0.0,7.0,29009.0,0
7200.0,13.44,2,276000.0,7.44,680.0,1.0,10.0,11498.0,0
24000.0,14.85,2,80000.0,24.3,685.0,0.0,18.0,19410.0,1
17000.0,13.99,2,48000.0,11.05,670.0,0.0,7.0,17516.0,0
16800.0,10.78,1,55000.0,16.34,695.0,1.0,13.0,17191.0,0
28000.0,8.49,1,95000.0,14.26,725.0,0.0,11.0,21545.0,0
30000.0,20.5,4,90000.0,14.71,735.0,0.0,14.0,1796.0,1
20000.0,13.99,2,80000.0,10.23,660.0,1.0,8.0,21025.0,0
20000.0,19.48,4,68400.0,22.71,690.0,0.0,19.0,9823.0,0
9100.0,8.49,1,54000.0,15.51,700.0,0.0,19.0,7869.0,0
20800.0,12.88,2,60000.0,18.72,680.0,0.0,8.0,5294.0,1
28000.0,23.13,5,78000.0,20.29,660.0,0.0,14.0,5404.0,0
8000.0,15.77,3,93000.0,37.44,675.0,0.0,31.0,46352.0,1
7000.0,9.8,1,106500.0,14.49,790.0,0.0,14.0,1506.0,0
6000.0,11.48,1,270000.0,11.14,660.0,0.0,22.0,4463.0,0
9000.0,8.49,1,46000.0,18.5,685.0,0.0,10.0,8687.0,0
10800.0,9.8,1,50000.0,29.86,660.0,0.0,9.0,13663.0,0
35000.0,24.24,5,140000.0,10.77,680.0,0.0,21.0,68024.0,0
5000.0,11.99,2,108250.0,29.85,705.0,0.0,31.0,642.0,0
18000.0,13.99,2,90500.0,29.35,660.0,0.0,19.0,44014.0,0
35000.0,13.44,2,120000.0,10.9,740.0,0.0,12.0,13608.0,0
10000.0,11.99,2,110000.0,20.33,680.0,4.0,9.0,8046.0,0
11000.0,17.27,3,54000.0,27.47,670.0,0.0,10.0,8407.0,0
20800.0,11.99,2,115000.0,23.13,670.0,0.0,25.0,35541.0,0
15000.0,17.97,3,220000.0,21.68,675.0,0.0,15.0,60520.0,0
26875.0,21.48,4,70000.0,19.1,720.0,1.0,7.0,9480.0,1
4000.0,15.77,3,47000.0,30.39,685.0,0.0,12.0,11507.0,0
15000.0,9.8,1,45760.0,13.22,705.0,0.0,6.0,14849.0,0
5000.0,6.99,0,41000.0,22.78,690.0,0.0,4.0,691.0,0
8500.0,17.27,3,85000.0,15.76,665.0,0.0,9.0,6379.0,0
20000.0,14.85,2,90000.0,2.64,705.0,0.0,17.0,9456.0,0
12000.0,5.32,0,135000.0,13.35,780.0,0.0,27.0,10085.0,0
9800.0,9.17,1,52000.0,17.29,695.0,1.0,12.0,6800.0,0
5000.0,7.49,0,80000.0,24.15,705.0,0.0,22.0,13234.0,0
27025.0,7.49,0,675000.0,13.44,700.0,0.0,24.0,235052.0,0
12000.0,7.91,0,150000.0,13.39,750.0,0.0,12.0,7434.0,0
20000.0,11.48,1,40000.0,12.84,710.0,0.0,9.0,20384.0,0
24000.0,14.85,2,175000.0,11.38,680.0,0.0,8.0,9428.0,1
7050.0,7.91,0,40000.0,20.55,705.0,0.0,18.0,11264.0,0
9000.0,5.32,0,105000.0,20.22,715.0,0.0,11.0,21127.0,0
6000.0,11.99,2,27000.0,7.11,690.0,0.0,8.0,3731.0,1
12600.0,17.97,3,30000.0,29.48,665.0,1.0,7.0,2459.0,1
7000.0,5.32,0,87600.0,28.59,725.0,0.0,21.0,21775.0,0
15000.0,18.49,3,36500.0,38.21,695.0,1.0,7.0,5305.0,1
12000.0,9.17,1,200000.0,8.3,705.0,1.0,13.0,37175.0,0
35000.0,7.91,0,150000.0,21.26,715.0,0.0,13.0,60486.0,0
24000.0,9.8,1,80000.0,13.14,745.0,0.0,11.0,8039.0,0
7000.0,7.91,0,105000.0,13.62,675.0,1.0,8.0,5130.0,0
9800.0,12.88,2,103000.0,16.91,680.0,1.0,15.0,1225.0,0
15400.0,5.32,0,85000.0,8.92,740.0,0.0,9.0,14627.0,0
3000.0,13.99,2,115000.0,17.48,665.0,0.0,27.0,23598.0,0
12000.0,12.88,2,75000.0,33.53,685.0,0.0,34.0,8968.0,0
18000.0,12.88,2,48000.0,30.35,675.0,1.0,13.0,14461.0,0
4000.0,10.78,1,68000.0,12.35,680.0,0.0,12.0,8962.0,0
20000.0,6.49,0,121900.0,19.65,785.0,0.0,16.0,10210.0,0
6000.0,5.32,0,185000.0,7.97,705.0,0.0,4.0,8662.0,0
8000.0,9.8,1,47500.0,19.1,775.0,0.0,7.0,4422.0,0
20000.0,11.99,2,110000.0,15.15,685.0,0.0,9.0,22093.0,0
15200.0,12.88,2,75000.0,33.5,710.0,0.0,15.0,55860.0,0
8000.0,12.88,2,58000.0,25.59,690.0,0.0,14.0,5731.0,0
4000.0,10.78,1,36000.0,0.0,730.0,0.0,5.0,0.0,0
28000.0,5.32,0,90000.0,14.96,750.0,0.0,9.0,26073.0,0
32000.0,12.88,2,100000.0,23.08,690.0,0.0,16.0,66795.0,0
5000.0,7.49,0,109000.0,5.24,685.0,0.0,11.0,4182.0,0
10375.0,14.85,2,45000.0,10.5,660.0,0.0,9.0,11979.0,0
12000.0,7.49,0,53000.0,21.17,680.0,0.0,12.0,12697.0,0
5000.0,8.49,1,56000.0,22.72,670.0,1.0,9.0,8435.0,0
20000.0,8.49,1,65000.0,8.94,710.0,0.0,12.0,12826.0,0
35000.0,18.49,3,109000.0,29.88,680.0,0.0,17.0,7113.0,1
25000.0,7.91,0,151000.0,12.49,715.0,0.0,7.0,19513.0,0
16000.0,9.8,1,145000.0,32.09,660.0,1.0,16.0,11787.0,1
20000.0,11.99,2,118000.0,25.76,705.0,0.0,24.0,32326.0,0
15000.0,9.8,1,55000.0,35.23,760.0,0.0,18.0,15113.0,0
10000.0,9.8,1,115000.0,16.04,670.0,4.0,10.0,11026.0,0
6200.0,13.44,2,12406.8,22.36,760.0,0.0,9.0,11121.0,0
16000.0,9.17,1,135000.0,28.08,705.0,0.0,15.0,36739.0,0
28000.0,7.91,0,230000.0,14.85,720.0,0.0,12.0,48623.0,0
15000.0,9.8,1,35880.0,29.83,665.0,0.0,3.0,802.0,0
12000.0,10.78,1,60000.0,4.36,700.0,0.0,17.0,6606.0,0
7075.0,11.48,1,34980.0,28.06,660.0,1.0,18.0,7408.0,0
10000.0,16.59,3,75000.0,13.53,670.0,0.0,9.0,12877.0,0
7000.0,8.49,1,50000.0,8.04,665.0,0.0,9.0,5533.0,0
5000.0,14.85,2,40000.0,31.35,675.0,0.0,16.0,31086.0,0
6000.0,11.48,1,50000.0,16.73,680.0,0.0,8.0,7498.0,0
17000.0,15.77,3,74000.0,27.51,690.0,0.0,18.0,9719.0,1
7000.0,8.49,1,25000.0,24.29,715.0,1.0,12.0,13622.0,1
30000.0,7.91,0,100000.0,17.66,695.0,0.0,13.0,18802.0,0
20000.0,12.88,2,55000.0,19.7,675.0,0.0,19.0,29065.0,0
7000.0,7.91,0,52000.0,8.47,720.0,1.0,10.0,3771.0,0
15600.0,13.99,2,220000.0,7.73,680.0,0.0,8.0,13692.0,0
9000.0,5.32,0,45000.0,15.18,765.0,0.0,8.0,15700.0,0
21000.0,18.99,4,215000.0,13.04,675.0,0.0,16.0,57843.0,0
10000.0,9.8,1,80000.0,8.94,665.0,0.0,6.0,7792.0,0
26000.0,10.78,1,88000.0,24.04,700.0,0.0,8.0,22043.0,0
19675.0,12.88,2,41000.0,22.34,690.0,1.0,15.0,18862.0,1
10000.0,9.8,1,45000.0,27.97,690.0,0.0,8.0,8766.0,0
11500.0,7.91,0,65000.0,21.94,715.0,0.0,16.0,12932.0,0
21000.0,14.85,2,120000.0,18.79,680.0,0.0,13.0,28744.0,0
3500.0,8.49,1,54000.0,11.33,705.0,1.0,7.0,984.0,1
13500.0,6.99,0,42000.0,12.83,700.0,1.0,7.0,5428.0,0
15200.0,9.17,1,136000.0,9.35,705.0,0.0,11.0,54319.0,0
4900.0,8.49,1,43000.0,5.92,705.0,0.0,7.0,4521.0,0
1000.0,14.85,2,9000.0,28.46,670.0,0.0,6.0,2069.0,0
8000.0,10.78,1,60000.0,13.59,660.0,0.0,15.0,23289.0,0
10000.0,9.8,1,68000.0,10.08,690.0,0.0,9.0,7506.0,0
10000.0,23.13,5,30000.0,19.92,685.0,0.0,5.0,3441.0,1
26900.0,11.99,2,125000.0,21.6,710.0,0.0,11.0,32121.0,1
35000.0,17.97,3,115000.0,16.1,770.0,0.0,15.0,1866.0,0
8000.0,12.88,2,42000.0,10.23,670.0,0.0,9.0,4160.0,0
10800.0,10.78,1,58000.0,11.94,670.0,0.0,7.0,6360.0,1
25000.0,11.48,1,110000.0,14.3,710.0,3.0,11.0,8355.0,0
9000.0,7.49,0,64000.0,12.32,700.0,1.0,21.0,9956.0,0
16000.0,9.17,1,55000.0,17.11,710.0,0.0,14.0,15230.0,0
13625.0,13.44,2,31000.0,17.58,705.0,0.0,20.0,5671.0,1
5000.0,11.48,1,52000.0,18.23,720.0,0.0,12.0,5812.0,0
29325.0,9.17,1,58656.0,26.43,745.0,0.0,8.0,17442.0,0
19200.0,7.49,0,95000.0,16.94,705.0,0.0,33.0,34270.0,0
16000.0,13.99,2,40000.0,30.81,730.0,0.0,24.0,12317.0,0
30000.0,17.97,3,79000.0,21.89,665.0,0.0,8.0,19686.0,0
4500.0,15.77,3,68200.0,18.13,690.0,1.0,23.0,9038.0,1
10000.0,6.99,0,54000.0,14.96,705.0,0.0,10.0,12907.0,0
10000.0,13.44,2,102000.0,2.64,695.0,0.0,8.0,7327.0,0
12000.0,8.49,1,95000.0,12.35,670.0,0.0,12.0,41166.0,0
7000.0,6.49,0,78000.0,13.37,815.0,0.0,9.0,6996.0,0
8000.0,12.88,2,125400.0,12.92,660.0,0.0,17.0,10707.0,1
9000.0,10.78,1,50000.0,24.74,670.0,1.0,7.0,5305.0,0
11200.0,6.49,0,58000.0,28.35,715.0,0.0,12.0,20284.0,0
12000.0,7.49,0,88000.0,14.01,685.0,4.0,11.0,14241.0,0
9000.0,17.27,3,48000.0,38.68,700.0,0.0,12.0,14698.0,1
12225.0,16.59,3,94000.0,10.62,670.0,0.0,10.0,10711.0,0
21000.0,16.59,3,65000.0,34.71,695.0,0.0,21.0,33960.0,1
10000.0,13.44,2,83000.0,15.17,675.0,0.0,9.0,4644.0,0
22675.0,21.48,4,72000.0,20.06,680.0,0.0,30.0,11662.0,0
15125.0,23.13,5,45000.0,27.02,705.0,0.0,17.0,15263.0,0
6000.0,11.48,1,28000.0,19.72,695.0,0.0,9.0,5508.0,0
9000.0,11.48,1,42000.0,31.46,685.0,0.0,10.0,7618.0,0
20950.0,17.97,3,87500.0,10.81,735.0,0.0,7.0,830.0,0
12000.0,6.49,0,223000.0,7.22,740.0,0.0,25.0,9798.0,0
2500.0,13.99,2,130000.0,22.39,725.0,0.0,8.0,28075.0,0
14000.0,6.99,0,73000.0,32.63,700.0,0.0,15.0,32396.0,0
16100.0,13.99,2,35000.0,20.27,750.0,0.0,21.0,16458.0,1
8000.0,8.49,1,75000.0,19.06,670.0,0.0,11.0,9533.0,0
2400.0,13.99,2,47000.0,35.59,710.0,0.0,13.0,21778.0,0
16000.0,8.49,1,84000.0,19.06,755.0,0.0,24.0,30371.0,0
8000.0,6.99,0,78000.0,13.49,730.0,0.0,9.0,8823.0,0
22000.0,11.99,2,62000.0,14.73,710.0,0.0,10.0,20888.0,0
3600.0,12.88,2,98000.0,32.83,660.0,1.0,26.0,42043.0,0
7000.0,9.8,1,36000.0,21.4,710.0,0.0,18.0,16479.0,1
18000.0,13.44,2,108000.0,16.26,660.0,1.0,6.0,11056.0,0
13700.0,8.49,1,29826.0,28.65,710.0,0.0,15.0,11105.0,0
11150.0,17.97,3,78000.0,34.95,685.0,0.0,18.0,17013.0,0
26000.0,10.78,1,89000.0,19.71,685.0,0.0,19.0,35779.0,0
20000.0,13.44,2,80000.0,26.79,675.0,1.0,16.0,23917.0,0
29200.0,12.88,2,90000.0,7.59,685.0,0.0,16.0,16575.0,0
32000.0,11.99,2,150000.0,13.46,695.0,0.0,20.0,34341.0,0
7500.0,5.32,0,100000.0,4.62,700.0,0.0,9.0,8807.0,0
12000.0,13.44,2,54000.0,6.07,690.0,0.0,10.0,6625.0,1
7500.0,13.99,2,43033.0,12.35,690.0,0.0,5.0,1501.0,1
15000.0,17.97,3,88915.0,33.26,685.0,1.0,10.0,8558.0,1
5000.0,20.5,4,18406.0,31.89,690.0,0.0,14.0,5271.0,0
12000.0,9.8,1,41000.0,17.39,675.0,0.0,19.0,7913.0,1
4900.0,6.49,0,48500.0,11.85,730.0,0.0,6.0,2753.0,0
8000.0,14.85,2,72000.0,15.83,660.0,0.0,7.0,2480.0,1
34000.0,11.99,2,106000.0,19.35,695.0,1.0,13.0,30682.0,0
24000.0,6.99,0,100000.0,8.0,710.0,0.0,7.0,27973.0,0
3000.0,11.48,1,10000.0,21.01,660.0,1.0,4.0,2236.0,0
6000.0,10.78,1,54000.0,31.56,690.0,2.0,16.0,8544.0,0
12500.0,12.88,2,53220.0,14.16,670.0,2.0,15.0,3971.0,0
15800.0,10.78,1,55000.0,8.43,760.0,0.0,7.0,17411.0,0
10000.0,7.91,0,105000.0,10.42,675.0,1.0,5.0,13406.0,0
10000.0,11.99,2,80000.0,15.27,705.0,0.0,12.0,17540.0,0
6025.0,13.99,2,100000.0,13.28,685.0,0.0,13.0,22549.0,0
19925.0,26.99,6,55400.0,19.41,665.0,0.0,12.0,21025.0,0
15000.0,19.48,4,128000.0,13.61,660.0,0.0,9.0,23648.0,1
8000.0,12.88,2,104986.0,11.9,665.0,3.0,5.0,11265.0,0
10000.0,10.78,1,43747.0,20.96,715.0,0.0,7.0,5683.0,0
21000.0,12.88,2,66000.0,18.15,710.0,0.0,17.0,10404.0,0
26400.0,15.77,3,72000.0,33.47,710.0,0.0,14.0,13105.0,0
12000.0,13.99,2,60000.0,12.42,660.0,2.0,16.0,1892.0,1
25000.0,7.91,0,55000.0,10.54,715.0,0.0,4.0,10661.0,0
4800.0,10.78,1,160000.0,23.3,665.0,1.0,15.0,105791.0,0
5000.0,9.17,1,50000.0,9.58,660.0,0.0,7.0,6824.0,1
4200.0,13.44,2,24000.0,22.1,705.0,0.0,4.0,17027.0,0
5000.0,8.49,1,157000.0,12.24,670.0,0.0,12.0,11898.0,0
28000.0,11.99,2,101000.0,29.81,775.0,0.0,27.0,20177.0,0
20000.0,16.59,3,50000.0,28.18,660.0,0.0,12.0,24101.0,0
15000.0,10.78,1,90000.0,18.47,660.0,1.0,15.0,22410.0,0
27000.0,18.49,3,55000.0,36.18,680.0,0.0,15.0,1978.0,1
24000.0,11.48,1,78000.0,23.26,700.0,0.0,17.0,19150.0,0
28800.0,8.49,1,105000.0,12.41,735.0,0.0,9.0,18174.0,0
2000.0,10.78,1,34000.0,13.94,680.0,1.0,3.0,3696.0,0
2200.0,11.99,2,26000.0,31.53,680.0,0.0,11.0,3333.0,0
28000.0,6.99,0,300000.0,5.0,735.0,0.0,7.0,1640.0,0
9025.0,13.99,2,58000.0,24.85,660.0,0.0,14.0,8555.0,0
4200.0,12.88,2,45000.0,15.87,665.0,1.0,5.0,917.0,0
5000.0,11.48,1,50000.0,26.85,700.0,0.0,18.0,10363.0,0
5000.0,8.49,1,100000.0,27.29,680.0,1.0,26.0,45165.0,0
13000.0,13.44,2,85000.0,14.98,685.0,1.0,32.0,16390.0,0
20000.0,11.48,1,120000.0,17.82,670.0,2.0,16.0,22268.0,1
11200.0,9.8,1,69500.0,19.6,695.0,1.0,37.0,7132.0,0
24000.0,16.59,3,134000.0,9.3,660.0,0.0,9.0,3834.0,0
12000.0,12.88,2,50000.0,26.84,660.0,2.0,12.0,13738.0,0
15000.0,7.91,0,39000.0,19.05,720.0,0.0,9.0,9580.0,0
12000.0,18.99,4,65000.0,18.91,670.0,0.0,21.0,20037.0,1
4000.0,10.78,1,100000.0,19.51,685.0,0.0,10.0,15140.0,0
29750.0,15.77,3,62000.0,21.54,685.0,0.0,16.0,43628.0,1
10000.0,11.48,1,25000.0,17.33,700.0,0.0,2.0,18833.0,0
20000.0,11.48,1,370000.0,7.09,720.0,3.0,20.0,488.0,0
8000.0,5.32,0,40000.0,18.15,735.0,0.0,11.0,11598.0,0
35000.0,11.99,2,154000.0,26.1,705.0,0.0,13.0,53444.0,0
11200.0,21.48,4,38500.0,22.76,670.0,0.0,6.0,2752.0,1
3200.0,12.88,2,43000.0,15.99,695.0,0.0,9.0,9033.0,0
2000.0,8.49,1,58000.0,29.88,710.0,0.0,8.0,8472.0,0
10000.0,9.17,1,120000.0,12.13,750.0,0.0,16.0,8953.0,0
12000.0,10.78,1,32500.0,7.57,745.0,0.0,3.0,7662.0,0
24000.0,8.49,1,94384.0,8.96,750.0,0.0,16.0,22753.0,0
15000.0,15.77,3,65500.0,20.58,665.0,1.0,17.0,21783.0,0
35000.0,16.59,3,137500.0,34.26,685.0,1.0,29.0,88142.0,1
2525.0,9.8,1,41000.0,3.22,660.0,0.0,4.0,2185.0,0
30800.0,12.88,2,153000.0,16.38,665.0,0.0,11.0,40320.0,0
9000.0,8.49,1,163000.0,11.7,690.0,0.0,15.0,10477.0,0
4000.0,11.99,2,30000.0,31.28,665.0,0.0,13.0,9747.0,0
9000.0,6.49,0,54000.0,28.22,730.0,0.0,9.0,25429.0,0
6000.0,16.59,3,85000.0,21.5,685.0,0.0,6.0,4075.0,0
8000.0,8.49,1,40000.0,16.08,700.0,0.0,13.0,7986.0,0
5000.0,11.48,1,55000.0,19.62,660.0,0.0,9.0,3694.0,1
20000.0,17.27,3,60000.0,6.46,680.0,1.0,9.0,5483.0,1
3500.0,16.59,3,60000.0,32.02,675.0,0.0,18.0,6450.0,1
17000.0,9.17,1,80470.0,22.23,670.0,0.0,18.0,14225.0,0
22950.0,12.88,2,65500.0,28.68,725.0,0.0,8.0,30522.0,0
20000.0,5.32,0,82000.0,15.57,770.0,0.0,15.0,8517.0,0
4500.0,10.78,1,124000.0,13.47,690.0,0.0,12.0,21185.0,0
2075.0,18.49,3,41545.0,5.03,690.0,0.0,16.0,1652.0,1
14350.0,8.49,1,84000.0,22.52,740.0,0.0,15.0,53696.0,0
26400.0,11.99,2,70000.0,24.55,670.0,2.0,9.0,19203.0,0
25000.0,6.99,0,175000.0,6.49,710.0,0.0,12.0,24039.0,0
6000.0,7.49,0,34000.0,1.34,770.0,0.0,7.0,834.0,0
8000.0,8.49,1,35000.0,24.61,700.0,0.0,11.0,19438.0,0
14400.0,12.88,2,84000.0,5.29,705.0,0.0,3.0,17070.0,0
11450.0,19.89,4,54000.0,12.28,685.0,1.0,9.0,4773.0,0
20000.0,11.48,1,63000.0,33.03,660.0,0.0,21.0,32387.0,1
15000.0,10.78,1,124000.0,14.26,670.0,3.0,8.0,81640.0,0
13000.0,10.78,1,61500.0,6.71,670.0,0.0,8.0,12072.0,0
13000.0,8.49,1,125000.0,29.58,670.0,0.0,13.0,16586.0,0
8000.0,13.44,2,70000.0,27.26,660.0,0.0,12.0,9441.0,1
14075.0,24.24,5,52000.0,38.36,670.0,0.0,12.0,15148.0,1
20000.0,11.99,2,72000.0,17.33,740.0,0.0,15.0,21030.0,0
2000.0,9.17,1,62000.0,6.35,750.0,0.0,3.0,364.0,0
15000.0,5.32,0,71000.0,26.19,725.0,0.0,15.0,10473.0,0
6000.0,11.99,2,70000.0,12.24,740.0,0.0,5.0,2560.0,0
35000.0,11.99,2,115000.0,18.75,690.0,0.0,11.0,20382.0,1
12000.0,7.49,0,62000.0,12.92,760.0,0.0,22.0,10605.0,0
7200.0,10.78,1,160000.0,9.85,680.0,0.0,13.0,19246.0,0
2400.0,17.27,3,30296.0,19.87,685.0,1.0,7.0,7157.0,0
20000.0,6.99,0,130000.0,25.03,740.0,0.0,12.0,20896.0,0
14400.0,19.89,4,51000.0,23.46,660.0,1.0,11.0,8480.0,1
24000.0,9.17,1,123000.0,22.85,700.0,0.0,42.0,70143.0,0
20000.0,9.8,1,62000.0,20.5,670.0,0.0,19.0,13470.0,0
18175.0,17.97,3,50500.0,21.03,670.0,0.0,5.0,3283.0,1
7200.0,11.99,2,25000.0,13.06,725.0,0.0,8.0,8775.0,0
35000.0,18.99,4,96437.0,25.29,670.0,0.0,13.0,49798.0,1
5000.0,6.99,0,32000.0,17.75,705.0,0.0,6.0,8867.0,0
20000.0,11.99,2,65000.0,21.18,700.0,0.0,11.0,26478.0,0
24000.0,5.32,0,280000.0,9.27,760.0,0.0,20.0,54989.0,0
23500.0,9.8,1,84700.0,23.83,675.0,0.0,17.0,29097.0,0
28000.0,7.49,0,110000.0,8.53,765.0,0.0,10.0,7914.0,1
18000.0,13.44,2,72000.0,14.77,670.0,1.0,7.0,17132.0,1
3200.0,12.88,2,158000.0,26.22,665.0,5.0,13.0,14171.0,0
10000.0,10.78,1,60000.0,38.23,710.0,1.0,10.0,12743.0,0
6000.0,27.49,6,82500.0,20.9,670.0,0.0,11.0,7188.0,0
28000.0,10.78,1,120000.0,24.91,730.0,0.0,7.0,32537.0,0
4225.0,18.49,3,100000.0,17.18,660.0,0.0,11.0,3534.0,0
5950.0,20.5,4,71000.0,17.0,675.0,0.0,11.0,11160.0,0
1400.0,9.8,1,52000.0,20.01,670.0,0.0,9.0,16139.0,1
12000.0,5.32,0,110000.0,17.9,790.0,0.0,17.0,22353.0,0
4775.0,18.99,4,14072.0,33.62,660.0,0.0,8.0,4440.0,1
8675.0,20.5,4,33200.0,39.59,660.0,0.0,15.0,6254.0,1
5600.0,10.78,1,39600.0,12.52,670.0,0.0,11.0,803.0,0
5000.0,9.8,1,32000.0,22.21,700.0,0.0,11.0,10824.0,0
2800.0,9.17,1,36000.0,9.67,720.0,0.0,11.0,0.0,0
30000.0,16.59,3,124000.0,26.26,660.0,1.0,29.0,41943.0,0
25000.0,13.99,2,78000.0,11.89,685.0,0.0,3.0,25055.0,0
20000.0,5.32,0,165000.0,15.74,770.0,0.0,12.0,14119.0,0
8000.0,5.32,0,80000.0,14.66,715.0,0.0,10.0,3751.0,0
9000.0,14.85,2,40000.0,29.1,715.0,0.0,15.0,3699.0,1
22800.0,23.13,5,60000.0,8.5,710.0,0.0,7.0,15106.0,1
10000.0,5.32,0,175000.0,22.07,710.0,0.0,11.0,77952.0,0
12000.0,9.17,1,45000.0,11.97,660.0,1.0,15.0,5249.0,0
5000.0,17.27,3,65000.0,14.03,660.0,0.0,13.0,9338.0,0
33050.0,13.67,2,67000.0,31.99,720.0,0.0,9.0,31233.0,1
9000.0,6.99,0,85000.0,18.57,745.0,0.0,10.0,6084.0,0
6000.0,10.78,1,60000.0,20.56,660.0,0.0,12.0,17387.0,0
27000.0,19.89,4,125000.0,14.88,660.0,0.0,13.0,13100.0,0
10000.0,5.32,0,52800.0,26.62,750.0,0.0,17.0,10614.0,0
1000.0,10.78,1,27000.0,25.87,675.0,1.0,9.0,3775.0,0
13600.0,25.09,5,40000.0,28.35,675.0,0.0,9.0,18799.0,1
35000.0,15.77,3,104000.0,27.26,680.0,0.0,15.0,49143.0,1
10000.0,14.85,2,290000.0,17.46,675.0,0.0,25.0,57674.0,0
9000.0,8.49,1,85000.0,14.0,680.0,0.0,10.0,2966.0,0
5000.0,10.78,1,25000.0,11.71,675.0,0.0,3.0,4540.0,0
20000.0,5.32,0,150000.0,6.53,805.0,0.0,23.0,15993.0,0
20000.0,19.48,4,63000.0,27.31,660.0,0.0,18.0,20422.0,0
18000.0,7.91,0,63000.0,18.04,730.0,0.0,7.0,65176.0,0
6000.0,12.88,2,21000.0,29.14,660.0,0.0,8.0,2309.0,0
8000.0,6.49,0,135000.0,23.94,685.0,0.0,16.0,40673.0,0
12000.0,9.17,1,60000.0,8.12,680.0,0.0,5.0,5250.0,0
20000.0,10.78,1,63000.0,18.81,695.0,0.0,10.0,15386.0,0
17600.0,7.91,0,40000.0,15.45,695.0,0.0,19.0,16976.0,0
7800.0,9.17,1,68012.0,11.61,700.0,1.0,14.0,5262.0,0
10600.0,7.91,0,61100.0,19.03,705.0,1.0,17.0,17810.0,0
18000.0,18.99,4,40000.0,39.3,690.0,0.0,14.0,19665.0,1
35000.0,13.44,2,180000.0,23.33,675.0,0.0,26.0,74021.0,0
6400.0,14.85,2,74000.0,11.97,660.0,2.0,10.0,12014.0,0
7000.0,6.49,0,86000.0,26.15,780.0,0.0,11.0,2228.0,0
30000.0,11.48,1,145000.0,19.32,695.0,1.0,20.0,90792.0,0
4000.0,13.99,2,27788.8,3.15,695.0,0.0,4.0,3364.0,0
10000.0,12.88,2,30000.0,18.88,705.0,1.0,6.0,5965.0,0
4000.0,15.77,3,48000.0,31.58,680.0,0.0,11.0,8127.0,0
18000.0,7.91,0,128000.0,2.04,780.0,0.0,30.0,12071.0,0
35000.0,9.8,1,95000.0,4.8,745.0,0.0,11.0,19055.0,0
6400.0,10.78,1,120000.0,19.66,660.0,0.0,10.0,39999.0,0
18000.0,11.99,2,48000.0,20.68,670.0,1.0,24.0,7579.0,1
20000.0,5.32,0,145000.0,8.37,770.0,0.0,20.0,25987.0,0
20000.0,9.8,1,88000.0,11.63,675.0,3.0,10.0,8074.0,0
35000.0,11.48,1,520000.0,18.53,710.0,0.0,8.0,40568.0,0
24150.0,13.99,2,134641.49,14.94,680.0,0.0,7.0,3705.0,0
15600.0,13.44,2,99000.0,15.45,690.0,0.0,15.0,13232.0,0
6000.0,8.49,1,35000.0,5.96,760.0,0.0,10.0,4676.0,0
2000.0,11.99,2,65000.0,24.37,690.0,0.0,11.0,11512.0,0
10000.0,13.44,2,108000.0,28.43,715.0,0.0,7.0,54028.0,0
24000.0,5.32,0,58872.0,12.03,770.0,0.0,9.0,20534.0,0
15600.0,10.78,1,79500.0,6.91,680.0,0.0,11.0,12619.0,1
15000.0,11.48,1,350000.0,9.09,710.0,1.0,10.0,139744.0,0
30000.0,7.49,0,140000.0,15.16,705.0,0.0,12.0,40164.0,0
15600.0,9.8,1,47000.0,3.52,660.0,0.0,8.0,9453.0,0
15000.0,5.32,0,120000.0,5.09,695.0,0.0,4.0,2996.0,0
35000.0,9.17,1,200000.0,0.13,780.0,0.0,3.0,341.0,0
25600.0,10.78,1,67000.0,13.43,665.0,0.0,8.0,3365.0,0
20000.0,14.85,2,90000.0,18.01,665.0,0.0,15.0,17865.0,0
9000.0,18.99,4,25000.0,20.21,695.0,0.0,9.0,7157.0,0
24000.0,8.49,1,98000.0,0.36,790.0,0.0,3.0,1078.0,0
17000.0,6.49,0,73000.0,34.36,745.0,0.0,11.0,16759.0,0
24000.0,9.8,1,84000.0,20.51,685.0,0.0,9.0,15692.0,1
10800.0,8.49,1,75400.0,17.54,670.0,0.0,27.0,31506.0,0
15000.0,13.99,2,55000.0,17.7,660.0,5.0,13.0,13919.0,0
8400.0,11.48,1,70000.0,9.79,660.0,0.0,9.0,7325.0,0
10000.0,9.17,1,30000.0,11.2,700.0,0.0,8.0,9531.0,0
16000.0,11.99,2,81000.0,16.36,730.0,0.0,15.0,44115.0,0
15000.0,9.8,1,86000.0,16.36,705.0,0.0,13.0,26634.0,0
9000.0,7.91,0,75000.0,16.99,760.0,0.0,8.0,20761.0,0
9500.0,8.49,1,65000.0,18.13,690.0,0.0,8.0,6768.0,0
2000.0,16.59,3,34435.0,9.27,685.0,3.0,3.0,390.0,0
16000.0,13.44,2,106000.0,9.94,680.0,0.0,12.0,11762.0,0
7800.0,11.99,2,31722.0,34.01,705.0,0.0,11.0,8604.0,1
12000.0,6.49,0,80000.0,8.75,715.0,0.0,6.0,13697.0,0
10500.0,11.99,2,79000.0,14.88,730.0,0.0,6.0,10387.0,0
14000.0,16.59,3,50000.0,33.58,730.0,0.0,17.0,13991.0,0
12000.0,10.78,1,110000.0,4.13,675.0,5.0,9.0,1519.0,0
10000.0,12.88,2,32000.0,29.11,660.0,1.0,10.0,2918.0,0
6000.0,10.78,1,120000.0,6.33,735.0,0.0,8.0,20666.0,0
8000.0,15.77,3,86300.0,33.18,700.0,0.0,25.0,72106.0,0
18000.0,11.48,1,249000.0,5.6,705.0,0.0,17.0,8547.0,1
16000.0,9.17,1,40000.0,34.26,675.0,0.0,9.0,12288.0,0
7000.0,10.78,1,43000.0,13.92,680.0,0.0,12.0,12684.0,0
24000.0,13.99,2,80000.0,28.65,685.0,0.0,25.0,70224.0,1
14250.0,9.8,1,40000.0,37.62,705.0,0.0,15.0,27082.0,0
12000.0,8.49,1,75000.0,6.77,660.0,0.0,9.0,9911.0,0
5000.0,6.99,0,30000.0,27.84,750.0,0.0,10.0,4599.0,0
7200.0,11.48,1,50000.0,29.04,705.0,0.0,6.0,12286.0,0
28000.0,6.99,0,235000.0,4.43,720.0,0.0,15.0,11350.0,0
20000.0,16.59,3,110000.0,24.48,665.0,1.0,12.0,3195.0,0
18000.0,11.48,1,75000.0,13.74,675.0,0.0,12.0,9537.0,1
6000.0,9.17,1,63000.0,3.83,660.0,5.0,9.0,4658.0,0
18000.0,9.8,1,110000.0,13.92,755.0,0.0,14.0,13379.0,0
8800.0,6.99,0,55000.0,30.15,810.0,0.0,11.0,2791.0,0
28000.0,5.32,0,450000.0,14.79,725.0,0.0,20.0,114065.0,0
2975.0,19.48,4,17590.0,28.4,675.0,0.0,12.0,10968.0,0
22400.0,16.59,3,66000.0,34.84,695.0,0.0,19.0,19160.0,1
6600.0,15.77,3,82000.0,7.1,670.0,0.0,8.0,8908.0,0
10000.0,11.99,2,135000.0,15.75,690.0,0.0,9.0,39128.0,0
16000.0,13.44,2,80000.0,25.2,680.0,2.0,12.0,14712.0,0
30000.0,13.99,2,120000.0,22.76,660.0,0.0,16.0,15573.0,0
10000.0,7.91,0,25000.0,23.33,755.0,0.0,11.0,11744.0,0
12000.0,10.78,1,62000.0,28.75,685.0,0.0,22.0,27753.0,0
15750.0,17.97,3,35000.0,48.56,670.0,0.0,14.0,18149.0,0
35000.0,13.99,2,85000.0,30.51,720.0,0.0,22.0,43488.0,0
14000.0,5.32,0,125000.0,9.66,800.0,0.0,13.0,11576.0,0
20000.0,6.99,0,130000.0,32.94,750.0,0.0,25.0,47382.0,0
11000.0,11.48,1,54000.0,10.64,670.0,0.0,7.0,16920.0,0
12000.0,11.99,2,69010.0,10.24,665.0,0.0,7.0,11262.0,0
12000.0,9.8,1,120000.0,33.07,700.0,0.0,24.0,8679.0,0
20000.0,13.99,2,75000.0,6.68,685.0,2.0,9.0,8043.0,0
15000.0,6.99,0,152800.0,10.34,690.0,5.0,11.0,699.0,0
20000.0,5.32,0,240000.0,21.08,730.0,0.0,15.0,23179.0,0
18375.0,11.99,2,170000.0,7.41,720.0,0.0,5.0,39637.0,1
6000.0,13.99,2,55000.0,31.05,715.0,0.0,8.0,4285.0,1
22900.0,15.77,3,60000.0,17.57,665.0,0.0,17.0,6908.0,0
5000.0,12.88,2,69800.0,21.05,670.0,1.0,17.0,21650.0,0
5000.0,9.17,1,100000.0,14.17,685.0,1.0,12.0,6684.0,0
16000.0,7.49,0,70000.0,8.98,685.0,2.0,15.0,18346.0,0
25000.0,10.78,1,75000.0,25.07,750.0,0.0,6.0,6754.0,0
35000.0,9.8,1,110000.0,13.41,695.0,0.0,13.0,36000.0,0
6000.0,7.91,0,180000.0,10.53,775.0,0.0,13.0,1817.0,0
15000.0,10.78,1,55000.0,15.27,670.0,0.0,13.0,15288.0,0
4000.0,11.99,2,77500.0,33.6,725.0,0.0,15.0,33740.0,0
3000.0,11.48,1,20000.0,30.31,735.0,0.0,10.0,2082.0,1
18000.0,11.48,1,49200.0,23.07,660.0,1.0,11.0,33304.0,0
17500.0,8.49,1,35000.0,19.48,685.0,0.0,8.0,27161.0,0
10000.0,11.99,2,130000.0,16.63,705.0,0.0,11.0,35749.0,0
16000.0,11.99,2,80000.0,16.01,705.0,0.0,4.0,6179.0,0
27000.0,14.85,2,127000.0,18.85,665.0,0.0,19.0,47729.0,0
5000.0,6.99,0,90000.0,8.59,775.0,0.0,22.0,6651.0,0
3600.0,13.44,2,61700.0,33.05,665.0,0.0,18.0,19430.0,0
20000.0,9.8,1,80000.0,25.92,675.0,0.0,17.0,30748.0,0
15000.0,7.91,0,180000.0,5.45,735.0,0.0,12.0,4660.0,0
14000.0,7.91,0,85000.0,11.76,705.0,0.0,11.0,15710.0,0
2500.0,9.17,1,100000.0,8.9,660.0,0.0,13.0,6807.0,0
3000.0,6.99,0,80000.0,7.9,750.0,0.0,10.0,4764.0,0
10000.0,9.8,1,32000.0,21.49,685.0,0.0,9.0,7308.0,0
7000.0,10.78,1,112688.0,29.15,660.0,1.0,12.0,43459.0,0
22000.0,8.49,1,94000.0,7.66,690.0,0.0,3.0,21300.0,0
2000.0,13.44,2,38000.0,31.3,685.0,1.0,7.0,4413.0,0
22400.0,19.48,4,70000.0,3.15,720.0,0.0,7.0,5001.0,0
5650.0,16.59,3,30000.0,16.08,745.0,0.0,13.0,3354.0,1
16800.0,14.85,2,38300.0,21.75,685.0,0.0,4.0,12813.0,1
2500.0,13.99,2,68000.0,18.64,670.0,1.0,7.0,7829.0,0
30000.0,12.88,2,120000.0,18.72,690.0,0.0,12.0,37942.0,0
9600.0,11.48,1,160000.0,17.15,660.0,6.0,9.0,2760.0,0
8000.0,9.8,1,59000.0,11.9,660.0,0.0,8.0,6077.0,0
15000.0,11.48,1,70000.0,31.08,670.0,2.0,16.0,20731.0,0
20000.0,13.44,2,58000.0,22.55,720.0,0.0,19.0,13385.0,1
7900.0,11.99,2,30000.0,10.73,725.0,0.0,15.0,6403.0,0
29500.0,9.8,1,120000.0,17.98,705.0,0.0,14.0,23313.0,0
12000.0,11.48,1,76000.0,4.38,665.0,0.0,11.0,7259.0,0
12000.0,6.49,0,80000.0,26.75,695.0,1.0,11.0,18617.0,0
4500.0,11.99,2,24000.0,14.05,685.0,0.0,7.0,9378.0,0
21000.0,19.48,4,83100.0,19.03,675.0,0.0,17.0,18436.0,0
19400.0,18.99,4,48500.0,23.5,675.0,0.0,13.0,6468.0,1
4000.0,14.85,2,55000.0,39.89,695.0,0.0,13.0,18745.0,0
28000.0,6.99,0,93000.0,34.22,755.0,0.0,21.0,36504.0,0
16800.0,16.59,3,67500.0,37.94,665.0,1.0,10.0,5002.0,1
12225.0,19.48,4,34000.0,31.31,665.0,0.0,11.0,17534.0,1
15000.0,12.88,2,70000.0,28.41,730.0,0.0,13.0,4586.0,1
6050.0,19.48,4,65000.0,35.32,700.0,0.0,14.0,20153.0,1
28200.0,11.99,2,93000.0,25.78,670.0,2.0,29.0,14797.0,0
8000.0,14.85,2,65000.0,24.87,675.0,0.0,14.0,23283.0,1
28800.0,17.97,3,64000.0,30.79,660.0,0.0,27.0,32674.0,1
15000.0,7.49,0,130600.0,14.19,720.0,0.0,18.0,16127.0,0
10900.0,11.99,2,56640.0,15.85,690.0,0.0,6.0,10882.0,0
9600.0,11.99,2,33000.0,36.02,685.0,0.0,12.0,9247.0,0
4725.0,18.49,3,109000.0,16.84,665.0,1.0,9.0,10595.0,1
15000.0,13.99,2,75000.0,17.5,675.0,0.0,17.0,20146.0,0
8000.0,5.32,0,45000.0,18.16,800.0,0.0,7.0,2167.0,0
25000.0,7.49,0,92000.0,26.64,680.0,1.0,20.0,21660.0,0
9600.0,8.49,1,75000.0,8.62,670.0,0.0,5.0,4326.0,0
20000.0,5.32,0,118000.0,15.68,715.0,5.0,17.0,34192.0,0
25000.0,5.32,0,99000.0,8.29,795.0,0.0,9.0,12199.0,0
29800.0,13.44,2,99000.0,23.28,710.0,0.0,41.0,24011.0,0
16800.0,19.48,4,56500.0,22.81,670.0,0.0,22.0,11330.0,0
8400.0,7.91,0,46000.0,16.57,685.0,0.0,9.0,8874.0,0
35000.0,13.44,2,150000.0,14.42,710.0,0.0,9.0,64792.0,0
3000.0,8.49,1,68000.0,24.8,700.0,2.0,8.0,10759.0,0
10000.0,13.44,2,30000.0,7.64,695.0,0.0,4.0,6478.0,0
7200.0,13.99,2,77000.0,19.14,710.0,1.0,16.0,3374.0,0
21000.0,11.48,1,60000.0,30.18,725.0,0.0,15.0,13523.0,1
7000.0,6.49,0,42000.0,15.74,710.0,0.0,10.0,3958.0,0
22400.0,17.97,3,70000.0,39.04,670.0,1.0,25.0,39404.0,1
11000.0,10.78,1,40000.0,10.74,730.0,0.0,25.0,2085.0,0
10000.0,7.49,0,175000.0,9.82,725.0,0.0,14.0,17013.0,0
21000.0,8.49,1,100000.0,17.69,665.0,5.0,25.0,30396.0,0
15000.0,14.85,2,130000.0,12.75,660.0,0.0,14.0,4609.0,0
6500.0,7.91,0,42000.0,17.49,680.0,0.0,12.0,6065.0,0
28000.0,5.32,0,100000.0,12.41,725.0,0.0,8.0,16491.0,0
14500.0,21.48,4,33000.0,16.23,710.0,0.0,20.0,18129.0,0
8400.0,9.8,1,70000.0,22.92,665.0,2.0,10.0,16584.0,0
10800.0,13.44,2,35000.0,26.89,720.0,0.0,13.0,13644.0,1
2000.0,7.49,0,58000.0,16.88,720.0,0.0,10.0,4796.0,0
20000.0,11.48,1,115000.0,19.0,665.0,0.0,19.0,19819.0,0
21425.0,18.99,4,67000.0,6.66,670.0,0.0,21.0,6906.0,0
24975.0,23.13,5,59500.0,11.54,660.0,0.0,8.0,390.0,1
2000.0,11.48,1,115000.0,24.64,665.0,0.0,22.0,44622.0,1
6000.0,7.91,0,55000.0,19.18,685.0,0.0,17.0,8566.0,0
20000.0,18.49,3,80000.0,17.53,685.0,0.0,9.0,11329.0,1
18800.0,13.44,2,56000.0,19.7,660.0,0.0,17.0,10504.0,0
25000.0,9.8,1,60000.0,26.62,705.0,1.0,9.0,10867.0,0
2500.0,6.49,0,65000.0,8.84,745.0,0.0,8.0,8212.0,0
10500.0,7.49,0,47688.0,10.39,700.0,0.0,14.0,10158.0,0
14000.0,8.49,1,101000.0,17.45,675.0,1.0,10.0,14629.0,0
23000.0,7.91,0,100000.0,10.49,735.0,1.0,16.0,21637.0,0
5450.0,17.27,3,51000.0,21.01,680.0,0.0,13.0,3604.0,0
8500.0,11.99,2,39000.0,9.26,670.0,0.0,12.0,10617.0,0
6000.0,7.49,0,26000.0,32.41,695.0,0.0,8.0,6630.0,0
2000.0,11.48,1,38000.0,37.62,665.0,1.0,12.0,9452.0,0
10000.0,8.49,1,51000.0,13.06,680.0,0.0,14.0,15565.0,0
10000.0,17.27,3,55000.0,39.6,690.0,0.0,18.0,15760.0,0
28000.0,7.49,0,124000.0,8.48,695.0,1.0,17.0,34584.0,1
20250.0,19.48,4,55000.0,19.99,745.0,0.0,13.0,28606.0,1
16000.0,5.32,0,85000.0,11.87,715.0,0.0,12.0,12862.0,0
16000.0,10.78,1,85000.0,12.97,665.0,1.0,6.0,18472.0,1
14000.0,10.78,1,135000.0,11.98,660.0,0.0,11.0,18086.0,0
10100.0,7.91,0,41000.0,26.77,665.0,0.0,19.0,10103.0,0
4800.0,15.77,3,47000.0,2.3,665.0,6.0,9.0,41.0,1
29000.0,8.49,1,101000.0,7.69,715.0,0.0,14.0,29310.0,0
7700.0,14.85,2,24000.0,27.5,670.0,0.0,6.0,7769.0,1
11200.0,14.85,2,50000.0,36.22,685.0,1.0,11.0,11052.0,0
15000.0,11.48,1,60000.0,30.48,660.0,0.0,23.0,28061.0,0
6000.0,8.49,1,46000.0,13.67,675.0,3.0,5.0,5830.0,0
9600.0,6.99,0,130000.0,12.18,710.0,1.0,9.0,274.0,0
4000.0,12.88,2,40000.0,14.43,695.0,0.0,6.0,15105.0,0
16000.0,16.59,3,50000.0,32.69,700.0,0.0,5.0,5537.0,1
10000.0,8.49,1,99000.0,7.5,665.0,0.0,7.0,17936.0,1
6000.0,8.49,1,60000.0,8.12,660.0,0.0,6.0,6075.0,0
12000.0,14.85,2,52500.0,31.25,660.0,0.0,9.0,4717.0,1
7000.0,8.49,1,48000.0,4.28,665.0,0.0,13.0,3543.0,0
24000.0,14.85,2,120000.0,23.67,660.0,2.0,28.0,36109.0,0
6000.0,15.77,3,36000.0,18.5,675.0,0.0,7.0,7255.0,1
28000.0,10.78,1,111000.0,18.31,660.0,2.0,5.0,57482.0,0
15000.0,17.27,3,50000.0,12.7,665.0,0.0,8.0,2814.0,0
12000.0,9.8,1,55000.0,9.46,680.0,2.0,27.0,12593.0,0
12000.0,9.17,1,52000.0,30.96,695.0,0.0,14.0,9641.0,1
4000.0,7.91,0,70000.0,22.4,735.0,1.0,14.0,12824.0,0
14000.0,18.49,3,45000.0,17.44,665.0,1.0,9.0,4695.0,0
20000.0,11.48,1,120000.0,37.69,705.0,3.0,13.0,18737.0,0
10000.0,6.49,0,90000.0,12.07,725.0,0.0,10.0,9223.0,0
10000.0,11.99,2,30000.0,20.92,705.0,0.0,6.0,6777.0,0
16000.0,7.91,0,65000.0,9.12,800.0,0.0,4.0,1531.0,0
15000.0,8.49,1,135000.0,25.04,690.0,0.0,8.0,2386.0,0
9000.0,11.99,2,75000.0,28.98,710.0,0.0,21.0,11449.0,0
19725.0,19.89,4,62000.0,29.44,665.0,0.0,10.0,4950.0,0
4500.0,13.44,2,34150.0,27.35,705.0,0.0,7.0,16649.0,0
15000.0,11.99,2,58000.0,27.83,685.0,0.0,13.0,6436.0,0
35000.0,18.49,3,120000.0,11.64,665.0,0.0,7.0,22030.0,1
5000.0,5.32,0,80000.0,0.75,705.0,0.0,7.0,1801.0,0
32000.0,7.91,0,100000.0,11.34,685.0,0.0,9.0,35370.0,0
5000.0,10.78,1,38200.0,4.69,710.0,0.0,10.0,8027.0,0
1050.0,15.77,3,21700.0,27.38,680.0,0.0,5.0,986.0,0
10000.0,9.8,1,54000.0,17.69,660.0,0.0,9.0,5191.0,0
28075.0,13.99,2,110000.0,26.35,705.0,4.0,22.0,23414.0,0
18000.0,12.88,2,120000.0,29.13,665.0,5.0,9.0,316859.0,0
12000.0,12.88,2,38000.0,19.74,720.0,0.0,5.0,6122.0,0
12000.0,11.48,1,45000.0,23.76,670.0,0.0,8.0,7988.0,0
5600.0,14.85,2,110000.0,34.74,690.0,0.0,17.0,18854.0,0
3600.0,12.88,2,30000.0,27.72,705.0,0.0,8.0,7489.0,0
25000.0,8.49,1,102000.0,7.66,700.0,0.0,11.0,25116.0,0
11500.0,7.91,0,130200.0,21.56,710.0,0.0,16.0,49507.0,0
25000.0,5.32,0,195000.0,14.56,725.0,1.0,9.0,27844.0,0
12000.0,12.88,2,48000.0,12.43,665.0,0.0,8.0,5224.0,0
12000.0,11.48,1,40000.0,39.66,705.0,0.0,17.0,10012.0,0
6000.0,10.78,1,36500.0,19.14,675.0,0.0,6.0,3324.0,0
15850.0,11.99,2,50000.0,21.08,730.0,0.0,5.0,14274.0,0
27125.0,13.44,2,65000.0,37.65,685.0,1.0,27.0,21979.0,1
20000.0,11.48,1,67400.0,16.45,705.0,0.0,13.0,16613.0,0
6600.0,17.97,3,45000.0,32.56,665.0,0.0,22.0,12128.0,0
15000.0,11.48,1,50000.0,13.66,670.0,0.0,22.0,12809.0,1
15000.0,11.99,2,75000.0,18.95,720.0,0.0,11.0,6599.0,0
23650.0,20.5,4,52560.0,36.64,665.0,0.0,21.0,38123.0,1
18475.0,16.59,3,110000.0,12.75,690.0,0.0,9.0,5515.0,0
10000.0,14.85,2,78000.0,27.0,670.0,0.0,10.0,9374.0,1
16000.0,14.85,2,120000.0,8.51,670.0,0.0,10.0,11710.0,0
9375.0,14.85,2,80000.0,9.74,710.0,0.0,5.0,7823.0,0
18675.0,8.49,1,55000.0,30.98,800.0,0.0,9.0,4650.0,0
5000.0,12.88,2,49500.0,13.81,680.0,0.0,7.0,1251.0,0
5000.0,11.48,1,65000.0,13.74,745.0,0.0,9.0,4329.0,1
5000.0,12.88,2,30000.0,5.52,670.0,0.0,5.0,3874.0,0
14000.0,13.99,2,36000.0,17.43,665.0,0.0,9.0,7723.0,0
14400.0,8.49,1,82000.0,11.67,695.0,0.0,9.0,10738.0,0
5000.0,5.32,0,250000.0,23.23,760.0,1.0,41.0,13937.0,0
3000.0,10.78,1,17000.0,16.6,695.0,0.0,9.0,5993.0,1
8500.0,8.49,1,40000.0,12.81,745.0,0.0,9.0,6082.0,0
16000.0,5.32,0,75000.0,11.69,795.0,0.0,22.0,17985.0,0
4300.0,10.78,1,45000.0,1.97,680.0,1.0,4.0,2644.0,0
14050.0,10.78,1,44000.0,13.34,675.0,0.0,9.0,7686.0,0
32000.0,6.99,0,144542.0,20.5,690.0,0.0,25.0,105233.0,0
15000.0,11.48,1,61000.0,7.4,700.0,0.0,13.0,12257.0,0
5000.0,6.49,0,72000.0,19.9,725.0,0.0,10.0,4652.0,0
15000.0,18.99,4,42000.0,25.0,700.0,0.0,9.0,4348.0,1
11200.0,7.49,0,65000.0,17.67,695.0,0.0,10.0,1683.0,0
21000.0,5.32,0,218000.0,16.64,700.0,1.0,16.0,82574.0,0
13225.0,25.09,5,45000.0,22.21,665.0,0.0,15.0,13332.0,1
21000.0,15.77,3,200000.0,13.72,675.0,0.0,19.0,24150.0,0
12000.0,13.99,2,52200.0,8.92,675.0,0.0,11.0,10611.0,0
24000.0,12.88,2,105000.0,15.42,665.0,0.0,10.0,7643.0,1
15000.0,14.85,2,44000.0,29.71,705.0,0.0,14.0,9072.0,0
8500.0,6.99,0,60000.0,12.38,690.0,0.0,9.0,37859.0,0
10000.0,17.97,3,140000.0,30.85,695.0,0.0,21.0,31746.0,1
6500.0,9.8,1,90000.0,22.12,670.0,0.0,15.0,5971.0,0
10000.0,6.99,0,70000.0,2.91,695.0,0.0,6.0,4534.0,0
24000.0,14.85,2,100000.0,21.73,705.0,0.0,10.0,11132.0,0
20000.0,7.91,0,45000.0,21.01,680.0,0.0,9.0,12966.0,0
15000.0,6.49,0,45000.0,15.25,725.0,0.0,17.0,15479.0,1
18000.0,12.88,2,85000.0,14.26,685.0,0.0,11.0,18633.0,0
14400.0,11.99,2,65000.0,9.29,665.0,0.0,12.0,13621.0,1
35000.0,13.44,2,130000.0,20.64,710.0,0.0,17.0,20767.0,0
3325.0,17.97,3,57000.0,27.6,695.0,1.0,4.0,554.0,0
24000.0,14.85,2,65000.0,15.92,660.0,0.0,12.0,5098.0,0
2500.0,16.59,3,30000.0,10.96,675.0,0.0,5.0,1076.0,0
17800.0,15.77,3,71000.0,14.01,660.0,0.0,7.0,6597.0,0
35000.0,13.44,2,160000.0,11.19,685.0,0.0,10.0,29307.0,0
16975.0,22.45,5,47160.0,7.74,730.0,0.0,6.0,4645.0,0
15000.0,13.99,2,72100.0,31.57,690.0,0.0,21.0,8864.0,1
16000.0,7.49,0,82500.0,28.48,705.0,0.0,28.0,28891.0,0
11000.0,9.17,1,106000.0,15.68,660.0,2.0,9.0,12386.0,0
4500.0,9.17,1,30000.0,17.6,675.0,1.0,6.0,4143.0,0
20000.0,9.8,1,59120.0,30.59,695.0,0.0,10.0,19969.0,0
8000.0,9.8,1,45000.0,34.47,675.0,0.0,18.0,13717.0,1
7000.0,11.99,2,51000.0,3.39,660.0,0.0,22.0,4614.0,0
5000.0,7.49,0,52000.0,6.14,760.0,0.0,9.0,3410.0,0
14000.0,6.99,0,125000.0,10.8,765.0,1.0,15.0,12785.0,0
20000.0,11.48,1,50000.0,21.39,705.0,0.0,10.0,23186.0,0
26400.0,16.59,3,60000.0,27.58,665.0,0.0,12.0,45639.0,0
10000.0,11.48,1,52000.0,15.46,685.0,0.0,11.0,20451.0,0
32725.0,28.49,6,86000.0,18.03,660.0,0.0,20.0,27023.0,0
20000.0,7.91,0,80000.0,23.22,675.0,0.0,14.0,41404.0,0
7000.0,6.99,0,55000.0,3.62,765.0,0.0,12.0,4983.0,0
22000.0,11.48,1,65000.0,15.77,730.0,0.0,6.0,392.0,0
16000.0,5.32,0,51000.0,19.08,755.0,0.0,17.0,23613.0,0
6000.0,17.97,3,75000.0,10.64,665.0,1.0,6.0,3586.0,0
12000.0,11.99,2,83600.0,34.22,670.0,0.0,12.0,156802.0,0
2700.0,11.99,2,52000.0,9.58,695.0,0.0,7.0,2668.0,0
7000.0,11.48,1,66000.0,11.69,660.0,0.0,5.0,2371.0,0
10775.0,11.99,2,28000.0,27.43,705.0,0.0,13.0,13968.0,0
10000.0,6.49,0,160000.0,11.69,705.0,1.0,12.0,19498.0,0
10000.0,6.99,0,150000.0,6.54,735.0,0.0,6.0,8934.0,0
11000.0,14.85,2,48000.0,16.95,660.0,1.0,7.0,16501.0,0
12000.0,6.49,0,61500.0,22.81,725.0,0.0,6.0,25611.0,0
2000.0,10.78,1,66000.0,8.55,675.0,0.0,13.0,4804.0,0
10000.0,9.17,1,70000.0,14.61,705.0,0.0,9.0,9744.0,0
16000.0,6.99,0,60000.0,26.94,755.0,0.0,11.0,19715.0,0
6000.0,14.85,2,35000.0,13.1,665.0,1.0,4.0,3796.0,0
12000.0,7.91,0,104000.0,5.55,690.0,2.0,18.0,10552.0,0
30000.0,13.44,2,125000.0,9.15,720.0,0.0,8.0,5352.0,1
16000.0,10.78,1,98000.0,6.97,705.0,0.0,12.0,13785.0,0
19000.0,16.59,3,38000.0,20.13,700.0,0.0,5.0,34136.0,0
21000.0,12.88,2,83000.0,16.05,665.0,0.0,14.0,18361.0,0
28000.0,6.99,0,131000.0,32.37,705.0,0.0,21.0,115170.0,1
5500.0,8.49,1,72800.0,16.63,665.0,0.0,6.0,7517.0,0
7450.0,19.48,4,20000.0,22.61,660.0,0.0,20.0,3296.0,1
18000.0,19.48,4,45000.0,15.36,685.0,1.0,10.0,25104.0,0
16000.0,11.99,2,44096.0,34.57,675.0,0.0,12.0,8224.0,0
20000.0,11.99,2,67500.0,13.44,725.0,0.0,6.0,20721.0,0
31325.0,14.85,2,190000.0,25.86,660.0,1.0,24.0,27020.0,0
22425.0,13.99,2,51000.0,22.61,725.0,0.0,11.0,4228.0,1
20000.0,15.77,3,109000.0,11.13,665.0,0.0,10.0,5480.0,0
20000.0,18.49,3,64000.0,35.25,665.0,0.0,13.0,17320.0,0
12000.0,9.17,1,55000.0,14.97,690.0,1.0,15.0,1313.0,0
8500.0,7.49,0,36000.0,30.03,700.0,1.0,6.0,42112.0,0
16800.0,8.49,1,40000.0,30.9,705.0,0.0,14.0,30538.0,0
10800.0,19.48,4,30000.0,29.96,670.0,0.0,21.0,4375.0,1
12000.0,7.91,0,55000.0,26.19,705.0,0.0,23.0,16665.0,0
2100.0,10.78,1,28000.0,21.13,670.0,0.0,9.0,7897.0,0
5700.0,9.17,1,13000.0,24.28,705.0,0.0,11.0,3659.0,0
6025.0,12.88,2,29000.0,34.89,670.0,1.0,16.0,3556.0,0
14000.0,7.91,0,126500.0,9.06,760.0,0.0,12.0,11304.0,0
25000.0,7.91,0,120000.0,14.86,720.0,0.0,18.0,23491.0,0
30000.0,13.99,2,100000.0,10.75,775.0,0.0,12.0,8196.0,1
12000.0,12.88,2,75000.0,12.7,660.0,0.0,11.0,8376.0,0
28000.0,14.85,2,75000.0,23.58,720.0,0.0,9.0,37212.0,0
15000.0,17.27,3,33280.0,29.82,660.0,1.0,13.0,14679.0,1
10000.0,11.99,2,30000.0,19.32,675.0,0.0,8.0,3533.0,1
16000.0,7.49,0,49000.0,27.87,710.0,0.0,17.0,19924.0,0
3825.0,14.85,2,30000.0,7.08,670.0,1.0,7.0,2138.0,1
29000.0,6.49,0,110000.0,7.79,805.0,0.0,10.0,5322.0,0
21600.0,10.78,1,48000.0,18.5,700.0,0.0,12.0,20961.0,0
9050.0,9.17,1,42000.0,21.25,700.0,0.0,11.0,12173.0,0
6600.0,7.91,0,150000.0,9.66,695.0,0.0,9.0,2071.0,0
12000.0,15.77,3,52000.0,5.73,675.0,0.0,9.0,8205.0,0
15000.0,9.17,1,40000.0,13.05,735.0,0.0,16.0,5141.0,0
8000.0,7.91,0,45960.0,8.85,700.0,0.0,9.0,15992.0,0
5000.0,13.99,2,52000.0,29.22,665.0,0.0,6.0,2222.0,0
28000.0,16.59,3,105000.0,16.3,680.0,0.0,15.0,14734.0,0
12000.0,7.49,0,55000.0,25.88,700.0,0.0,13.0,32794.0,0
25000.0,5.32,0,90000.0,14.88,740.0,0.0,14.0,22828.0,0
30000.0,14.85,2,100000.0,10.79,670.0,0.0,6.0,32395.0,0
3600.0,9.8,1,30000.0,11.08,660.0,0.0,20.0,1666.0,0
6525.0,15.77,3,30000.0,8.44,675.0,0.0,9.0,4515.0,0
18000.0,20.5,4,52000.0,22.29,660.0,0.0,12.0,13399.0,1
2000.0,10.78,1,55000.0,16.15,670.0,1.0,7.0,7825.0,0
27425.0,16.59,3,79500.0,29.71,680.0,1.0,26.0,22877.0,0
32000.0,11.99,2,88000.0,22.48,695.0,0.0,9.0,44843.0,0
24000.0,19.48,4,105000.0,27.33,670.0,6.0,26.0,44729.0,0
10000.0,8.49,1,120000.0,9.44,695.0,0.0,28.0,10515.0,0
16800.0,9.17,1,50000.0,27.27,720.0,0.0,17.0,11225.0,0
4000.0,14.85,2,90000.0,9.48,705.0,0.0,8.0,6574.0,0
25950.0,18.99,4,59000.0,20.93,700.0,0.0,14.0,38922.0,0
9600.0,17.27,3,53000.0,30.27,690.0,0.0,16.0,16553.0,0
17500.0,12.88,2,95700.0,10.09,665.0,0.0,10.0,11625.0,0
10000.0,9.17,1,40000.0,19.62,660.0,1.0,8.0,16039.0,0
25000.0,6.99,0,95200.0,34.58,750.0,0.0,27.0,38166.0,0
25000.0,13.44,2,88000.0,14.47,675.0,0.0,12.0,5644.0,0
18000.0,9.8,1,89400.0,10.04,670.0,0.0,16.0,18793.0,0
19875.0,15.77,3,58000.0,23.19,710.0,0.0,25.0,18405.0,0
22500.0,14.85,2,114000.0,9.83,665.0,2.0,15.0,20164.0,0
10075.0,17.97,3,28000.0,24.47,670.0,2.0,8.0,2348.0,0
12000.0,9.8,1,80000.0,15.36,715.0,0.0,14.0,6322.0,0
7500.0,7.91,0,29000.0,23.55,680.0,0.0,11.0,534.0,0
3000.0,6.49,0,35000.0,12.35,695.0,0.0,7.0,3578.0,0
12000.0,11.99,2,115000.0,5.96,670.0,4.0,12.0,12680.0,0
4100.0,5.32,0,36000.0,6.0,810.0,0.0,10.0,5564.0,0
11900.0,5.32,0,150000.0,14.93,730.0,2.0,14.0,58105.0,0
32000.0,7.91,0,180000.0,8.75,755.0,0.0,12.0,29269.0,0
22800.0,10.78,1,132000.0,17.17,715.0,0.0,11.0,13754.0,0
7200.0,15.77,3,60000.0,29.32,685.0,0.0,7.0,17529.0,0
16000.0,16.59,3,63000.0,11.09,670.0,1.0,9.0,6586.0,0
15000.0,5.32,0,70000.0,4.35,705.0,1.0,12.0,10650.0,0
12000.0,13.44,2,75000.0,15.09,670.0,0.0,13.0,17034.0,0
8000.0,7.91,0,60000.0,13.09,710.0,0.0,15.0,9878.0,0
21000.0,11.99,2,54603.0,33.84,710.0,0.0,12.0,8791.0,1
4800.0,13.44,2,70000.0,10.42,675.0,7.0,10.0,3385.0,0
4000.0,12.88,2,40000.0,11.73,675.0,0.0,17.0,3935.0,0
24000.0,9.8,1,85000.0,23.17,720.0,0.0,23.0,39806.0,0
10800.0,16.59,3,30000.0,11.0,690.0,0.0,6.0,7769.0,0
10000.0,9.17,1,96000.0,8.45,660.0,0.0,6.0,9282.0,0
7000.0,5.32,0,45000.0,11.8,775.0,0.0,8.0,3172.0,0
23000.0,11.99,2,50000.0,19.35,680.0,0.0,15.0,32538.0,0
8000.0,7.91,0,48500.0,7.75,685.0,0.0,9.0,7691.0,0
12000.0,8.49,1,70000.0,13.39,675.0,0.0,10.0,15590.0,0
8000.0,11.99,2,22000.0,28.92,695.0,0.0,9.0,17653.0,0
4800.0,7.49,0,82000.0,11.37,690.0,0.0,21.0,2799.0,0
15000.0,9.8,1,125000.0,33.38,700.0,0.0,24.0,28833.0,0
2000.0,16.59,3,96000.0,10.2,715.0,0.0,7.0,8581.0,0
6000.0,6.49,0,26000.0,21.84,685.0,0.0,3.0,3943.0,0
10800.0,12.88,2,69000.0,18.37,660.0,0.0,10.0,26560.0,0
12000.0,13.99,2,72500.0,7.71,665.0,0.0,7.0,831.0,0
7325.0,10.78,1,40000.0,10.95,685.0,0.0,7.0,6051.0,0
15000.0,12.88,2,60000.0,15.3,690.0,0.0,2.0,14045.0,1
6300.0,9.8,1,45000.0,16.99,690.0,1.0,11.0,4162.0,0
6000.0,11.48,1,100000.0,13.78,660.0,1.0,10.0,11250.0,0
15075.0,17.27,3,32806.0,25.54,715.0,0.0,6.0,14125.0,0
9600.0,13.44,2,90000.0,28.07,680.0,4.0,16.0,14168.0,0
16000.0,7.49,0,70000.0,12.09,695.0,0.0,15.0,39852.0,0
6000.0,6.49,0,85000.0,10.28,740.0,1.0,8.0,5902.0,0
2000.0,9.17,1,75000.0,26.75,675.0,0.0,11.0,16140.0,0
9600.0,7.49,0,56000.0,32.21,690.0,1.0,14.0,14324.0,0
9600.0,5.32,0,65000.0,22.95,755.0,0.0,22.0,18621.0,0
5000.0,7.91,0,40000.0,28.26,715.0,0.0,11.0,8402.0,0
21000.0,8.49,1,120000.0,3.3,670.0,0.0,4.0,14333.0,0
30000.0,11.48,1,87000.0,29.89,690.0,0.0,23.0,35690.0,0
6000.0,5.32,0,41175.0,4.14,750.0,0.0,4.0,5419.0,0
11500.0,11.48,1,25000.0,20.4,730.0,0.0,6.0,525.0,0
15000.0,11.99,2,41000.0,14.17,695.0,0.0,30.0,15411.0,0
3175.0,9.8,1,45000.0,34.18,675.0,0.0,10.0,3283.0,0
8000.0,9.8,1,72000.0,5.72,680.0,1.0,5.0,2180.0,0
27000.0,24.24,5,120000.0,20.52,670.0,0.0,12.0,23795.0,0
6400.0,11.48,1,35000.0,19.71,720.0,0.0,12.0,13517.0,1
21000.0,15.77,3,115000.0,18.12,680.0,0.0,9.0,10292.0,0
3900.0,9.8,1,105000.0,34.31,685.0,0.0,13.0,67128.0,0
32000.0,12.88,2,160000.0,22.83,665.0,1.0,31.0,37984.0,0
20000.0,9.17,1,86000.0,21.69,670.0,0.0,17.0,21378.0,0
32000.0,11.48,1,93000.0,23.19,680.0,0.0,21.0,15387.0,0
3600.0,13.99,2,41000.0,24.3,720.0,0.0,20.0,12244.0,0
13825.0,11.48,1,61000.0,19.2,670.0,0.0,11.0,16292.0,0
19300.0,22.45,5,46000.0,38.94,675.0,0.0,17.0,40100.0,0
12000.0,8.49,1,160000.0,13.11,685.0,1.0,9.0,14107.0,0
12000.0,6.99,0,172000.0,7.98,695.0,1.0,8.0,16485.0,0
10000.0,10.78,1,52000.0,3.4,710.0,0.0,6.0,8978.0,0
10000.0,9.17,1,100000.0,9.13,690.0,0.0,9.0,10222.0,1
15000.0,11.99,2,41500.0,31.92,680.0,1.0,12.0,13497.0,0
30000.0,16.59,3,300000.0,6.21,685.0,3.0,11.0,21955.0,0
11400.0,19.48,4,69000.0,28.26,665.0,0.0,26.0,18915.0,1
20000.0,13.99,2,80000.0,15.06,660.0,0.0,8.0,2852.0,0
4800.0,13.44,2,46000.0,4.77,660.0,0.0,8.0,2675.0,0
11025.0,16.59,3,24000.0,25.55,770.0,0.0,6.0,1119.0,0
15000.0,16.59,3,50000.0,27.53,665.0,0.0,12.0,17201.0,1
25000.0,17.27,3,72000.0,13.13,760.0,0.0,9.0,16.0,0
24500.0,8.49,1,83700.0,21.82,730.0,0.0,5.0,47987.0,1
3500.0,14.85,2,30000.0,8.84,665.0,0.0,9.0,8179.0,0
35000.0,12.88,2,101000.0,13.03,675.0,2.0,8.0,18667.0,0
4000.0,7.91,0,48000.0,18.44,715.0,0.0,8.0,3136.0,0
8000.0,11.99,2,35000.0,14.06,690.0,1.0,6.0,7350.0,0
25000.0,15.77,3,60000.0,20.92,670.0,2.0,10.0,13066.0,1
7100.0,15.77,3,33000.0,12.87,675.0,1.0,5.0,1264.0,0
5875.0,13.99,2,14000.0,18.87,685.0,0.0,4.0,6837.0,0
5600.0,12.88,2,38000.0,11.76,670.0,0.0,12.0,4910.0,0
10000.0,11.99,2,29600.0,32.56,690.0,0.0,15.0,21013.0,0
18000.0,19.89,4,60000.0,27.76,675.0,0.0,20.0,8617.0,0
2775.0,19.48,4,34000.0,24.71,675.0,0.0,7.0,952.0,0
7500.0,8.49,1,95000.0,5.15,675.0,0.0,14.0,6323.0,0
20000.0,12.88,2,50000.0,27.48,665.0,0.0,10.0,6788.0,1
15000.0,8.49,1,120000.0,26.85,740.0,0.0,22.0,17508.0,0
10875.0,8.49,1,85000.0,24.3,665.0,4.0,21.0,3866.0,0
35000.0,12.88,2,85000.0,16.66,700.0,0.0,10.0,41983.0,1
33000.0,13.99,2,72500.0,18.19,660.0,3.0,9.0,25388.0,0
22000.0,10.78,1,58000.0,12.35,725.0,0.0,7.0,15582.0,0
20000.0,10.78,1,60000.0,27.92,680.0,0.0,23.0,36431.0,0
20000.0,12.88,2,85000.0,19.82,675.0,5.0,13.0,18766.0,0
10000.0,7.49,0,63000.0,13.28,700.0,0.0,8.0,7417.0,0
6000.0,6.99,0,53000.0,20.52,680.0,0.0,8.0,8642.0,0
13000.0,9.8,1,26000.0,33.43,735.0,0.0,13.0,15147.0,0
3000.0,12.88,2,52000.0,1.06,725.0,0.0,2.0,714.0,0
35000.0,19.89,4,165000.0,20.25,670.0,0.0,15.0,16610.0,0
5000.0,14.85,2,72000.0,9.72,660.0,2.0,14.0,844.0,0
25000.0,7.91,0,145000.0,22.38,780.0,0.0,14.0,83628.0,0
3600.0,6.49,0,34000.0,11.22,740.0,0.0,9.0,4009.0,1
24000.0,5.32,0,125000.0,12.61,825.0,0.0,17.0,2515.0,0
15000.0,15.77,3,52000.0,18.3,675.0,1.0,21.0,9212.0,0
10000.0,6.99,0,120000.0,13.73,770.0,1.0,11.0,2552.0,0
14400.0,20.5,4,56000.0,24.67,680.0,0.0,13.0,24606.0,1
21000.0,5.32,0,90000.0,7.69,805.0,0.0,7.0,7050.0,0
5900.0,9.17,1,25000.0,25.83,710.0,1.0,8.0,2846.0,0
9225.0,16.59,3,50000.0,23.79,680.0,0.0,10.0,8269.0,0
12000.0,8.49,1,36000.0,24.57,675.0,1.0,12.0,11414.0,1
30000.0,7.91,0,72000.0,23.03,710.0,1.0,29.0,36689.0,0
15725.0,15.77,3,75000.0,21.3,700.0,0.0,9.0,3101.0,0
16800.0,12.88,2,80000.0,32.55,700.0,0.0,15.0,17624.0,0
10000.0,6.49,0,108000.0,5.72,760.0,1.0,12.0,965.0,0
24000.0,13.99,2,52000.0,31.83,665.0,0.0,20.0,20748.0,0
9000.0,11.99,2,80000.0,17.66,705.0,0.0,15.0,7905.0,0
14500.0,13.99,2,50000.0,24.89,715.0,1.0,13.0,18685.0,0
17750.0,13.99,2,76780.0,13.49,680.0,0.0,7.0,8396.0,0
7000.0,11.99,2,50000.0,21.46,690.0,0.0,11.0,3784.0,0
9075.0,18.49,3,40000.0,37.02,665.0,4.0,10.0,21628.0,0
10000.0,14.85,2,65000.0,36.0,705.0,0.0,11.0,27252.0,0
17000.0,7.91,0,70000.0,15.55,700.0,0.0,12.0,13694.0,0
17000.0,13.44,2,120000.0,7.43,665.0,0.0,7.0,3758.0,0
6000.0,6.99,0,55500.0,7.76,715.0,0.0,14.0,10884.0,1
19200.0,6.49,0,105000.0,13.82,710.0,0.0,15.0,52855.0,0
1000.0,9.17,1,55000.0,8.34,670.0,0.0,7.0,2277.0,1
14400.0,7.91,0,120000.0,7.04,710.0,0.0,9.0,15177.0,0
35000.0,13.44,2,96000.0,28.6,690.0,1.0,16.0,35695.0,0
7725.0,5.32,0,100000.0,13.15,680.0,2.0,7.0,692.0,0
9600.0,11.99,2,54375.0,21.03,660.0,2.0,9.0,4232.0,0
22000.0,9.17,1,53000.0,15.4,660.0,5.0,6.0,20264.0,0
8000.0,9.17,1,57600.0,28.48,685.0,1.0,17.0,7580.0,0
25000.0,7.49,0,85000.0,7.29,680.0,1.0,7.0,22414.0,0
35000.0,11.99,2,98000.0,19.94,730.0,0.0,12.0,3834.0,1
5000.0,11.99,2,104000.0,9.39,670.0,0.0,14.0,10705.0,0
14000.0,10.78,1,80000.0,23.42,700.0,1.0,14.0,18425.0,0
16000.0,16.59,3,115000.0,10.08,660.0,1.0,12.0,1115.0,1
5300.0,11.99,2,62000.0,16.34,670.0,0.0,10.0,1797.0,0
9400.0,11.99,2,52000.0,7.55,665.0,1.0,26.0,10169.0,0
1000.0,13.99,2,120000.0,20.84,690.0,1.0,13.0,9080.0,0
18200.0,11.99,2,82000.0,19.51,710.0,0.0,17.0,10986.0,0
28000.0,15.77,3,102000.0,11.56,680.0,0.0,7.0,36236.0,0
12000.0,5.32,0,80000.0,14.9,715.0,0.0,11.0,10149.0,0
15600.0,14.85,2,99000.0,34.18,740.0,0.0,18.0,12263.0,1
22775.0,15.77,3,65000.0,12.76,740.0,0.0,12.0,8330.0,0
12000.0,19.89,4,74000.0,18.59,660.0,0.0,12.0,9141.0,0
16500.0,7.49,0,57225.0,7.15,715.0,0.0,8.0,19092.0,0
7000.0,6.99,0,70000.0,1.23,760.0,0.0,9.0,1627.0,0
20000.0,13.44,2,47000.0,20.97,660.0,0.0,7.0,17642.0,0
8500.0,9.17,1,120000.0,7.99,660.0,0.0,6.0,11434.0,0
15000.0,11.48,1,52000.0,27.18,670.0,0.0,30.0,16020.0,0
4000.0,9.17,1,20000.0,22.27,675.0,0.0,10.0,4435.0,0
4600.0,17.27,3,76000.0,12.87,695.0,0.0,7.0,3429.0,0
15000.0,13.44,2,53000.0,34.4,685.0,0.0,16.0,22131.0,1
15000.0,9.8,1,50000.0,36.95,710.0,0.0,33.0,13095.0,1
35000.0,18.49,3,73309.8,15.4,710.0,0.0,11.0,19180.0,0
10000.0,9.17,1,46000.0,26.14,685.0,0.0,11.0,7709.0,0
5000.0,13.44,2,47418.0,23.46,700.0,0.0,5.0,2049.0,0
16000.0,10.78,1,130000.0,18.4,660.0,1.0,22.0,17373.0,0
9375.0,18.49,3,83000.0,19.27,675.0,11.0,12.0,2426.0,1
6000.0,11.48,1,51000.0,11.72,695.0,0.0,8.0,16507.0,0
30000.0,10.78,1,125000.0,20.45,710.0,0.0,11.0,38778.0,0
7050.0,13.44,2,18600.0,21.23,745.0,0.0,4.0,3088.0,1
20000.0,13.99,2,64000.0,24.73,675.0,0.0,13.0,19436.0,1
18575.0,17.27,3,46000.0,8.27,660.0,2.0,9.0,6118.0,0
9350.0,15.77,3,50000.0,14.74,660.0,2.0,6.0,3216.0,1
8800.0,9.8,1,32000.0,12.0,735.0,2.0,11.0,10931.0,0
31750.0,15.77,3,80000.0,24.69,705.0,1.0,23.0,37115.0,0
7200.0,12.88,2,22140.0,20.76,665.0,1.0,10.0,4243.0,1
20000.0,10.78,1,89000.0,11.97,660.0,1.0,11.0,7725.0,0
15000.0,10.78,1,143000.0,20.09,670.0,1.0,12.0,12125.0,1
35000.0,17.27,3,110000.0,15.09,700.0,0.0,9.0,10775.0,0
15000.0,11.99,2,65350.0,21.63,680.0,0.0,23.0,23265.0,0
6000.0,14.85,2,90000.0,19.8,660.0,1.0,9.0,6810.0,0
15000.0,10.78,1,35000.0,15.23,670.0,0.0,11.0,15025.0,0
4475.0,16.59,3,15732.0,9.23,675.0,1.0,8.0,4400.0,1
9000.0,11.48,1,50000.0,18.34,715.0,0.0,7.0,468.0,0
10000.0,9.8,1,42000.0,27.43,660.0,1.0,13.0,22738.0,1
14000.0,9.17,1,88000.0,10.6,725.0,0.0,23.0,18119.0,0
15000.0,9.8,1,90000.0,33.75,660.0,13.0,8.0,5215.0,0
35000.0,12.88,2,150000.0,12.37,685.0,0.0,9.0,49053.0,0
5000.0,15.77,3,47500.0,9.27,720.0,1.0,12.0,21379.0,0
11700.0,5.32,0,120000.0,6.08,740.0,0.0,15.0,11338.0,0
18000.0,13.99,2,60000.0,8.0,670.0,0.0,6.0,17284.0,1
35000.0,19.89,4,103000.0,25.07,740.0,0.0,7.0,3236.0,1
23000.0,5.32,0,90000.0,20.92,735.0,0.0,8.0,29456.0,0
6000.0,9.17,1,45000.0,23.57,705.0,0.0,17.0,7063.0,0
18000.0,11.99,2,67500.0,32.92,700.0,0.0,17.0,17852.0,1
10400.0,7.91,0,55000.0,12.96,710.0,0.0,8.0,5005.0,0
1000.0,9.17,1,65000.0,12.76,665.0,2.0,10.0,0.0,1
16000.0,9.8,1,50000.0,16.16,710.0,0.0,7.0,13678.0,0
15000.0,6.49,0,150000.0,9.79,740.0,0.0,20.0,4311.0,0
5600.0,14.85,2,26000.0,14.4,670.0,0.0,6.0,4314.0,0
35000.0,20.5,4,52000.0,33.07,675.0,0.0,10.0,34029.0,0
21600.0,14.85,2,78000.0,28.18,720.0,0.0,17.0,8203.0,0
4000.0,11.48,1,35000.0,25.24,730.0,0.0,12.0,2312.0,1
15400.0,18.99,4,94500.0,10.53,660.0,0.0,13.0,16233.0,0
6025.0,12.88,2,38000.0,3.92,665.0,1.0,7.0,4013.0,0
15000.0,9.8,1,56000.0,24.92,680.0,0.0,23.0,15733.0,0
10000.0,9.17,1,50000.0,30.71,725.0,0.0,18.0,18499.0,0
13500.0,7.49,0,90000.0,7.37,705.0,0.0,6.0,14776.0,0
26000.0,11.99,2,100000.0,13.22,725.0,0.0,13.0,19601.0,0
13600.0,15.77,3,123000.0,8.33,700.0,0.0,11.0,10809.0,0
28000.0,12.88,2,140000.0,10.94,675.0,1.0,9.0,47205.0,0
25000.0,14.85,2,60000.0,20.48,725.0,0.0,11.0,14659.0,0
4975.0,11.99,2,55000.0,11.17,660.0,7.0,3.0,1150.0,1
9925.0,11.48,1,90000.0,35.77,690.0,0.0,22.0,64532.0,0
11000.0,5.32,0,85000.0,3.97,750.0,0.0,10.0,15689.0,0
20150.0,21.48,4,48000.0,34.29,715.0,0.0,8.0,35719.0,1
11750.0,12.88,2,28000.0,18.28,665.0,0.0,11.0,6207.0,0
6175.0,16.59,3,35000.0,21.57,670.0,4.0,6.0,941.0,0
10000.0,9.8,1,98000.0,14.71,660.0,0.0,15.0,14265.0,0
3750.0,10.78,1,30000.0,8.96,660.0,1.0,6.0,3429.0,0
9000.0,11.48,1,88400.0,15.85,660.0,2.0,13.0,8482.0,0
5600.0,9.8,1,50000.0,28.04,715.0,0.0,10.0,6078.0,0
9525.0,15.77,3,68000.0,25.5,680.0,0.0,12.0,20582.0,0
28000.0,8.49,1,60000.0,18.59,720.0,0.0,6.0,61267.0,0
7000.0,6.99,0,68000.0,15.14,685.0,0.0,13.0,7119.0,0
10000.0,10.78,1,34000.0,19.13,685.0,0.0,11.0,8331.0,0
24000.0,5.32,0,110000.0,19.55,755.0,0.0,8.0,10777.0,0
6000.0,9.17,1,44359.0,5.57,715.0,2.0,5.0,4072.0,0
35000.0,13.44,2,108000.0,14.62,690.0,0.0,17.0,29399.0,0
10750.0,20.5,4,45000.0,38.57,660.0,3.0,11.0,22569.0,0
20925.0,18.49,3,65000.0,20.66,660.0,0.0,12.0,12105.0,1
5500.0,6.49,0,30000.0,28.32,710.0,0.0,11.0,21059.0,0
6650.0,17.27,3,18480.0,22.21,665.0,0.0,10.0,9160.0,1
9600.0,9.17,1,50000.0,9.65,675.0,0.0,10.0,12076.0,0
4800.0,6.49,0,65000.0,28.6,700.0,0.0,8.0,5561.0,0
12000.0,18.49,3,48000.0,24.98,670.0,2.0,6.0,1735.0,1
20000.0,15.77,3,110000.0,23.46,725.0,0.0,15.0,5278.0,1
9500.0,17.27,3,36000.0,15.03,735.0,0.0,17.0,7491.0,0
6000.0,14.85,2,22200.0,12.05,680.0,0.0,9.0,2009.0,0
6500.0,7.91,0,40000.0,9.94,690.0,0.0,7.0,5663.0,0
7000.0,11.99,2,52000.0,11.43,690.0,0.0,10.0,8505.0,0
11500.0,13.44,2,56000.0,27.26,660.0,0.0,13.0,11406.0,1
18000.0,13.44,2,55000.0,17.48,695.0,0.0,14.0,5284.0,0
13500.0,6.99,0,96000.0,12.85,690.0,0.0,9.0,13983.0,0
16000.0,11.48,1,150000.0,25.59,665.0,0.0,16.0,46010.0,1
3150.0,18.49,3,92000.0,25.45,685.0,1.0,9.0,2512.0,0
21000.0,16.59,3,52000.0,20.33,670.0,0.0,13.0,11288.0,0
5000.0,12.88,2,42000.0,23.09,675.0,1.0,7.0,4799.0,0
18000.0,14.85,2,60000.0,27.58,715.0,0.0,10.0,13144.0,0
3000.0,14.85,2,42000.0,32.6,670.0,0.0,10.0,11549.0,0
28000.0,18.99,4,85000.0,13.88,685.0,0.0,12.0,24920.0,0
35000.0,17.97,3,74600.0,33.32,705.0,0.0,16.0,24696.0,1
10000.0,8.49,1,35000.0,22.67,665.0,0.0,4.0,7266.0,1
8000.0,6.49,0,62000.0,16.71,690.0,1.0,7.0,3438.0,0
7200.0,16.59,3,20000.0,39.74,670.0,0.0,10.0,4232.0,0
12000.0,6.49,0,54700.0,16.45,725.0,0.0,7.0,8426.0,0
4000.0,12.88,2,70000.0,38.95,660.0,1.0,16.0,31755.0,1
22400.0,25.09,5,98000.0,35.4,680.0,1.0,8.0,118.0,1
6000.0,13.44,2,20000.0,31.03,675.0,0.0,7.0,8543.0,0
3725.0,11.48,1,12420.0,25.51,695.0,0.0,6.0,8051.0,0
16000.0,9.8,1,104000.0,17.64,740.0,0.0,5.0,21501.0,0
14400.0,5.32,0,100000.0,15.62,700.0,2.0,25.0,46403.0,0
32000.0,15.77,3,124000.0,24.82,675.0,0.0,32.0,9929.0,0
35000.0,20.5,4,150000.0,27.68,675.0,0.0,21.0,40087.0,0
8000.0,7.49,0,75000.0,18.6,680.0,1.0,18.0,19057.0,1
13900.0,17.97,3,91000.0,24.95,685.0,0.0,9.0,3791.0,1
20000.0,5.32,0,60000.0,26.23,705.0,0.0,15.0,29701.0,0
9475.0,12.88,2,90000.0,19.24,675.0,0.0,7.0,9885.0,1
16000.0,15.77,3,80000.0,2.0,750.0,0.0,5.0,2732.0,0
5000.0,7.91,0,60000.0,6.1,690.0,0.0,5.0,9470.0,0
9500.0,9.17,1,40000.0,32.22,665.0,0.0,13.0,27226.0,0
11000.0,8.49,1,40000.0,22.32,670.0,0.0,9.0,12696.0,0
28000.0,5.32,0,110000.0,11.14,785.0,0.0,4.0,6526.0,0
2800.0,14.85,2,30639.0,18.76,685.0,0.0,10.0,9089.0,0
20000.0,7.91,0,100000.0,25.83,765.0,0.0,19.0,64319.0,0
16800.0,10.78,1,75000.0,16.18,675.0,0.0,9.0,2262.0,1
15500.0,19.89,4,73000.0,26.6,700.0,0.0,11.0,34787.0,0
12500.0,11.99,2,65000.0,15.42,670.0,0.0,14.0,13271.0,0
30000.0,14.85,2,90000.0,7.76,685.0,0.0,5.0,23319.0,0
10800.0,11.99,2,75000.0,23.18,705.0,0.0,11.0,21076.0,1
24000.0,9.17,1,112000.0,19.56,700.0,0.0,13.0,37630.0,0
18000.0,10.78,1,68000.0,9.75,660.0,0.0,15.0,15633.0,0
28000.0,6.99,0,95000.0,10.81,730.0,0.0,5.0,39427.0,0
14000.0,13.44,2,52000.0,15.6,725.0,0.0,11.0,6137.0,1
6050.0,17.97,3,48000.0,36.0,680.0,1.0,7.0,1915.0,0
28000.0,7.91,0,250000.0,17.44,770.0,0.0,8.0,25305.0,0
12000.0,9.17,1,87000.0,3.17,665.0,2.0,5.0,8341.0,1
12000.0,11.48,1,80000.0,4.65,705.0,0.0,8.0,8680.0,0
14000.0,6.99,0,51914.0,22.56,765.0,0.0,14.0,17363.0,0
16000.0,15.77,3,65000.0,17.95,660.0,2.0,9.0,10777.0,0
18700.0,17.27,3,52000.0,36.07,660.0,0.0,11.0,16464.0,1
24000.0,6.49,0,90000.0,14.97,740.0,1.0,21.0,3293.0,0
8000.0,5.32,0,85000.0,13.55,785.0,0.0,9.0,9162.0,0
12000.0,9.17,1,55000.0,31.86,670.0,0.0,4.0,10237.0,0
12000.0,11.48,1,75000.0,20.93,680.0,0.0,15.0,14120.0,0
35000.0,11.48,1,200000.0,9.0,730.0,0.0,6.0,41913.0,0
19200.0,15.77,3,40000.0,21.15,710.0,0.0,17.0,5550.0,1
10000.0,6.49,0,51000.0,6.0,705.0,0.0,17.0,4062.0,0
20000.0,11.48,1,90000.0,16.08,705.0,0.0,14.0,19798.0,0
1400.0,17.27,3,39000.0,14.52,680.0,0.0,6.0,5602.0,0
5000.0,11.99,2,48000.0,12.85,675.0,0.0,6.0,4102.0,0
24000.0,9.17,1,62000.0,11.63,670.0,3.0,8.0,8644.0,0
10000.0,10.78,1,48000.0,7.05,685.0,0.0,9.0,8782.0,0
10000.0,13.44,2,55000.0,2.23,675.0,0.0,4.0,744.0,1
28750.0,15.77,3,79634.0,18.38,690.0,0.0,8.0,15437.0,0
35000.0,12.88,2,85000.0,23.63,675.0,1.0,21.0,49320.0,0
10000.0,9.17,1,75000.0,17.71,670.0,0.0,14.0,7075.0,0
35000.0,8.49,1,150000.0,18.88,715.0,0.0,11.0,75272.0,0
13000.0,5.32,0,104000.0,8.71,745.0,0.0,11.0,21160.0,0
5000.0,6.49,0,32000.0,22.58,750.0,0.0,11.0,8372.0,0
3200.0,11.99,2,39000.0,13.57,685.0,0.0,10.0,3313.0,0
11300.0,6.49,0,74000.0,21.11,730.0,0.0,13.0,11519.0,0
15000.0,16.59,3,110000.0,25.09,665.0,1.0,27.0,10599.0,0
28000.0,13.99,2,110400.0,6.3,695.0,0.0,11.0,15579.0,0
6400.0,13.99,2,20000.0,24.07,690.0,0.0,3.0,0.0,0
25000.0,11.99,2,84000.0,16.41,665.0,0.0,9.0,17155.0,1
6000.0,9.17,1,74000.0,9.0,715.0,0.0,9.0,7613.0,0
20000.0,15.77,3,60000.0,9.92,675.0,0.0,8.0,4593.0,0
4200.0,19.48,4,60000.0,8.96,665.0,0.0,5.0,3231.0,0
20000.0,13.99,2,60000.0,12.24,670.0,0.0,11.0,13167.0,0
10000.0,7.49,0,27788.0,12.83,710.0,0.0,7.0,12482.0,0
10000.0,9.8,1,55000.0,5.8,670.0,0.0,9.0,8405.0,0
7500.0,6.99,0,68000.0,12.27,720.0,0.0,18.0,6116.0,0
15000.0,13.44,2,60000.0,18.44,710.0,0.0,13.0,13616.0,0
15000.0,9.8,1,60000.0,19.95,710.0,0.0,14.0,13333.0,0
4575.0,17.27,3,40000.0,36.33,675.0,1.0,17.0,6330.0,0
10000.0,10.64,1,45000.0,17.63,690.0,0.0,8.0,8366.0,0
17750.0,19.48,4,66600.0,21.01,680.0,0.0,11.0,11539.0,1
15000.0,8.49,1,58000.0,9.35,675.0,0.0,9.0,16446.0,0
20000.0,7.91,0,75000.0,20.67,710.0,0.0,10.0,25609.0,0
21000.0,8.49,1,130000.0,7.98,665.0,0.0,8.0,37540.0,0
13000.0,7.91,0,52000.0,9.42,725.0,0.0,12.0,2855.0,0
16400.0,15.77,3,41000.0,4.51,665.0,0.0,4.0,5233.0,0
5500.0,16.59,3,95000.0,22.78,675.0,0.0,14.0,38910.0,0
15500.0,9.17,1,80000.0,5.94,660.0,0.0,5.0,15428.0,0
28000.0,22.45,5,65000.0,19.65,700.0,0.0,9.0,11460.0,0
35000.0,8.49,1,100000.0,5.49,770.0,0.0,17.0,7691.0,0
18000.0,9.17,1,75000.0,15.02,695.0,0.0,12.0,14859.0,0
3000.0,11.48,1,55000.0,3.53,700.0,0.0,3.0,8640.0,0
8450.0,6.99,0,67000.0,7.38,700.0,2.0,11.0,8245.0,0
15000.0,15.77,3,30000.0,18.84,675.0,0.0,7.0,7530.0,0
10000.0,9.8,1,100000.0,8.41,680.0,1.0,11.0,13147.0,0
10925.0,23.13,5,58000.0,18.6,660.0,0.0,8.0,4375.0,1
12000.0,17.97,3,38000.0,39.42,675.0,0.0,12.0,12448.0,1
13800.0,18.99,4,70000.0,26.02,675.0,0.0,14.0,12205.0,0
13000.0,6.49,0,94000.0,7.17,770.0,0.0,8.0,5555.0,0
6400.0,24.24,5,20000.0,30.91,690.0,0.0,14.0,7630.0,0
17000.0,15.77,3,81000.0,8.04,665.0,0.0,9.0,24078.0,0
17750.0,8.49,1,65000.0,29.52,680.0,0.0,9.0,13219.0,0
15000.0,11.48,1,65000.0,14.35,665.0,1.0,4.0,11761.0,0
35000.0,8.49,1,86000.0,5.54,750.0,0.0,8.0,17372.0,0
2000.0,19.89,4,35000.0,16.53,660.0,0.0,9.0,2235.0,0
13650.0,18.49,3,144000.0,5.73,670.0,0.0,8.0,9048.0,1
2425.0,18.99,4,20000.0,17.11,675.0,0.0,9.0,2711.0,0
24000.0,7.49,0,100000.0,28.7,715.0,0.0,18.0,38717.0,0
12000.0,13.44,2,50000.0,16.99,690.0,0.0,13.0,9994.0,0
30000.0,10.78,1,105000.0,13.07,670.0,1.0,10.0,24125.0,0
5400.0,13.99,2,102000.0,9.35,680.0,1.0,11.0,15768.0,0
6000.0,11.99,2,50000.0,18.96,695.0,0.0,10.0,5320.0,0
3000.0,12.88,2,45000.0,9.47,700.0,0.0,7.0,5652.0,0
22225.0,22.45,5,58000.0,19.04,700.0,0.0,11.0,10167.0,1
6300.0,6.99,0,15612.0,7.84,770.0,0.0,6.0,3862.0,0
15000.0,11.99,2,58000.0,28.31,670.0,0.0,10.0,1484.0,0
19375.0,23.13,5,145000.0,16.88,675.0,1.0,20.0,14220.0,0
35000.0,13.99,2,91000.0,36.91,720.0,0.0,19.0,24148.0,1
12000.0,6.99,0,24000.0,22.4,715.0,0.0,18.0,20083.0,0
5000.0,6.99,0,75000.0,17.23,715.0,0.0,10.0,7785.0,0
10000.0,13.99,2,250000.0,18.75,690.0,0.0,17.0,59481.0,0
35000.0,14.85,2,105000.0,11.55,740.0,0.0,5.0,4324.0,0
7000.0,11.48,1,41000.0,15.52,680.0,0.0,13.0,10487.0,0
6000.0,6.99,0,51000.0,9.08,730.0,0.0,12.0,3202.0,0
13000.0,7.49,0,65000.0,25.54,760.0,0.0,16.0,18027.0,0
28975.0,13.44,2,95000.0,36.79,700.0,0.0,29.0,58771.0,1
15000.0,11.99,2,80000.0,11.19,685.0,0.0,13.0,3261.0,1
25000.0,20.5,4,19800.0,83.64,680.0,0.0,16.0,11347.0,0
12000.0,5.32,0,80000.0,27.21,775.0,0.0,19.0,25879.0,0
18400.0,24.24,5,40000.0,31.32,670.0,1.0,23.0,4406.0,1
20000.0,8.49,1,75000.0,14.69,670.0,0.0,7.0,14544.0,0
19400.0,17.97,3,78000.0,17.17,670.0,3.0,4.0,3073.0,0
6000.0,7.49,0,50000.0,22.73,685.0,0.0,9.0,10299.0,0
23800.0,15.77,3,62500.0,31.62,675.0,8.0,20.0,3764.0,1
14275.0,16.59,3,60292.3,17.58,665.0,1.0,13.0,7924.0,1
4000.0,11.48,1,42000.0,12.6,665.0,2.0,6.0,3333.0,0
21000.0,5.32,0,124000.0,18.88,720.0,0.0,27.0,85132.0,0
10925.0,19.48,4,84000.0,17.59,665.0,0.0,6.0,0.0,0
3000.0,15.77,3,36000.0,26.27,720.0,0.0,16.0,1230.0,0
27275.0,14.85,2,62000.0,15.87,685.0,0.0,11.0,19367.0,0
7675.0,18.49,3,50000.0,18.7,680.0,0.0,8.0,1345.0,1
22000.0,13.99,2,63000.0,21.61,680.0,0.0,20.0,33525.0,0
6000.0,8.49,1,90000.0,13.27,670.0,2.0,17.0,9148.0,0
15200.0,7.91,0,38000.0,30.8,765.0,0.0,10.0,20520.0,0
20000.0,13.99,2,65000.0,13.81,660.0,0.0,10.0,20018.0,0
14400.0,6.49,0,40000.0,17.7,780.0,0.0,6.0,4795.0,0
14400.0,9.8,1,200000.0,26.38,680.0,3.0,21.0,85519.0,1
6400.0,11.99,2,40000.0,5.01,685.0,0.0,8.0,3689.0,1
26400.0,10.78,1,146000.0,9.45,695.0,1.0,26.0,26568.0,0
15000.0,8.49,1,50000.0,29.84,710.0,0.0,12.0,19248.0,0
24000.0,13.44,2,90000.0,6.76,805.0,0.0,11.0,896.0,0
3600.0,9.17,1,140000.0,23.89,730.0,0.0,10.0,29171.0,0
35000.0,13.44,2,120000.0,25.46,680.0,0.0,12.0,41107.0,0
30000.0,7.91,0,110000.0,20.18,730.0,0.0,24.0,50184.0,0
12000.0,5.32,0,112000.0,9.55,775.0,0.0,23.0,13897.0,0
22000.0,8.49,1,110000.0,9.32,700.0,0.0,10.0,33220.0,1
12000.0,6.99,0,50148.0,16.08,755.0,0.0,13.0,15962.0,0
6000.0,6.49,0,55000.0,29.0,790.0,0.0,12.0,2430.0,0
6600.0,11.99,2,45000.0,33.63,725.0,0.0,7.0,2889.0,0
20000.0,9.8,1,60000.0,29.55,675.0,0.0,14.0,18540.0,1
6000.0,9.8,1,37000.0,6.78,690.0,1.0,5.0,1171.0,0
28000.0,6.49,0,137000.0,8.73,680.0,0.0,10.0,30335.0,0
13000.0,12.88,2,65000.0,30.76,690.0,1.0,13.0,22641.0,1
12000.0,11.48,1,45000.0,7.63,675.0,1.0,7.0,2934.0,0
1000.0,9.8,1,22880.0,4.04,660.0,0.0,6.0,0.0,0
3200.0,9.8,1,50000.0,12.6,705.0,0.0,2.0,111.0,0
24000.0,7.91,0,91000.0,23.06,750.0,0.0,12.0,12986.0,0
20000.0,13.99,2,63500.0,14.97,720.0,0.0,11.0,34570.0,1
24000.0,18.49,3,105000.0,26.14,700.0,0.0,14.0,8579.0,1
14500.0,10.78,1,62000.0,20.98,680.0,0.0,14.0,17556.0,0
12000.0,9.8,1,40000.0,19.17,695.0,0.0,13.0,23798.0,0
8000.0,15.77,3,65899.0,21.74,680.0,3.0,28.0,17526.0,0
2000.0,9.8,1,52500.0,25.01,700.0,0.0,15.0,28648.0,1
5000.0,10.78,1,58000.0,37.06,705.0,0.0,15.0,29419.0,0
5775.0,18.99,4,40000.0,20.34,670.0,2.0,7.0,5080.0,1
9000.0,9.17,1,80000.0,9.81,680.0,0.0,21.0,12294.0,0
10000.0,19.89,4,29000.0,10.97,665.0,1.0,10.0,2542.0,0
15000.0,9.8,1,53000.0,24.28,755.0,0.0,4.0,2080.0,0
4500.0,13.44,2,42000.0,23.49,705.0,0.0,17.0,4475.0,0
1000.0,9.8,1,40000.0,13.17,665.0,0.0,28.0,8313.0,0
11200.0,13.99,2,75000.0,22.59,680.0,0.0,12.0,19758.0,0
33000.0,17.97,3,75000.0,11.04,675.0,0.0,15.0,34326.0,0
9600.0,13.99,2,60000.0,10.24,690.0,1.0,16.0,5641.0,0
6000.0,12.88,2,38969.0,17.06,695.0,0.0,10.0,12704.0,0
2000.0,24.24,5,13692.0,20.16,690.0,0.0,4.0,5729.0,0
5000.0,8.49,1,50000.0,0.0,765.0,0.0,2.0,0.0,0
20000.0,5.32,0,120000.0,16.56,765.0,0.0,20.0,34651.0,0
4500.0,6.49,0,50000.0,20.96,760.0,0.0,13.0,6628.0,0
10000.0,11.48,1,45000.0,24.08,730.0,0.0,8.0,3058.0,0
14000.0,16.59,3,57000.0,26.97,690.0,0.0,14.0,1781.0,1
6025.0,10.78,1,62000.0,9.39,740.0,0.0,5.0,5979.0,0
9600.0,8.49,1,115000.0,8.29,675.0,3.0,12.0,4233.0,0
10000.0,6.99,0,39000.0,16.25,725.0,0.0,20.0,19569.0,0
11200.0,13.99,2,110000.0,3.71,685.0,0.0,11.0,7151.0,0
7000.0,11.48,1,120000.0,15.79,680.0,2.0,14.0,19659.0,0
12000.0,9.17,1,72000.0,17.81,660.0,0.0,12.0,10136.0,0
24000.0,12.88,2,57000.0,8.24,670.0,0.0,15.0,11403.0,0
12225.0,18.49,3,120000.0,16.11,680.0,1.0,12.0,5164.0,1
7000.0,14.85,2,85000.0,12.24,675.0,1.0,8.0,7996.0,0
19725.0,21.48,4,47000.0,37.22,665.0,1.0,15.0,25097.0,1
9600.0,16.59,3,155000.0,27.66,660.0,0.0,17.0,36569.0,0
6000.0,7.49,0,74000.0,18.81,760.0,0.0,18.0,16997.0,0
11200.0,18.49,3,29700.0,38.02,670.0,0.0,13.0,4788.0,1
12000.0,20.5,4,35000.0,28.74,670.0,0.0,10.0,8610.0,1
35000.0,17.27,3,95000.0,18.18,715.0,2.0,15.0,16241.0,0
5000.0,13.99,2,65000.0,20.83,660.0,0.0,13.0,9221.0,1
25000.0,7.91,0,70000.0,29.26,745.0,0.0,18.0,25152.0,0
10000.0,13.99,2,35000.0,18.8,680.0,1.0,9.0,4256.0,0
30000.0,11.99,2,84000.0,11.29,750.0,0.0,5.0,18134.0,0
30000.0,12.88,2,160000.0,13.54,675.0,0.0,7.0,25091.0,0
30000.0,14.85,2,110000.0,8.25,660.0,1.0,15.0,14688.0,1
10000.0,10.78,1,61500.0,24.37,660.0,0.0,12.0,10242.0,0
12000.0,5.32,0,75000.0,17.44,760.0,0.0,14.0,4077.0,0
8000.0,9.8,1,100000.0,6.94,760.0,0.0,6.0,10683.0,0
14400.0,14.85,2,40000.0,38.28,715.0,0.0,8.0,8145.0,0
12000.0,6.99,0,46000.0,18.94,700.0,0.0,5.0,8666.0,0
6000.0,10.78,1,20000.0,30.19,685.0,0.0,7.0,8554.0,0
30000.0,11.99,2,175000.0,22.51,710.0,0.0,24.0,45862.0,0
28000.0,14.85,2,96000.0,16.61,670.0,0.0,10.0,34738.0,0
12000.0,9.17,1,70000.0,12.94,675.0,3.0,10.0,10990.0,0
12000.0,13.99,2,38500.0,26.09,725.0,0.0,23.0,7039.0,1
28000.0,17.27,3,125000.0,12.62,660.0,1.0,9.0,21896.0,0
12000.0,10.78,1,63000.0,10.08,705.0,0.0,6.0,13776.0,0
6000.0,6.99,0,42000.0,10.14,735.0,0.0,13.0,5540.0,0
10000.0,11.99,2,55952.0,18.98,665.0,0.0,7.0,11959.0,1
18000.0,8.49,1,75000.0,24.69,665.0,0.0,11.0,18516.0,0
6500.0,9.8,1,59500.0,15.07,685.0,1.0,12.0,416.0,0
1200.0,12.88,2,30000.0,16.36,660.0,0.0,6.0,2917.0,0
22000.0,9.17,1,108000.0,12.89,705.0,1.0,15.0,91883.0,0
35000.0,13.44,2,80000.0,25.67,685.0,0.0,18.0,51123.0,0
30000.0,23.13,5,140000.0,24.5,665.0,0.0,13.0,8106.0,0
7500.0,6.99,0,80000.0,10.26,685.0,0.0,9.0,13293.0,0
5000.0,13.44,2,40000.0,20.94,660.0,0.0,6.0,5441.0,0
5000.0,14.85,2,53000.0,30.1,695.0,0.0,14.0,7994.0,1
20000.0,23.13,5,65000.0,33.77,670.0,0.0,12.0,6607.0,1
9600.0,11.99,2,103000.0,36.49,710.0,0.0,15.0,56793.0,0
8000.0,9.17,1,65000.0,10.27,660.0,0.0,12.0,10944.0,0
10000.0,19.48,4,62000.0,29.55,660.0,1.0,20.0,6288.0,0
21000.0,10.78,1,74196.0,18.62,685.0,1.0,14.0,18498.0,0
25000.0,14.85,2,240000.0,9.36,660.0,0.0,10.0,5911.0,0
28000.0,5.32,0,150000.0,11.71,715.0,0.0,9.0,30634.0,0
4000.0,11.48,1,51000.0,13.51,700.0,0.0,7.0,1631.0,0
6225.0,27.49,6,42000.0,16.06,660.0,11.0,15.0,1129.0,1
1200.0,15.77,3,40000.0,22.53,680.0,0.0,8.0,9777.0,0
4550.0,14.85,2,39000.0,29.42,660.0,2.0,16.0,5584.0,0
14400.0,11.48,1,45000.0,13.41,665.0,0.0,4.0,11480.0,0
7800.0,9.8,1,60000.0,14.96,705.0,0.0,12.0,18310.0,0
21625.0,24.24,5,80000.0,29.84,685.0,0.0,18.0,20696.0,0
6000.0,14.85,2,80000.0,6.78,660.0,0.0,4.0,1979.0,0
14000.0,11.48,1,55000.0,17.7,660.0,0.0,11.0,8896.0,0
7200.0,9.8,1,53000.0,20.79,685.0,0.0,10.0,4826.0,0
17275.0,19.48,4,56000.0,34.27,725.0,0.0,10.0,9403.0,1
30000.0,13.99,2,83000.0,13.46,665.0,0.0,33.0,21649.0,1
4525.0,12.88,2,70000.0,21.31,680.0,1.0,15.0,2262.0,0
20000.0,13.44,2,65000.0,25.99,705.0,0.0,23.0,29724.0,0
15000.0,17.27,3,60500.0,25.49,660.0,0.0,11.0,16111.0,1
20000.0,22.45,5,110000.0,8.84,715.0,1.0,9.0,43223.0,0
26400.0,11.48,1,127700.0,38.14,710.0,0.0,17.0,55837.0,1
12000.0,8.49,1,60000.0,18.1,700.0,0.0,6.0,15548.0,1
35000.0,11.99,2,400000.0,7.48,665.0,0.0,13.0,59007.0,1
10000.0,6.99,0,50000.0,12.7,725.0,0.0,9.0,637.0,0
8000.0,10.78,1,40000.0,28.5,670.0,0.0,12.0,9157.0,0
21000.0,7.91,0,110000.0,23.39,705.0,0.0,15.0,41373.0,0
10000.0,7.49,0,70200.0,15.16,725.0,0.0,5.0,9478.0,0
10000.0,13.44,2,25500.0,32.75,680.0,0.0,29.0,9621.0,1
17000.0,8.49,1,75000.0,23.63,665.0,1.0,5.0,16965.0,0
15000.0,10.78,1,65000.0,16.31,665.0,1.0,12.0,16285.0,0
4650.0,12.88,2,26248.0,34.02,710.0,0.0,18.0,25888.0,0
12000.0,8.49,1,85567.0,34.43,720.0,0.0,12.0,21499.0,0
35000.0,15.77,3,85000.0,18.99,705.0,0.0,12.0,35435.0,0
5000.0,8.49,1,49890.0,23.48,705.0,3.0,10.0,2838.0,0
20000.0,15.77,3,68000.0,35.51,660.0,0.0,11.0,16087.0,0
7000.0,11.48,1,50000.0,16.54,765.0,0.0,18.0,12304.0,0
5000.0,13.99,2,40000.0,9.71,685.0,0.0,8.0,9855.0,0
9000.0,11.48,1,65000.0,12.85,675.0,0.0,7.0,11190.0,0
20000.0,11.99,2,125000.0,11.42,730.0,0.0,20.0,11541.0,1
12000.0,8.49,1,50000.0,30.1,705.0,0.0,16.0,11146.0,0
12000.0,25.09,5,104000.0,23.2,685.0,0.0,21.0,26949.0,0
21600.0,13.44,2,200000.0,11.89,695.0,0.0,16.0,24905.0,0
30000.0,10.78,1,130000.0,14.87,725.0,1.0,6.0,5035.0,1
8400.0,6.99,0,90000.0,20.8,695.0,0.0,11.0,10765.0,0
25000.0,6.49,0,120000.0,9.41,720.0,0.0,7.0,19414.0,0
6000.0,14.85,2,65000.0,17.08,675.0,1.0,3.0,705.0,1
30000.0,7.49,0,107111.0,13.09,765.0,0.0,11.0,43779.0,0
16000.0,7.91,0,60000.0,37.41,720.0,0.0,11.0,25624.0,0
15000.0,11.99,2,56000.0,26.62,675.0,1.0,3.0,18171.0,1
15000.0,15.77,3,48000.0,21.9,670.0,0.0,12.0,915.0,1
25000.0,22.45,5,130000.0,26.65,670.0,0.0,20.0,12571.0,1
11450.0,23.13,5,53000.0,32.22,725.0,0.0,12.0,7625.0,0
10000.0,14.85,2,32600.0,13.15,695.0,1.0,19.0,5395.0,0
3000.0,7.91,0,70000.0,20.81,720.0,0.0,10.0,13268.0,0
20000.0,6.99,0,65000.0,16.3,720.0,0.0,8.0,21567.0,0
7200.0,13.99,2,30000.0,18.28,660.0,1.0,20.0,2720.0,0
24000.0,13.44,2,85000.0,21.93,665.0,0.0,11.0,19477.0,1
11025.0,13.44,2,24000.0,26.21,685.0,0.0,11.0,16439.0,0
9350.0,18.49,3,32500.0,39.24,670.0,0.0,11.0,13373.0,0
18000.0,7.91,0,65400.0,30.75,735.0,0.0,15.0,27395.0,0
33000.0,12.88,2,125000.0,21.54,705.0,1.0,17.0,34688.0,0
16000.0,11.99,2,80000.0,30.32,675.0,0.0,24.0,32201.0,0
23000.0,18.49,3,52700.0,35.49,685.0,0.0,9.0,10859.0,0
9225.0,21.48,4,40500.0,24.68,660.0,0.0,10.0,2912.0,1
8000.0,11.99,2,40000.0,21.66,675.0,0.0,11.0,5457.0,0
15000.0,26.06,5,41000.0,13.57,665.0,1.0,28.0,10032.0,1
35000.0,9.8,1,200000.0,11.8,755.0,0.0,6.0,29360.0,0
18000.0,11.99,2,68953.29,21.51,670.0,0.0,12.0,17537.0,0
16000.0,11.99,2,600000.0,11.02,660.0,3.0,19.0,290662.0,0
5325.0,9.8,1,23400.0,21.16,660.0,0.0,5.0,7151.0,0
3000.0,11.48,1,74000.0,28.43,665.0,7.0,14.0,7986.0,0
14350.0,22.45,5,48000.0,34.03,670.0,0.0,10.0,4084.0,0
2000.0,10.78,1,90000.0,15.81,665.0,2.0,18.0,8367.0,0
21000.0,7.49,0,76000.0,22.37,710.0,0.0,8.0,18890.0,0
10400.0,13.44,2,38792.0,9.99,665.0,0.0,8.0,10354.0,1
2800.0,7.91,0,30000.0,37.64,785.0,0.0,21.0,7581.0,0
8000.0,6.49,0,48000.0,16.3,700.0,0.0,24.0,7763.0,0
10000.0,11.48,1,105000.0,7.2,665.0,0.0,6.0,8791.0,0
14000.0,8.49,1,68000.0,9.4,760.0,0.0,8.0,20194.0,0
5000.0,11.48,1,42500.0,14.85,680.0,1.0,30.0,8612.0,0
9000.0,11.99,2,89000.0,23.95,730.0,0.0,6.0,10775.0,0
8000.0,10.78,1,38000.0,10.3,710.0,0.0,6.0,873.0,0
10000.0,5.32,0,180000.0,7.08,680.0,0.0,10.0,36876.0,0
12000.0,11.48,1,50000.0,17.02,760.0,0.0,12.0,6059.0,0
35000.0,7.91,0,78000.0,11.31,750.0,0.0,15.0,36351.0,0
35000.0,13.99,2,150000.0,7.27,690.0,0.0,6.0,35907.0,0
15000.0,13.99,2,46000.0,31.07,675.0,1.0,12.0,18696.0,0
20000.0,11.48,1,70000.0,24.04,675.0,1.0,21.0,33208.0,0
6400.0,7.49,0,45000.0,17.49,700.0,0.0,10.0,5733.0,0
16000.0,8.49,1,100000.0,18.4,705.0,0.0,29.0,23571.0,0
8000.0,14.85,2,24000.0,15.85,660.0,0.0,7.0,4284.0,1
35000.0,13.99,2,100000.0,16.84,715.0,0.0,6.0,27073.0,1
8000.0,11.99,2,50000.0,22.25,665.0,8.0,7.0,2801.0,0
16000.0,12.88,2,50000.0,19.39,700.0,0.0,5.0,19389.0,1
8000.0,12.88,2,50000.0,12.77,680.0,1.0,9.0,9727.0,0
21000.0,11.48,1,52000.0,28.14,810.0,0.0,12.0,3861.0,0
35000.0,17.97,3,70000.0,26.28,700.0,0.0,11.0,36412.0,0
28800.0,11.99,2,60000.0,21.6,730.0,0.0,15.0,9740.0,0
8000.0,9.17,1,37000.0,15.54,705.0,0.0,8.0,14535.0,0
9600.0,10.78,1,46000.0,11.06,660.0,1.0,5.0,4275.0,0
10000.0,9.17,1,70000.0,13.46,660.0,0.0,9.0,12433.0,0
21000.0,12.88,2,52000.0,15.88,665.0,0.0,12.0,21220.0,0
14000.0,11.99,2,60000.0,28.14,680.0,0.0,14.0,13301.0,0
10000.0,10.78,1,75000.0,12.91,665.0,0.0,13.0,3728.0,0
10000.0,6.49,0,80000.0,4.38,715.0,0.0,12.0,1075.0,0
13000.0,10.78,1,32736.0,26.32,690.0,0.0,15.0,10317.0,1
10000.0,9.8,1,45000.0,20.0,685.0,0.0,12.0,10818.0,0
15000.0,15.77,3,70600.0,13.87,670.0,0.0,8.0,4239.0,1
13000.0,7.91,0,70000.0,8.11,670.0,2.0,6.0,13198.0,0
23000.0,18.99,4,81900.0,21.98,710.0,0.0,13.0,7687.0,0
16000.0,7.91,0,70000.0,10.81,710.0,0.0,12.0,20875.0,0
19000.0,7.26,0,50000.0,15.07,705.0,0.0,10.0,9672.0,0
6000.0,9.8,1,80000.0,13.58,675.0,0.0,20.0,17237.0,0
18000.0,9.17,1,70000.0,9.05,680.0,0.0,9.0,20357.0,0
5000.0,8.49,1,36500.0,5.85,665.0,0.0,5.0,5800.0,0
4500.0,11.99,2,65000.0,22.75,665.0,0.0,6.0,7003.0,0
10000.0,11.48,1,65000.0,28.82,660.0,0.0,12.0,3008.0,0
10000.0,8.49,1,30000.0,24.67,670.0,0.0,21.0,21924.0,1
4000.0,11.99,2,94000.0,0.0,705.0,2.0,7.0,0.0,1
22800.0,6.49,0,190000.0,11.71,695.0,1.0,13.0,21618.0,0
15900.0,6.49,0,46217.0,16.49,770.0,0.0,9.0,1143.0,0
12600.0,7.91,0,60000.0,15.64,675.0,1.0,19.0,16912.0,0
15000.0,12.88,2,60000.0,20.47,660.0,0.0,16.0,24627.0,1
1600.0,18.49,3,62000.0,17.65,660.0,0.0,12.0,11427.0,0
4000.0,11.48,1,70000.0,18.62,695.0,0.0,11.0,6200.0,0
12500.0,6.49,0,69500.0,14.5,745.0,0.0,14.0,14163.0,0
10000.0,8.49,1,58000.0,14.4,675.0,0.0,9.0,8254.0,0
5300.0,10.78,1,55000.0,23.01,700.0,1.0,18.0,7784.0,0
10000.0,8.49,1,72000.0,14.22,675.0,0.0,11.0,6584.0,0
7500.0,7.49,0,26000.0,20.96,695.0,0.0,13.0,2685.0,1
28000.0,16.59,3,109000.0,13.85,670.0,2.0,11.0,7844.0,1
35000.0,17.97,3,99000.0,22.24,715.0,0.0,11.0,33620.0,1
35000.0,27.49,6,111216.0,27.21,700.0,0.0,10.0,0.0,1
35000.0,13.44,2,125000.0,24.97,710.0,0.0,21.0,46706.0,0
3000.0,12.88,2,59000.0,20.71,700.0,0.0,20.0,17107.0,0
2400.0,8.49,1,28000.0,10.42,735.0,0.0,5.0,177.0,0
3500.0,18.49,3,40000.0,29.26,665.0,1.0,13.0,7130.0,0
12000.0,5.32,0,77000.0,15.87,750.0,0.0,19.0,15799.0,0
3000.0,20.5,4,10000.0,27.01,660.0,0.0,4.0,3426.0,1
24000.0,23.13,5,60000.0,29.58,675.0,0.0,14.0,23300.0,1
17950.0,17.97,3,98000.0,3.35,660.0,0.0,12.0,10033.0,0
19000.0,7.49,0,58000.0,14.01,700.0,0.0,14.0,29581.0,0
16000.0,16.59,3,35000.0,33.57,685.0,0.0,11.0,7365.0,1
17600.0,27.99,6,55000.0,7.57,670.0,1.0,5.0,6821.0,1
16000.0,13.67,2,45000.0,28.45,675.0,0.0,19.0,8482.0,1
25000.0,13.99,2,112000.0,10.25,675.0,0.0,10.0,27359.0,0
5000.0,9.17,1,53000.0,22.37,690.0,0.0,14.0,16771.0,0
21000.0,14.85,2,104000.0,4.64,675.0,1.0,4.0,6108.0,0
25000.0,11.99,2,140000.0,10.79,685.0,0.0,10.0,9168.0,0
35000.0,7.49,0,150000.0,21.75,755.0,0.0,14.0,6282.0,0
20000.0,15.77,3,208000.0,12.65,815.0,0.0,36.0,29470.0,0
24000.0,11.48,1,98000.0,10.9,695.0,2.0,9.0,83861.0,1
20000.0,12.88,2,120000.0,13.79,675.0,1.0,17.0,10928.0,0
8400.0,10.78,1,150000.0,20.07,705.0,3.0,14.0,7356.0,0
2900.0,18.99,4,82000.0,7.61,660.0,9.0,6.0,938.0,0
21000.0,18.49,3,56000.0,32.55,705.0,0.0,11.0,17277.0,0
20000.0,10.78,1,65000.0,25.7,720.0,2.0,12.0,21868.0,1
10000.0,11.48,1,118000.0,2.35,665.0,0.0,6.0,5921.0,0
10950.0,17.97,3,36000.0,4.0,705.0,0.0,14.0,3783.0,0
35000.0,9.8,1,140000.0,12.22,795.0,0.0,15.0,12489.0,0
24000.0,17.97,3,75000.0,39.81,675.0,0.0,14.0,13486.0,1
4000.0,11.99,2,37000.0,29.29,675.0,0.0,8.0,9975.0,0
4000.0,6.49,0,45000.0,17.74,805.0,0.0,21.0,27012.0,0
14000.0,21.48,4,28000.0,39.78,685.0,0.0,10.0,5906.0,0
10500.0,11.99,2,110000.0,18.15,710.0,0.0,11.0,7797.0,0
8675.0,9.17,1,18100.0,31.56,730.0,0.0,18.0,12890.0,0
8000.0,5.32,0,65000.0,21.57,790.0,0.0,19.0,6753.0,1
28000.0,7.49,0,83000.0,15.42,685.0,0.0,14.0,25062.0,1
10000.0,12.88,2,25200.0,23.47,695.0,0.0,33.0,14476.0,1
5000.0,7.91,0,86000.0,17.14,685.0,0.0,10.0,9855.0,0
7450.0,8.49,1,26000.0,28.53,805.0,0.0,16.0,1831.0,0
21000.0,10.78,1,102000.0,4.08,710.0,0.0,8.0,12382.0,0
16000.0,9.17,1,60000.0,24.76,660.0,1.0,18.0,27212.0,1
16000.0,5.32,0,185000.0,29.57,695.0,2.0,28.0,63956.0,1
15000.0,9.17,1,52000.0,9.39,665.0,1.0,10.0,10399.0,0
16000.0,9.8,1,80000.0,4.38,660.0,0.0,8.0,2683.0,0
28000.0,7.49,0,100000.0,20.25,680.0,0.0,17.0,46666.0,0
3200.0,11.99,2,62000.0,9.27,670.0,0.0,10.0,4296.0,0
9600.0,7.91,0,36144.0,15.64,670.0,0.0,12.0,15354.0,1
16000.0,8.49,1,85000.0,12.37,690.0,0.0,14.0,22808.0,0
6000.0,10.78,1,62000.0,23.58,680.0,0.0,12.0,29993.0,0
17600.0,9.8,1,98000.0,24.88,680.0,0.0,19.0,22619.0,0
35000.0,10.78,1,92000.0,18.13,755.0,0.0,9.0,31184.0,0
1600.0,11.48,1,82000.0,25.93,670.0,0.0,13.0,5990.0,0
12000.0,8.49,1,30000.0,20.12,665.0,1.0,7.0,13546.0,1
10575.0,13.44,2,44000.0,24.58,755.0,0.0,12.0,7871.0,0
8000.0,12.88,2,115000.0,15.69,665.0,1.0,11.0,6300.0,1
28000.0,7.91,0,117000.0,17.82,710.0,0.0,24.0,40116.0,0
6000.0,10.78,1,47630.0,7.05,660.0,0.0,19.0,7456.0,0
8000.0,15.77,3,45000.0,17.92,705.0,0.0,6.0,7214.0,0
8400.0,9.17,1,42000.0,18.36,665.0,0.0,11.0,5355.0,0
3000.0,11.48,1,48000.0,4.13,670.0,0.0,3.0,5182.0,0
12000.0,19.89,4,33000.0,15.16,670.0,0.0,2.0,14319.0,0
6000.0,12.88,2,33280.0,21.93,690.0,0.0,7.0,4971.0,0
8400.0,9.8,1,102000.0,8.34,740.0,0.0,13.0,5435.0,0
2950.0,19.89,4,203000.0,6.38,680.0,8.0,10.0,4349.0,1
12000.0,8.49,1,65000.0,32.77,685.0,0.0,24.0,45785.0,1
3000.0,13.99,2,19600.0,38.21,685.0,0.0,17.0,2934.0,0
16300.0,11.99,2,75000.0,24.74,695.0,0.0,6.0,15411.0,0
8000.0,12.88,2,56000.0,29.23,675.0,3.0,15.0,6368.0,0
9600.0,11.99,2,76899.0,16.54,665.0,1.0,10.0,8615.0,0
32200.0,24.24,5,70000.0,28.44,695.0,0.0,7.0,4004.0,1
2400.0,15.77,3,24000.0,37.6,715.0,0.0,6.0,7452.0,1
10000.0,13.99,2,80000.0,16.44,690.0,0.0,17.0,16065.0,0
5000.0,5.32,0,45000.0,11.12,695.0,0.0,6.0,4451.0,0
4500.0,12.88,2,30000.0,25.92,695.0,0.0,9.0,6288.0,0
5000.0,13.44,2,40000.0,17.7,720.0,0.0,17.0,4139.0,0
4000.0,11.99,2,42000.0,18.26,680.0,0.0,5.0,17431.0,0
17700.0,13.44,2,70000.0,13.78,670.0,0.0,6.0,591.0,1
15000.0,7.49,0,55000.0,24.9,740.0,0.0,11.0,12358.0,0
8000.0,9.17,1,70000.0,13.73,685.0,0.0,10.0,7768.0,0
8175.0,16.59,3,63000.0,19.9,675.0,0.0,9.0,2122.0,1
32000.0,10.78,1,93000.0,17.5,795.0,0.0,10.0,2297.0,1
30000.0,9.8,1,110000.0,16.29,715.0,0.0,16.0,36542.0,0
16125.0,15.77,3,34800.0,10.24,720.0,0.0,7.0,9530.0,0
15600.0,18.99,4,65000.0,14.82,705.0,0.0,27.0,9267.0,1
14000.0,11.99,2,57400.0,10.64,670.0,0.0,14.0,22510.0,0
6000.0,7.49,0,60000.0,9.36,710.0,1.0,15.0,2709.0,0
13850.0,20.5,4,33000.0,36.36,675.0,0.0,15.0,15246.0,0
9000.0,11.99,2,70000.0,25.03,680.0,0.0,17.0,27152.0,0
15000.0,11.99,2,70000.0,13.41,700.0,0.0,6.0,9844.0,0
11500.0,11.99,2,25000.0,12.48,700.0,0.0,4.0,11375.0,0
7000.0,6.99,0,120000.0,7.68,695.0,0.0,8.0,9255.0,0
10000.0,5.32,0,85000.0,24.57,705.0,0.0,20.0,20379.0,0
34500.0,24.24,5,75000.0,15.5,720.0,0.0,18.0,7676.0,0
23175.0,18.49,3,61000.0,22.21,670.0,1.0,17.0,36291.0,0
6000.0,8.49,1,124000.0,5.69,670.0,0.0,9.0,2307.0,0
10000.0,13.99,2,300000.0,3.33,690.0,0.0,5.0,48494.0,0
10000.0,11.48,1,40000.0,25.29,665.0,0.0,8.0,10756.0,0
15000.0,15.77,3,57000.0,22.02,685.0,1.0,9.0,107.0,0
20000.0,11.99,2,63000.0,7.04,715.0,0.0,6.0,19978.0,0
15000.0,6.99,0,76650.0,25.46,765.0,0.0,16.0,13347.0,0
12000.0,5.32,0,80000.0,17.79,790.0,0.0,14.0,11795.0,0
13500.0,13.44,2,73000.0,14.75,690.0,0.0,11.0,14836.0,0
9425.0,15.77,3,30000.0,27.48,685.0,0.0,7.0,7753.0,1
12000.0,9.17,1,35000.0,33.05,680.0,0.0,14.0,18207.0,0
19500.0,14.85,2,46800.0,20.64,685.0,0.0,18.0,22709.0,0
7500.0,7.91,0,35380.0,24.14,675.0,0.0,19.0,14867.0,0
3200.0,7.91,0,30000.0,19.66,695.0,1.0,15.0,2043.0,0
18000.0,9.8,1,85000.0,21.49,660.0,0.0,14.0,9496.0,0
19200.0,13.44,2,70000.0,20.54,720.0,0.0,9.0,10984.0,0
17600.0,14.85,2,40000.0,17.64,695.0,0.0,12.0,4161.0,0
15000.0,12.88,2,180000.0,11.63,665.0,0.0,12.0,17406.0,0
15000.0,13.44,2,70000.0,33.44,680.0,0.0,33.0,10520.0,0
11500.0,5.32,0,115000.0,9.19,695.0,1.0,10.0,7034.0,0
2400.0,13.44,2,120000.0,34.09,705.0,0.0,15.0,4955.0,1
4800.0,12.88,2,26000.0,16.11,680.0,0.0,17.0,4840.0,0
11875.0,14.85,2,33000.0,18.73,685.0,0.0,15.0,12387.0,0
17000.0,17.97,3,34000.0,5.7,695.0,0.0,5.0,4088.0,0
10000.0,7.49,0,33000.0,28.69,710.0,0.0,11.0,15017.0,0
22800.0,26.99,6,80000.0,23.78,680.0,0.0,6.0,4944.0,1
12000.0,8.49,1,90000.0,19.83,765.0,0.0,18.0,13770.0,0
35000.0,12.88,2,108000.0,22.14,720.0,0.0,8.0,22137.0,1
6000.0,9.8,1,48000.0,22.18,750.0,0.0,13.0,11141.0,0
28000.0,10.78,1,110000.0,18.46,675.0,0.0,30.0,26042.0,0
2100.0,13.44,2,121000.0,19.23,700.0,0.0,11.0,75048.0,0
35000.0,13.99,2,80000.0,13.21,705.0,0.0,13.0,27410.0,0
10000.0,8.49,1,42000.0,14.49,675.0,0.0,15.0,16490.0,0
5000.0,16.59,3,25000.0,27.08,670.0,0.0,15.0,4798.0,0
15000.0,7.49,0,50000.0,12.89,700.0,0.0,13.0,16737.0,0
20000.0,6.99,0,83918.0,20.88,685.0,2.0,12.0,21824.0,0
28000.0,7.91,0,75000.0,16.64,710.0,0.0,13.0,32058.0,0
18000.0,11.48,1,75000.0,22.83,690.0,0.0,21.0,18941.0,0
17000.0,6.99,0,58000.0,16.75,740.0,1.0,12.0,2605.0,0
20000.0,7.49,0,69400.0,6.62,735.0,0.0,12.0,7613.0,0
19200.0,18.49,3,56000.0,28.0,695.0,0.0,17.0,18005.0,0
5775.0,15.77,3,38000.0,22.52,735.0,0.0,6.0,5235.0,1
18675.0,12.88,2,50000.0,25.76,700.0,0.0,13.0,30201.0,0
10000.0,12.88,2,40000.0,12.6,660.0,0.0,10.0,11850.0,0
6500.0,13.44,2,67000.0,10.19,660.0,0.0,14.0,13372.0,0
15000.0,11.99,2,175000.0,5.6,670.0,0.0,5.0,15601.0,0
13700.0,21.48,4,27429.0,13.48,675.0,0.0,8.0,6156.0,1
20000.0,5.32,0,200000.0,10.38,715.0,0.0,24.0,22385.0,0
5200.0,9.8,1,51000.0,6.31,670.0,0.0,6.0,3445.0,0
20000.0,7.91,0,75000.0,17.78,680.0,0.0,10.0,21588.0,0
35000.0,17.27,3,85000.0,35.08,700.0,1.0,16.0,33808.0,0
20000.0,9.8,1,110000.0,15.8,680.0,1.0,11.0,22314.0,0
4300.0,15.77,3,30000.0,9.76,665.0,2.0,11.0,300.0,0
12000.0,5.32,0,100000.0,4.02,685.0,1.0,7.0,11096.0,0
12000.0,9.8,1,105600.0,14.56,690.0,0.0,15.0,7871.0,0
3000.0,6.49,0,67000.0,12.79,700.0,0.0,5.0,7576.0,0
35000.0,9.17,1,144000.0,12.77,740.0,0.0,8.0,165737.0,0
12000.0,10.78,1,64500.0,25.73,675.0,0.0,19.0,18202.0,0
20000.0,13.44,2,50000.0,31.66,665.0,2.0,18.0,16551.0,0
3000.0,10.78,1,90000.0,23.72,660.0,1.0,11.0,18264.0,0
16000.0,10.78,1,90000.0,21.05,690.0,1.0,17.0,54009.0,0
16775.0,19.89,4,60000.0,35.26,670.0,0.0,10.0,31187.0,0
8000.0,9.8,1,65000.0,19.7,665.0,0.0,20.0,21742.0,0
35000.0,21.48,4,130000.0,5.36,710.0,0.0,12.0,2146.0,0
13950.0,26.99,6,110000.0,15.78,675.0,0.0,15.0,10649.0,1
22525.0,15.77,3,49000.0,17.93,715.0,0.0,5.0,21642.0,0
18000.0,11.99,2,45000.0,21.21,695.0,0.0,10.0,6438.0,0
25000.0,17.27,3,88500.0,19.84,660.0,0.0,14.0,21079.0,0
20000.0,11.99,2,75000.0,20.8,685.0,1.0,18.0,237844.0,0
25000.0,17.27,3,150000.0,11.57,685.0,0.0,9.0,18482.0,1
25000.0,19.48,4,50000.0,17.69,765.0,0.0,11.0,6025.0,1
4800.0,8.49,1,42000.0,14.71,670.0,0.0,8.0,4411.0,0
11000.0,13.99,2,57200.0,15.04,675.0,0.0,9.0,10148.0,0
25000.0,17.27,3,50000.0,22.23,755.0,0.0,6.0,4999.0,0
12000.0,5.32,0,77000.0,18.06,775.0,0.0,5.0,10230.0,0
23500.0,11.48,1,55000.0,14.73,695.0,0.0,7.0,9155.0,1
6000.0,11.99,2,60000.0,11.54,705.0,0.0,7.0,1608.0,0
26400.0,7.49,0,65000.0,23.97,705.0,0.0,14.0,27353.0,0
12000.0,12.88,2,75000.0,17.01,720.0,0.0,10.0,9568.0,1
15000.0,5.32,0,200000.0,13.47,755.0,0.0,15.0,24141.0,0
5000.0,11.99,2,37000.0,34.35,670.0,0.0,23.0,3916.0,0
9150.0,17.97,3,50000.0,1.44,680.0,0.0,3.0,635.0,1
8000.0,13.99,2,117000.0,13.93,665.0,0.0,11.0,95.0,0
16000.0,10.78,1,40000.0,15.69,725.0,0.0,24.0,252.0,1
24000.0,16.59,3,70000.0,10.68,690.0,1.0,9.0,4906.0,1
12000.0,13.99,2,50000.0,20.98,660.0,0.0,11.0,14550.0,1
18000.0,18.99,4,50000.0,14.41,685.0,0.0,20.0,8384.0,0
6000.0,22.45,5,25000.0,31.88,660.0,0.0,42.0,13426.0,1
21600.0,17.27,3,85000.0,17.63,665.0,1.0,13.0,11096.0,1
4800.0,17.97,3,65000.0,35.01,685.0,0.0,6.0,16972.0,0
16275.0,14.85,2,37000.0,23.13,705.0,1.0,10.0,10990.0,1
10000.0,8.49,1,55000.0,24.5,710.0,0.0,11.0,17448.0,0
26500.0,12.88,2,53000.0,22.19,675.0,0.0,23.0,17038.0,0
4000.0,10.78,1,60000.0,13.35,695.0,0.0,11.0,8922.0,0
5150.0,15.77,3,20200.0,26.62,665.0,0.0,6.0,2256.0,0
19125.0,13.44,2,43500.0,4.39,670.0,0.0,4.0,3276.0,0
6000.0,11.99,2,84000.0,33.17,660.0,0.0,9.0,115315.0,0
18000.0,10.78,1,60200.0,27.03,695.0,0.0,10.0,97.0,1
35000.0,9.17,1,105000.0,31.5,725.0,0.0,33.0,45877.0,1
6000.0,10.78,1,17000.0,33.84,690.0,0.0,20.0,10210.0,0
6400.0,9.8,1,35000.0,9.09,675.0,2.0,14.0,6506.0,0
5600.0,11.99,2,21000.0,9.89,675.0,0.0,14.0,11007.0,0
5000.0,5.32,0,55000.0,9.3,690.0,0.0,5.0,3798.0,1
30000.0,10.78,1,95000.0,18.53,675.0,0.0,4.0,23073.0,0
24000.0,5.32,0,125000.0,8.9,805.0,0.0,8.0,17216.0,0
7000.0,11.99,2,43000.0,14.12,680.0,0.0,6.0,2449.0,0
1000.0,11.48,1,41000.0,32.87,820.0,0.0,8.0,147.0,0
15000.0,11.48,1,45000.0,19.41,710.0,0.0,11.0,13776.0,0
17500.0,10.78,1,35000.0,18.0,715.0,0.0,4.0,22275.0,0
2000.0,13.99,2,133000.0,24.4,705.0,0.0,18.0,21462.0,0
30000.0,13.44,2,350000.0,14.13,715.0,0.0,16.0,170130.0,0
18225.0,8.49,1,38000.0,17.94,705.0,0.0,11.0,7294.0,0
9600.0,10.78,1,110000.0,34.79,670.0,0.0,22.0,46299.0,0
18000.0,6.49,0,79317.0,20.4,705.0,0.0,15.0,18116.0,0
2000.0,11.99,2,55000.0,11.37,680.0,0.0,6.0,18917.0,0
4500.0,9.17,1,30160.0,13.05,675.0,0.0,11.0,5087.0,0
20000.0,22.45,5,84000.0,13.21,680.0,1.0,14.0,14236.0,0
28000.0,5.32,0,150000.0,13.66,695.0,0.0,19.0,78335.0,0
11900.0,17.97,3,34000.0,21.81,670.0,0.0,11.0,20664.0,0
2400.0,16.59,3,14000.0,30.87,670.0,0.0,4.0,3265.0,0
11050.0,17.27,3,84000.0,15.56,705.0,0.0,29.0,2673.0,0
7200.0,8.49,1,40000.0,28.2,665.0,0.0,18.0,5238.0,0
10000.0,7.49,0,120000.0,4.18,735.0,0.0,12.0,3546.0,0
5000.0,9.17,1,52505.58,18.38,665.0,0.0,4.0,4239.0,0
20000.0,8.49,1,63000.0,16.19,695.0,1.0,11.0,6034.0,0
1500.0,17.27,3,45000.0,20.4,685.0,0.0,9.0,4004.0,0
12800.0,13.99,2,40000.0,8.58,685.0,0.0,6.0,6572.0,0
20000.0,13.99,2,81000.0,34.55,685.0,0.0,17.0,2796.0,0
7500.0,10.78,1,46798.0,23.06,690.0,0.0,7.0,10375.0,0
7500.0,6.99,0,37000.0,33.77,700.0,0.0,5.0,6193.0,0
12000.0,9.17,1,107000.0,21.42,700.0,0.0,14.0,27574.0,0
35000.0,9.8,1,94000.0,11.89,750.0,0.0,14.0,88022.0,0
30000.0,19.48,4,85000.0,23.69,665.0,3.0,12.0,543.0,1
14000.0,7.91,0,110000.0,20.17,665.0,0.0,18.0,14592.0,0
15000.0,8.49,1,53038.0,15.89,665.0,0.0,5.0,15190.0,0
11650.0,20.5,4,48500.0,24.65,690.0,0.0,11.0,15929.0,0
6925.0,13.44,2,45000.0,21.63,670.0,0.0,5.0,6239.0,0
3600.0,9.8,1,80000.0,31.73,705.0,0.0,11.0,14778.0,0
4200.0,14.85,2,14000.0,13.72,735.0,0.0,11.0,2923.0,1
18000.0,11.99,2,74000.0,22.94,690.0,0.0,12.0,14151.0,0
10000.0,5.32,0,75000.0,22.85,710.0,0.0,11.0,8237.0,0
32350.0,9.8,1,158000.0,25.39,705.0,1.0,13.0,60202.0,1
14400.0,17.97,3,64500.0,21.4,660.0,0.0,12.0,11556.0,1
17600.0,10.78,1,52000.0,26.86,690.0,0.0,13.0,10317.0,0
5000.0,6.49,0,190000.0,15.38,690.0,0.0,15.0,57149.0,0
6000.0,9.8,1,30000.0,29.84,665.0,0.0,8.0,6224.0,1
3800.0,11.48,1,29244.0,18.1,670.0,0.0,8.0,12086.0,0
26500.0,8.49,1,74000.0,24.08,695.0,1.0,10.0,19748.0,0
9000.0,8.49,1,42000.0,25.2,680.0,0.0,7.0,5637.0,0
30000.0,19.89,4,70000.0,19.89,685.0,0.0,19.0,26699.0,0
14400.0,5.32,0,68000.0,24.02,745.0,1.0,10.0,4790.0,0
4000.0,10.78,1,70000.0,28.97,680.0,0.0,10.0,6818.0,0
12900.0,17.97,3,38000.0,29.85,660.0,0.0,11.0,14096.0,0
7675.0,9.8,1,16000.0,26.11,710.0,0.0,18.0,10463.0,1
15000.0,6.99,0,84480.0,28.81,720.0,0.0,14.0,16041.0,0
10000.0,13.99,2,85000.0,6.38,685.0,1.0,6.0,2607.0,0
12000.0,9.17,1,63000.0,25.09,675.0,1.0,18.0,16474.0,0
1200.0,8.49,1,73000.0,19.46,745.0,0.0,8.0,14590.0,0
23100.0,17.97,3,55000.0,7.72,660.0,0.0,4.0,14624.0,0
4500.0,15.77,3,40000.0,34.17,665.0,0.0,11.0,13068.0,0
10000.0,9.8,1,49407.0,7.26,665.0,0.0,9.0,6992.0,0
35000.0,7.91,0,220000.0,12.46,805.0,0.0,16.0,7080.0,0
20000.0,11.99,2,68000.0,33.62,715.0,0.0,11.0,37530.0,0
8000.0,12.88,2,85000.0,19.55,660.0,0.0,21.0,12734.0,0
6000.0,5.32,0,35830.0,10.69,715.0,0.0,10.0,3176.0,0
24350.0,23.13,5,58000.0,12.08,660.0,0.0,8.0,6145.0,0
1500.0,6.49,0,51000.0,23.81,720.0,0.0,11.0,5738.0,0
20000.0,15.77,3,63600.0,24.3,675.0,1.0,19.0,1515.0,1
24325.0,14.85,2,54080.0,38.9,720.0,0.0,14.0,23240.0,0
10400.0,8.49,1,62400.0,24.13,695.0,0.0,16.0,17188.0,1
7000.0,14.85,2,60000.0,24.66,670.0,0.0,6.0,6530.0,0
15000.0,9.17,1,50000.0,28.15,695.0,0.0,5.0,16482.0,0
25000.0,7.49,0,56000.0,21.15,755.0,0.0,19.0,19231.0,0
14400.0,13.99,2,56281.0,24.99,670.0,2.0,12.0,10710.0,0
28800.0,6.99,0,98000.0,9.22,700.0,2.0,7.0,8178.0,1
5000.0,11.99,2,50000.0,10.13,660.0,0.0,12.0,6217.0,0
8400.0,8.49,1,36000.0,26.97,695.0,0.0,13.0,6044.0,0
35000.0,13.99,2,124000.0,19.31,700.0,0.0,10.0,111765.0,0
35000.0,11.99,2,160000.0,14.32,690.0,0.0,10.0,75365.0,0
20000.0,13.44,2,75000.0,20.19,660.0,2.0,10.0,2368.0,0
6225.0,15.77,3,28401.0,23.71,685.0,0.0,15.0,841.0,0
24000.0,9.17,1,120000.0,6.95,680.0,1.0,15.0,28303.0,1
15000.0,10.78,1,80000.0,13.64,660.0,0.0,10.0,6007.0,0
30000.0,19.48,4,90000.0,11.29,695.0,0.0,20.0,19374.0,0
9300.0,7.49,0,39090.0,24.56,710.0,0.0,19.0,10367.0,0
6500.0,18.49,3,40000.0,31.8,660.0,0.0,6.0,3820.0,0
20000.0,11.48,1,350000.0,10.05,715.0,0.0,18.0,216586.0,0
13375.0,8.49,1,45000.0,12.85,805.0,0.0,8.0,743.0,0
3800.0,7.49,0,90000.0,19.15,730.0,0.0,13.0,11469.0,0
6000.0,11.99,2,72000.0,2.15,680.0,0.0,6.0,4670.0,0
9000.0,20.5,4,30000.0,23.96,665.0,3.0,7.0,3150.0,0
25000.0,17.27,3,63000.0,10.76,660.0,0.0,7.0,13714.0,1
5000.0,16.59,3,40000.0,39.33,660.0,2.0,5.0,2556.0,0
24000.0,7.91,0,98000.0,39.02,715.0,0.0,20.0,39726.0,0
35000.0,13.44,2,160000.0,12.51,670.0,0.0,10.0,22762.0,0
5300.0,10.78,1,17000.0,14.41,660.0,2.0,6.0,5222.0,0
8000.0,9.8,1,95000.0,9.46,665.0,0.0,5.0,2065.0,0
8000.0,6.49,0,40000.0,6.84,685.0,0.0,13.0,8463.0,0
15000.0,9.8,1,65000.0,38.59,705.0,0.0,27.0,26299.0,0
17575.0,21.48,4,48865.0,25.64,660.0,0.0,8.0,4035.0,1
22025.0,9.8,1,80500.0,29.82,800.0,0.0,11.0,4298.0,0
10000.0,7.91,0,75000.0,10.64,690.0,0.0,16.0,7624.0,0
15000.0,5.32,0,65050.0,6.27,755.0,0.0,7.0,16212.0,0
14700.0,26.06,5,35000.0,24.93,660.0,0.0,14.0,17408.0,0
8000.0,7.91,0,64000.0,27.75,690.0,0.0,18.0,12579.0,1
20000.0,10.78,1,90000.0,13.69,685.0,0.0,9.0,3227.0,0
12000.0,20.5,4,75000.0,9.95,690.0,0.0,10.0,2157.0,0
9500.0,13.99,2,90000.0,3.75,660.0,0.0,16.0,3039.0,0
25000.0,13.99,2,60000.0,21.16,695.0,0.0,13.0,20203.0,0
30000.0,11.99,2,105000.0,19.76,735.0,0.0,11.0,30572.0,0
9600.0,13.44,2,28000.0,9.73,685.0,0.0,19.0,1755.0,1
25000.0,11.99,2,181000.0,12.36,715.0,0.0,7.0,21004.0,0
7000.0,14.85,2,37000.0,17.45,660.0,0.0,11.0,13633.0,0
17500.0,13.99,2,55000.0,14.16,695.0,0.0,12.0,20308.0,1
2000.0,13.44,2,140000.0,23.01,710.0,0.0,18.0,61113.0,0
17000.0,12.88,2,85000.0,20.82,680.0,0.0,9.0,30701.0,0
12000.0,17.86,3,38000.0,12.16,685.0,0.0,7.0,5716.0,0
16025.0,18.49,3,77000.0,18.66,670.0,1.0,10.0,6078.0,0
33875.0,24.24,5,77900.0,5.36,700.0,0.0,10.0,12506.0,1
30000.0,16.59,3,160000.0,7.01,660.0,0.0,16.0,26715.0,1
4200.0,13.44,2,80000.0,20.54,675.0,0.0,10.0,15666.0,0
25000.0,7.49,0,160000.0,7.98,690.0,0.0,10.0,9857.0,0
8000.0,9.8,1,34250.0,20.32,670.0,0.0,10.0,5206.0,0
33000.0,16.59,3,165000.0,14.69,665.0,0.0,9.0,36204.0,1
9500.0,12.88,2,52000.0,22.71,685.0,0.0,13.0,5683.0,0
16000.0,7.49,0,80000.0,11.72,805.0,0.0,14.0,17006.0,0
30000.0,13.99,2,95000.0,32.83,670.0,0.0,14.0,32020.0,0
8000.0,9.17,1,40000.0,18.9,660.0,0.0,6.0,12676.0,0
8400.0,12.88,2,52000.0,30.09,705.0,1.0,17.0,3145.0,0
18000.0,7.91,0,48000.0,27.6,695.0,0.0,15.0,16345.0,1
5000.0,12.88,2,45000.0,34.21,715.0,2.0,10.0,5197.0,0
30000.0,12.88,2,104000.0,24.01,695.0,1.0,18.0,36957.0,0
20000.0,19.89,4,240000.0,11.83,660.0,1.0,23.0,20814.0,1
25000.0,11.99,2,170000.0,17.52,730.0,0.0,15.0,54865.0,0
25000.0,6.99,0,80000.0,18.92,690.0,0.0,31.0,36964.0,0
3000.0,12.88,2,90000.0,14.1,680.0,0.0,6.0,30655.0,0
1500.0,9.8,1,90000.0,8.83,735.0,1.0,7.0,11666.0,0
7200.0,11.48,1,85000.0,17.53,660.0,0.0,10.0,11826.0,0
21000.0,12.88,2,174000.0,5.71,675.0,1.0,10.0,13064.0,1
10000.0,11.48,1,81000.0,11.73,680.0,0.0,8.0,4885.0,0
21500.0,12.88,2,170000.0,20.25,675.0,1.0,14.0,14549.0,0
10000.0,12.88,2,60000.0,9.1,675.0,7.0,6.0,1200.0,0
6000.0,19.48,4,28000.0,19.59,680.0,0.0,7.0,4040.0,1
16000.0,5.32,0,75000.0,19.73,725.0,0.0,12.0,10198.0,0
5000.0,11.48,1,55000.0,22.78,690.0,0.0,17.0,3448.0,1
24000.0,9.8,1,90000.0,20.97,660.0,0.0,8.0,12844.0,0
10000.0,16.59,3,50000.0,14.21,660.0,0.0,10.0,5856.0,0
20000.0,7.91,0,70200.0,23.97,735.0,0.0,11.0,18621.0,0
7000.0,11.48,1,30000.0,12.12,670.0,0.0,12.0,6861.0,0
1600.0,13.44,2,52000.0,10.48,690.0,0.0,3.0,538.0,0
20000.0,9.8,1,90000.0,22.4,705.0,0.0,6.0,9630.0,0
5000.0,10.78,1,39756.0,34.19,700.0,0.0,18.0,16479.0,0
24000.0,6.99,0,175000.0,6.98,780.0,0.0,8.0,3132.0,0
5000.0,8.49,1,46000.0,1.2,675.0,0.0,5.0,707.0,0
12000.0,7.91,0,172500.0,4.97,690.0,0.0,9.0,10689.0,0
15000.0,8.49,1,145000.0,19.35,695.0,1.0,21.0,8296.0,1
35000.0,9.17,1,93000.0,29.06,740.0,0.0,12.0,24962.0,0
10000.0,13.99,2,48000.0,34.4,665.0,0.0,7.0,41417.0,0
30000.0,12.88,2,85000.0,35.0,740.0,0.0,24.0,51602.0,0
10000.0,13.44,2,52000.0,19.39,685.0,1.0,15.0,6508.0,0
20000.0,11.48,1,60000.0,21.28,690.0,0.0,8.0,14946.0,0
16200.0,24.24,5,45000.0,28.16,720.0,0.0,5.0,7530.0,1
25000.0,15.77,3,65000.0,16.34,700.0,0.0,12.0,12656.0,0
10000.0,7.91,0,118000.0,21.0,680.0,3.0,8.0,10311.0,0
28000.0,17.27,3,93000.0,15.54,695.0,0.0,8.0,19165.0,1
25000.0,15.77,3,68015.0,36.42,690.0,0.0,11.0,24501.0,0
10000.0,18.99,4,37440.0,20.64,675.0,0.0,6.0,9064.0,1
19200.0,5.32,0,75000.0,3.05,705.0,0.0,11.0,2994.0,0
28000.0,7.91,0,225000.0,12.13,695.0,2.0,11.0,37796.0,0
6275.0,14.85,2,70000.0,20.01,665.0,1.0,7.0,3033.0,0
1000.0,6.49,0,65000.0,7.63,695.0,0.0,7.0,8917.0,0
20250.0,13.44,2,45000.0,21.95,730.0,0.0,11.0,69310.0,1
14000.0,13.99,2,38000.0,11.72,720.0,0.0,6.0,12873.0,0
10000.0,7.49,0,60000.0,16.32,715.0,0.0,22.0,11592.0,1
9000.0,9.8,1,47500.0,24.81,680.0,0.0,15.0,11011.0,0
29900.0,17.97,3,65000.0,23.99,705.0,0.0,12.0,36408.0,1
6000.0,11.99,2,51000.0,8.35,670.0,0.0,16.0,10872.0,0
19000.0,6.49,0,44000.0,16.78,705.0,0.0,10.0,21709.0,0
15400.0,14.85,2,146000.0,13.67,675.0,1.0,13.0,11019.0,0
9200.0,17.97,3,28790.0,36.52,680.0,1.0,12.0,5447.0,0
24000.0,24.24,5,70000.0,15.98,660.0,0.0,11.0,7172.0,1
6000.0,7.91,0,30000.0,12.24,710.0,0.0,5.0,5841.0,0
6000.0,6.99,0,60000.0,16.64,730.0,0.0,11.0,4537.0,0
13600.0,13.99,2,50000.0,24.44,670.0,1.0,12.0,5754.0,1
15000.0,11.99,2,75000.0,10.96,760.0,0.0,8.0,854.0,0
9650.0,16.59,3,23000.0,22.76,675.0,0.0,9.0,14074.0,0
10000.0,9.8,1,63000.0,12.11,665.0,0.0,15.0,11122.0,0
14000.0,12.88,2,46000.0,26.66,685.0,0.0,13.0,16205.0,0
11800.0,11.48,1,83832.0,17.43,675.0,2.0,7.0,19026.0,1
3000.0,11.48,1,38000.0,33.8,705.0,0.0,19.0,4314.0,0
23000.0,21.48,4,50000.0,39.44,660.0,2.0,10.0,10453.0,1
8000.0,7.91,0,38000.0,22.3,695.0,0.0,6.0,5827.0,0
10000.0,8.49,1,169000.0,10.14,665.0,0.0,10.0,8386.0,0
9000.0,7.49,0,50000.0,16.54,735.0,0.0,12.0,13048.0,0
15000.0,11.48,1,50000.0,10.71,745.0,0.0,14.0,6931.0,0
2200.0,6.49,0,48000.0,18.9,715.0,0.0,13.0,2467.0,0
15000.0,9.8,1,125000.0,17.62,710.0,0.0,19.0,26355.0,0
9200.0,13.99,2,43000.0,20.79,720.0,0.0,4.0,8141.0,0
15000.0,12.88,2,70000.0,39.01,705.0,0.0,17.0,31048.0,0
10000.0,6.49,0,150000.0,19.66,705.0,0.0,18.0,24530.0,0
4000.0,11.48,1,30000.0,9.44,720.0,0.0,7.0,4144.0,0
4950.0,14.85,2,105800.0,33.29,675.0,3.0,23.0,20998.0,0
15000.0,9.17,1,60000.0,20.58,665.0,0.0,12.0,27244.0,1
35000.0,17.27,3,178462.0,24.17,715.0,0.0,21.0,56970.0,0
10000.0,7.91,0,44298.0,25.22,745.0,1.0,31.0,6476.0,0
6000.0,9.8,1,55020.0,22.77,705.0,0.0,11.0,23977.0,0
35000.0,17.27,3,125000.0,14.1,665.0,2.0,4.0,3907.0,0
9000.0,9.8,1,43000.0,11.61,660.0,1.0,5.0,10582.0,1
30000.0,12.88,2,115210.0,13.23,685.0,2.0,15.0,11194.0,0
20000.0,18.49,3,67140.0,9.76,690.0,0.0,3.0,16657.0,0
6000.0,11.48,1,29500.0,13.89,675.0,0.0,10.0,11586.0,0
16000.0,5.32,0,115000.0,12.26,810.0,0.0,16.0,421.0,0
26000.0,14.85,2,84000.0,29.44,755.0,0.0,12.0,7696.0,0
10000.0,17.27,3,48000.0,39.59,715.0,0.0,8.0,3612.0,0
21825.0,18.99,4,45000.0,20.85,670.0,0.0,8.0,12352.0,1
24000.0,7.49,0,95000.0,7.19,805.0,0.0,7.0,6211.0,0
24000.0,12.88,2,130000.0,18.96,705.0,0.0,10.0,11082.0,1
35000.0,14.85,2,98000.0,18.38,670.0,0.0,10.0,40109.0,0
4375.0,15.77,3,25000.0,26.88,720.0,0.0,9.0,4612.0,1
10000.0,10.78,1,72000.0,12.02,715.0,0.0,5.0,10020.0,0
11650.0,19.48,4,113000.0,8.68,660.0,0.0,10.0,2048.0,0
35000.0,20.5,4,190000.0,37.73,760.0,0.0,12.0,226350.0,1
6475.0,17.97,3,46000.0,26.91,705.0,0.0,19.0,55449.0,0
28000.0,16.59,3,146000.0,24.09,720.0,0.0,19.0,16307.0,1
30250.0,12.88,2,91000.0,24.5,795.0,0.0,13.0,8375.0,0
8000.0,5.32,0,36000.0,10.57,775.0,0.0,4.0,5429.0,1
10000.0,7.91,0,28000.0,22.55,695.0,0.0,6.0,19653.0,0
20000.0,10.78,1,150000.0,25.02,710.0,2.0,11.0,3933.0,0
30000.0,16.59,3,100000.0,30.3,670.0,0.0,24.0,100204.0,1
15000.0,10.78,1,95000.0,25.21,660.0,0.0,16.0,33207.0,0
12000.0,12.88,2,48000.0,6.7,765.0,0.0,10.0,12828.0,0
10000.0,5.32,0,50000.0,18.19,730.0,0.0,6.0,6785.0,0
3000.0,9.8,1,58000.0,30.27,710.0,0.0,18.0,12804.0,0
15000.0,6.49,0,68000.0,18.66,680.0,0.0,7.0,177.0,0
10000.0,21.48,4,65000.0,5.3,695.0,0.0,12.0,6035.0,1
7000.0,9.17,1,110000.0,11.74,670.0,0.0,8.0,13313.0,0
16000.0,12.88,2,170000.0,35.87,685.0,1.0,10.0,20104.0,0
17600.0,5.32,0,50000.0,11.76,680.0,1.0,12.0,10740.0,0
7500.0,10.78,1,37500.0,12.35,700.0,0.0,6.0,5597.0,0
10000.0,9.17,1,65000.0,19.33,715.0,0.0,7.0,6600.0,1
1000.0,14.85,2,12000.0,3.4,700.0,0.0,9.0,115.0,0
6600.0,13.44,2,75000.0,11.39,700.0,0.0,21.0,23723.0,0
12000.0,9.17,1,50000.0,20.45,660.0,2.0,10.0,15336.0,0
12000.0,9.8,1,57000.0,15.73,705.0,0.0,11.0,14895.0,0
35000.0,12.88,2,300000.0,9.87,675.0,0.0,6.0,11673.0,1
21000.0,13.44,2,105000.0,11.37,670.0,0.0,4.0,38637.0,0
2800.0,13.44,2,80000.0,18.51,680.0,1.0,7.0,8708.0,0
35000.0,9.8,1,111000.0,14.27,705.0,0.0,9.0,41608.0,0
6000.0,6.49,0,50000.0,10.63,730.0,0.0,18.0,5621.0,0
12300.0,11.99,2,28000.0,17.44,705.0,1.0,26.0,566.0,1
18000.0,9.17,1,70000.0,12.79,665.0,0.0,15.0,6083.0,1
21000.0,6.99,0,100000.0,18.43,795.0,0.0,19.0,5675.0,0
3600.0,18.49,3,65000.0,16.36,690.0,0.0,18.0,4745.0,0
20000.0,6.99,0,60000.0,13.86,745.0,1.0,11.0,3598.0,0
7200.0,8.49,1,68000.0,3.0,705.0,0.0,5.0,844.0,0
11200.0,5.32,0,60000.0,11.02,690.0,1.0,6.0,11325.0,0
16875.0,19.89,4,65000.0,11.69,660.0,0.0,17.0,9264.0,1
8500.0,11.99,2,77000.0,17.46,730.0,0.0,8.0,16005.0,0
35000.0,10.78,1,325000.0,16.1,735.0,0.0,19.0,452450.0,0
6500.0,8.49,1,105000.0,21.65,675.0,0.0,18.0,20412.0,0
15000.0,6.49,0,180000.0,4.47,725.0,0.0,11.0,23969.0,0
5000.0,11.99,2,98000.0,19.96,680.0,0.0,14.0,25827.0,0
15000.0,12.88,2,45700.0,8.22,665.0,0.0,10.0,14051.0,0
6725.0,13.99,2,72000.0,1.08,670.0,0.0,4.0,1160.0,0
16000.0,13.44,2,40000.0,17.55,725.0,1.0,10.0,2378.0,0
5000.0,12.88,2,36000.0,16.63,695.0,0.0,5.0,1313.0,0
19250.0,19.48,4,80000.0,26.81,670.0,0.0,15.0,30912.0,1
7200.0,7.49,0,79990.0,11.14,770.0,0.0,10.0,9930.0,0
8000.0,7.91,0,48000.0,24.48,715.0,0.0,15.0,7546.0,0
3000.0,7.49,0,44000.0,12.27,755.0,0.0,3.0,2741.0,0
7000.0,7.91,0,26000.0,12.51,705.0,0.0,5.0,7483.0,0
2000.0,8.49,1,52000.0,19.76,710.0,0.0,17.0,5201.0,0
8000.0,8.49,1,95000.0,16.41,660.0,1.0,13.0,12220.0,0
18000.0,11.99,2,95000.0,8.98,710.0,0.0,6.0,5983.0,1
15000.0,11.99,2,50000.0,12.48,670.0,0.0,17.0,14493.0,0
6000.0,9.17,1,42000.0,6.97,690.0,0.0,5.0,8740.0,0
10000.0,17.27,3,46800.0,11.69,660.0,2.0,11.0,4190.0,0
6000.0,7.49,0,125000.0,9.02,730.0,0.0,15.0,21228.0,0
20225.0,8.49,1,550000.0,12.64,700.0,0.0,34.0,298298.0,0
5000.0,7.49,0,71650.0,20.69,765.0,0.0,13.0,5698.0,0
12000.0,16.59,3,101550.0,20.01,675.0,0.0,27.0,25714.0,1
20000.0,10.78,1,54000.0,18.98,665.0,0.0,11.0,16549.0,0
10800.0,7.49,0,45000.0,20.99,715.0,0.0,15.0,11768.0,0
8000.0,10.78,1,40000.0,11.46,700.0,0.0,9.0,4819.0,0
7200.0,11.99,2,26000.0,34.86,685.0,0.0,11.0,3919.0,0
10000.0,11.48,1,72000.0,38.87,755.0,1.0,26.0,9114.0,0
12000.0,11.99,2,40000.0,25.62,685.0,0.0,11.0,10575.0,0
8000.0,7.49,0,60000.0,13.52,700.0,0.0,9.0,17140.0,0
11050.0,14.85,2,60000.0,27.18,680.0,2.0,11.0,10569.0,1
4000.0,11.48,1,32500.0,33.46,680.0,0.0,5.0,2542.0,0
12075.0,14.85,2,69100.0,9.45,665.0,0.0,13.0,8460.0,0
3500.0,16.59,3,50000.0,36.68,670.0,0.0,23.0,26382.0,1
9025.0,14.85,2,45000.0,17.68,675.0,0.0,9.0,5820.0,0
18000.0,6.99,0,125000.0,14.15,775.0,0.0,11.0,16027.0,1
22100.0,23.13,5,65000.0,3.42,675.0,0.0,6.0,8841.0,1
4800.0,11.48,1,64000.0,12.51,660.0,1.0,8.0,695.0,0
8000.0,13.44,2,78200.0,21.44,660.0,0.0,18.0,15714.0,0
20000.0,12.88,2,85198.0,20.0,700.0,1.0,31.0,14978.0,0
10000.0,5.32,0,225000.0,10.94,750.0,0.0,15.0,23461.0,0
20000.0,10.78,1,110000.0,26.67,715.0,0.0,12.0,51871.0,0
6400.0,15.77,3,51716.0,13.0,705.0,0.0,8.0,6029.0,0
25000.0,11.48,1,127000.0,21.87,690.0,0.0,18.0,25246.0,0
10825.0,15.77,3,65000.0,15.68,705.0,1.0,7.0,7427.0,0
8400.0,12.88,2,20000.0,26.11,665.0,0.0,5.0,2291.0,0
16000.0,8.49,1,60000.0,21.52,665.0,1.0,10.0,18323.0,0
12000.0,5.32,0,75000.0,29.55,730.0,0.0,15.0,22035.0,0
17200.0,11.48,1,43000.0,16.77,710.0,0.0,4.0,16340.0,0
35000.0,7.91,0,300000.0,11.79,705.0,0.0,7.0,8487.0,0
12000.0,9.8,1,82000.0,9.34,705.0,2.0,9.0,2491.0,0
25000.0,8.49,1,65000.0,23.86,805.0,0.0,8.0,5571.0,0
8000.0,7.49,0,72000.0,29.73,755.0,1.0,16.0,9203.0,1
22500.0,27.49,6,59000.0,34.83,665.0,0.0,17.0,16185.0,1
15000.0,8.49,1,85000.0,30.34,690.0,1.0,21.0,100577.0,0
3000.0,11.48,1,50000.0,17.17,700.0,1.0,13.0,11669.0,0
15000.0,13.44,2,81000.0,8.4,660.0,4.0,7.0,4744.0,0
25000.0,7.49,0,103000.0,15.29,710.0,0.0,8.0,17110.0,0
13000.0,8.49,1,105000.0,16.72,720.0,0.0,19.0,14857.0,0
21475.0,11.48,1,65000.0,19.44,755.0,0.0,15.0,8792.0,0
7500.0,8.49,1,52000.0,19.2,670.0,0.0,5.0,10495.0,0
8000.0,8.49,1,65000.0,19.33,670.0,1.0,14.0,9491.0,0
14950.0,19.89,4,55000.0,19.77,665.0,0.0,15.0,17082.0,1
13000.0,7.49,0,80000.0,10.77,745.0,0.0,14.0,4817.0,0
7000.0,12.88,2,80000.0,33.62,690.0,0.0,24.0,28739.0,0
3450.0,23.13,5,29000.0,6.62,660.0,0.0,5.0,5977.0,1
12500.0,7.49,0,100000.0,23.32,700.0,0.0,11.0,25995.0,0
22225.0,16.59,3,70000.0,22.27,700.0,1.0,10.0,8712.0,0
9000.0,7.91,0,77000.0,25.81,725.0,0.0,9.0,5166.0,0
2000.0,10.78,1,54200.0,26.46,710.0,0.0,7.0,10218.0,0
16000.0,6.49,0,60000.0,25.02,705.0,0.0,18.0,17474.0,0
15000.0,9.8,1,70000.0,25.06,660.0,0.0,17.0,17604.0,0
7000.0,9.17,1,32000.0,24.53,680.0,0.0,17.0,9039.0,0
20000.0,8.49,1,75000.0,17.39,815.0,0.0,13.0,7859.0,0
25000.0,5.32,0,74000.0,24.04,685.0,0.0,20.0,42486.0,0
3450.0,19.48,4,10800.0,8.78,715.0,0.0,5.0,1938.0,0
12000.0,5.32,0,151300.0,8.9,780.0,0.0,11.0,0.0,0
19200.0,9.8,1,115000.0,8.78,670.0,0.0,11.0,22233.0,0
12600.0,10.78,1,85700.0,15.88,675.0,0.0,12.0,11238.0,0
35000.0,11.48,1,250000.0,7.29,745.0,0.0,10.0,37755.0,0
4000.0,10.78,1,32220.0,19.66,685.0,0.0,5.0,2273.0,0
8400.0,6.49,0,70000.0,0.89,775.0,0.0,4.0,1622.0,0
25000.0,9.8,1,85000.0,14.78,720.0,0.0,13.0,14486.0,0
29900.0,26.06,5,65000.0,14.12,690.0,1.0,12.0,4713.0,1
9600.0,13.44,2,25000.0,17.95,685.0,0.0,12.0,9131.0,0
12000.0,7.49,0,84540.0,20.16,805.0,0.0,24.0,5276.0,0
10000.0,10.78,1,45000.0,14.29,700.0,0.0,8.0,11444.0,0
9600.0,9.17,1,125000.0,9.06,700.0,2.0,6.0,31750.0,0
35000.0,9.17,1,148000.0,19.03,685.0,0.0,13.0,22485.0,0
4800.0,9.17,1,53000.0,26.29,765.0,1.0,13.0,7980.0,0
8000.0,11.99,2,44000.0,29.32,665.0,1.0,7.0,8459.0,1
2400.0,12.88,2,39000.0,19.88,710.0,1.0,10.0,1981.0,0
10000.0,7.49,0,35000.0,15.33,680.0,0.0,10.0,5319.0,0
6000.0,9.8,1,51000.0,26.26,670.0,0.0,9.0,5781.0,0
5000.0,8.49,1,195000.0,14.17,690.0,0.0,12.0,84853.0,0
7000.0,14.48,2,76000.0,24.29,685.0,3.0,13.0,75196.0,0
27200.0,6.99,0,124167.0,7.7,735.0,0.0,7.0,28058.0,0
21675.0,11.48,1,80000.0,33.53,745.0,0.0,14.0,21964.0,0
5000.0,11.99,2,55000.0,13.94,730.0,0.0,33.0,1228.0,0
4200.0,8.49,1,58500.0,12.78,730.0,0.0,12.0,5087.0,0
12500.0,11.99,2,200000.0,12.74,685.0,1.0,13.0,26740.0,0
35000.0,16.59,3,100000.0,15.61,675.0,0.0,21.0,39713.0,0
10000.0,13.99,2,30000.0,25.76,680.0,0.0,8.0,4333.0,0
10000.0,13.44,2,110000.0,20.01,680.0,0.0,14.0,30794.0,0
16000.0,12.88,2,54000.0,16.31,675.0,0.0,10.0,10699.0,0
20350.0,17.27,3,70000.0,25.39,665.0,0.0,15.0,33013.0,1
21000.0,10.78,1,90000.0,17.35,660.0,1.0,15.0,47691.0,0
30000.0,7.49,0,135000.0,15.53,750.0,0.0,8.0,13616.0,0
16000.0,10.78,1,55000.0,31.14,675.0,0.0,23.0,33671.0,0
28000.0,9.17,1,80000.0,16.97,680.0,0.0,10.0,32111.0,0
33600.0,19.89,4,80000.0,30.66,670.0,1.0,15.0,27011.0,1
28000.0,15.77,3,116000.0,24.72,695.0,1.0,15.0,11983.0,0
8200.0,5.32,0,49233.0,24.84,725.0,1.0,14.0,3628.0,0
5000.0,14.85,2,100000.0,16.86,670.0,1.0,10.0,6931.0,0
16000.0,13.99,2,53000.0,31.45,675.0,0.0,7.0,25444.0,1
32000.0,8.49,1,101000.0,23.01,765.0,0.0,10.0,12802.0,0
5025.0,14.85,2,47000.0,14.86,660.0,1.0,9.0,5164.0,1
6075.0,15.77,3,80000.0,26.88,675.0,0.0,9.0,13679.0,0
10000.0,14.85,2,42000.0,22.57,660.0,0.0,15.0,14406.0,0
15000.0,12.88,2,140000.0,16.98,680.0,0.0,21.0,23833.0,0
20000.0,22.45,5,90000.0,20.71,665.0,0.0,15.0,2146.0,1
17000.0,13.44,2,45000.0,25.92,675.0,3.0,12.0,3090.0,0
7000.0,6.99,0,80000.0,10.86,740.0,0.0,14.0,16028.0,0
22000.0,6.49,0,50000.0,9.77,770.0,1.0,22.0,5946.0,0
10000.0,11.48,1,58000.0,12.77,665.0,0.0,9.0,7020.0,0
5000.0,11.99,2,84000.0,27.56,730.0,0.0,10.0,25972.0,0
35000.0,9.17,1,100000.0,19.18,770.0,0.0,4.0,10384.0,0
15000.0,13.99,2,150000.0,17.97,700.0,0.0,8.0,30599.0,0
30000.0,13.44,2,70000.0,12.69,735.0,0.0,9.0,3530.0,0
6000.0,7.49,0,68200.0,18.09,735.0,0.0,13.0,7508.0,0
10000.0,7.49,0,86000.0,7.48,685.0,1.0,7.0,5711.0,0
8000.0,9.17,1,100000.0,14.52,695.0,0.0,10.0,17895.0,0
15600.0,14.85,2,73500.0,39.77,760.0,0.0,13.0,9013.0,0
5000.0,11.99,2,69000.0,22.64,695.0,0.0,14.0,7953.0,0
23450.0,15.77,3,69000.0,26.77,685.0,0.0,6.0,9809.0,1
28000.0,22.45,5,98000.0,19.88,670.0,0.0,10.0,3442.0,1
24000.0,13.44,2,80000.0,12.35,710.0,0.0,17.0,10871.0,0
25800.0,17.27,3,89400.0,6.65,675.0,0.0,15.0,11941.0,0
4200.0,12.88,2,60000.0,19.8,705.0,0.0,13.0,6412.0,0
6025.0,11.99,2,70000.0,9.58,695.0,0.0,6.0,7715.0,0
20000.0,9.8,1,64000.0,20.63,735.0,0.0,7.0,14243.0,0
9600.0,7.91,0,200000.0,6.44,680.0,0.0,6.0,8046.0,0
6000.0,11.48,1,42000.0,12.31,660.0,0.0,10.0,8482.0,1
28000.0,5.32,0,160000.0,13.53,710.0,0.0,11.0,62507.0,0
21000.0,13.44,2,50000.0,18.05,680.0,0.0,10.0,21819.0,1
14450.0,15.77,3,42500.0,20.73,660.0,0.0,10.0,9234.0,1
15000.0,11.48,1,75000.0,16.14,695.0,0.0,11.0,23004.0,0
15000.0,9.8,1,72100.0,26.38,705.0,0.0,6.0,6177.0,0
12350.0,16.59,3,50000.0,25.92,660.0,1.0,12.0,33530.0,0
6000.0,12.88,2,50000.0,5.43,680.0,0.0,8.0,5306.0,0
14400.0,6.49,0,71500.0,13.54,695.0,0.0,6.0,17990.0,0
12250.0,23.13,5,40000.0,26.19,665.0,1.0,10.0,11260.0,1
7200.0,6.99,0,52000.0,21.85,685.0,0.0,12.0,20327.0,0
10000.0,12.88,2,27000.0,24.67,695.0,0.0,13.0,3641.0,0
12500.0,9.8,1,48000.0,29.5,710.0,0.0,23.0,34101.0,0
20400.0,14.85,2,67500.0,10.01,670.0,0.0,8.0,14251.0,0
29875.0,23.13,5,76000.0,30.45,680.0,0.0,21.0,29962.0,1
8000.0,16.59,3,191136.0,8.16,745.0,0.0,20.0,1675.0,0
5000.0,11.48,1,170000.0,0.75,660.0,1.0,3.0,3080.0,0
2000.0,9.8,1,43200.0,35.73,720.0,0.0,12.0,40571.0,0
6500.0,8.49,1,52000.0,20.08,695.0,1.0,6.0,4779.0,0
6000.0,10.78,1,36000.0,4.17,705.0,0.0,6.0,5325.0,0
5000.0,8.49,1,50000.0,14.26,695.0,0.0,8.0,5203.0,0
35000.0,13.99,2,89000.0,15.01,705.0,0.0,14.0,35232.0,0
15000.0,6.99,0,58000.0,34.39,815.0,0.0,15.0,72257.0,0
25000.0,6.99,0,245000.0,12.38,725.0,0.0,9.0,47525.0,0
8000.0,7.91,0,75000.0,11.74,765.0,0.0,10.0,14125.0,0
24000.0,15.77,3,83000.0,39.88,665.0,0.0,16.0,10417.0,0
10800.0,13.44,2,30000.0,5.88,670.0,0.0,3.0,4781.0,0
16800.0,24.24,5,65000.0,20.5,665.0,0.0,18.0,3509.0,1
10000.0,10.78,1,30960.0,27.6,685.0,0.0,8.0,8358.0,0
14400.0,9.8,1,70000.0,11.81,770.0,0.0,11.0,1759.0,0
6000.0,9.8,1,58000.0,22.59,670.0,0.0,8.0,8058.0,0
6000.0,14.85,2,53000.0,25.5,665.0,0.0,23.0,10397.0,1
8400.0,11.48,1,51330.0,30.09,685.0,0.0,16.0,21604.0,0
24000.0,7.91,0,200000.0,18.87,695.0,0.0,23.0,50606.0,0
18900.0,16.55,3,52500.0,21.39,675.0,0.0,12.0,27819.0,1
6000.0,5.32,0,60000.0,17.06,690.0,1.0,18.0,6354.0,0
13525.0,16.59,3,88000.0,9.19,660.0,1.0,14.0,5449.0,0
1500.0,13.44,2,96000.0,13.05,660.0,0.0,11.0,23586.0,1
20475.0,20.5,4,60000.0,20.66,680.0,0.0,18.0,43376.0,0
10000.0,7.49,0,60000.0,17.39,700.0,0.0,5.0,22639.0,1
35000.0,26.06,5,116500.0,27.31,665.0,0.0,43.0,50265.0,0
15000.0,13.44,2,70000.0,26.38,715.0,0.0,13.0,11663.0,0
3000.0,17.97,3,36000.0,17.37,670.0,0.0,13.0,2258.0,1
11650.0,11.99,2,35000.0,17.9,685.0,0.0,7.0,4859.0,0
26425.0,9.17,1,110000.0,27.55,735.0,0.0,17.0,44886.0,1
17000.0,11.99,2,61000.0,31.62,750.0,0.0,12.0,9215.0,1
2100.0,13.99,2,50000.0,31.93,695.0,0.0,10.0,19152.0,0
10000.0,8.49,1,80000.0,11.67,685.0,0.0,6.0,7954.0,0
7200.0,12.88,2,70000.0,18.28,670.0,1.0,12.0,9938.0,0
20000.0,12.88,2,56000.0,14.06,660.0,0.0,8.0,16433.0,1
15000.0,16.59,3,80000.0,19.92,670.0,0.0,13.0,14215.0,1
25000.0,9.17,1,76000.0,13.82,670.0,0.0,16.0,21065.0,0
25000.0,9.8,1,114000.0,29.18,725.0,0.0,10.0,18813.0,0
33000.0,26.99,6,75000.0,23.5,675.0,1.0,14.0,26252.0,1
31150.0,22.45,5,82000.0,38.11,670.0,0.0,16.0,20256.0,0
16000.0,8.49,1,115000.0,13.16,705.0,1.0,9.0,7647.0,0
6000.0,9.8,1,40000.0,12.57,720.0,0.0,12.0,9949.0,0
8000.0,8.49,1,80000.0,17.58,705.0,0.0,11.0,11660.0,0
9000.0,7.49,0,46344.0,22.73,695.0,2.0,12.0,8846.0,0
14750.0,19.89,4,41000.0,17.42,685.0,0.0,17.0,11945.0,0
28000.0,9.8,1,140000.0,23.75,700.0,0.0,14.0,36082.0,0
19200.0,9.8,1,106000.0,18.27,740.0,0.0,15.0,26195.0,0
24000.0,19.89,4,134000.0,10.85,685.0,0.0,12.0,15912.0,0
7200.0,11.48,1,99000.0,29.5,710.0,0.0,17.0,54809.0,0
31500.0,15.77,3,63000.0,22.7,685.0,0.0,8.0,35064.0,0
8000.0,9.8,1,220000.0,19.28,670.0,1.0,23.0,36444.0,0
4800.0,13.44,2,45000.0,23.68,670.0,2.0,10.0,4455.0,0
10800.0,13.99,2,40000.0,29.86,690.0,1.0,17.0,7236.0,1
10000.0,9.8,1,40000.0,19.43,705.0,0.0,10.0,5687.0,0
30000.0,11.99,2,102900.0,21.61,670.0,0.0,16.0,28069.0,0
1000.0,11.99,2,83000.0,2.92,690.0,0.0,10.0,5721.0,0
9000.0,7.49,0,100000.0,10.39,710.0,0.0,14.0,11935.0,0
7500.0,8.49,1,77200.0,13.26,670.0,1.0,14.0,6419.0,0
11400.0,5.32,0,158000.0,12.13,790.0,0.0,15.0,21716.0,0
19000.0,9.8,1,52800.0,23.02,705.0,0.0,16.0,22024.0,0
8225.0,14.85,2,54000.0,38.98,705.0,0.0,13.0,12338.0,0
4500.0,14.85,2,42000.0,14.3,695.0,0.0,6.0,4132.0,0
4200.0,10.78,1,15600.0,9.85,725.0,0.0,7.0,1362.0,0
18000.0,6.99,0,78000.0,12.08,725.0,0.0,18.0,17267.0,0
20000.0,11.48,1,78600.0,17.19,675.0,1.0,14.0,12333.0,0
6000.0,9.8,1,76800.0,25.97,675.0,0.0,17.0,26999.0,0
3000.0,11.99,2,70000.0,1.29,715.0,0.0,20.0,1800.0,0
5000.0,5.32,0,60000.0,8.68,780.0,0.0,15.0,2007.0,0
11200.0,8.49,1,64000.0,23.29,690.0,0.0,10.0,25729.0,1
3600.0,10.78,1,52000.0,29.22,675.0,0.0,10.0,5424.0,0
5000.0,6.99,0,99840.0,13.72,740.0,0.0,11.0,1568.0,1
10000.0,10.78,1,55000.0,15.75,665.0,0.0,10.0,7903.0,0
2000.0,11.99,2,47000.0,10.32,700.0,0.0,4.0,6727.0,0
12000.0,10.78,1,55000.0,24.22,665.0,0.0,11.0,10608.0,0
12000.0,11.48,1,93000.0,13.52,690.0,0.0,12.0,17414.0,0
20000.0,7.49,0,55000.0,11.04,745.0,0.0,7.0,9831.0,0
29000.0,19.89,4,80000.0,14.13,725.0,1.0,12.0,2470.0,1
8425.0,12.88,2,39000.0,14.18,675.0,0.0,9.0,2130.0,1
15000.0,11.99,2,70000.0,10.34,675.0,1.0,10.0,16621.0,0
35000.0,17.27,3,160000.0,18.11,700.0,1.0,26.0,12560.0,1
6000.0,5.32,0,75000.0,17.08,680.0,0.0,27.0,9698.0,0
5000.0,11.99,2,52000.0,11.54,695.0,0.0,17.0,9239.0,1
6000.0,10.78,1,43747.0,22.55,660.0,1.0,13.0,1951.0,0
21000.0,9.17,1,122000.0,13.43,720.0,1.0,7.0,37006.0,0
1500.0,7.49,0,80000.0,25.87,690.0,1.0,24.0,9111.0,0
26600.0,25.09,5,70000.0,21.53,670.0,1.0,8.0,9997.0,1
3775.0,11.99,2,17795.0,34.01,675.0,0.0,5.0,3612.0,0
6000.0,17.27,3,55000.0,7.23,670.0,1.0,10.0,7238.0,0
13325.0,17.97,3,29000.0,11.84,725.0,0.0,14.0,10653.0,1
12000.0,14.85,2,36000.0,19.9,690.0,0.0,12.0,18319.0,1
5000.0,5.32,0,68000.0,9.88,735.0,0.0,10.0,22433.0,0
13150.0,7.91,0,59000.0,24.69,740.0,0.0,6.0,16356.0,0
1500.0,9.8,1,93000.0,33.4,705.0,1.0,15.0,73411.0,0
14400.0,18.99,4,85000.0,21.76,670.0,0.0,12.0,12392.0,1
10375.0,16.59,3,55000.0,14.06,730.0,0.0,8.0,4972.0,0
2000.0,11.99,2,75000.0,20.36,670.0,0.0,16.0,10706.0,0
28000.0,11.99,2,98000.0,34.81,705.0,4.0,35.0,45043.0,0
6000.0,17.27,3,125000.0,6.39,680.0,1.0,7.0,2634.0,0
15000.0,6.99,0,60000.0,5.52,755.0,0.0,13.0,9769.0,0
10000.0,11.48,1,55000.0,24.61,675.0,0.0,5.0,10835.0,0
11450.0,13.44,2,32500.0,23.97,680.0,0.0,23.0,16027.0,0
5000.0,11.48,1,83000.0,7.69,660.0,2.0,5.0,2530.0,0
8000.0,11.48,1,152000.0,7.17,685.0,1.0,7.0,5517.0,0
12000.0,7.49,0,66437.0,16.04,685.0,0.0,8.0,12384.0,0
8000.0,13.99,2,49000.0,22.21,670.0,0.0,17.0,9218.0,1
4000.0,9.8,1,105000.0,9.31,725.0,1.0,11.0,1564.0,0
8000.0,9.17,1,90000.0,24.84,710.0,0.0,26.0,24612.0,0
16800.0,16.59,3,40000.0,22.23,675.0,0.0,8.0,16178.0,0
19300.0,8.49,1,42000.0,16.74,760.0,0.0,20.0,17277.0,0
8000.0,12.88,2,58000.0,24.99,710.0,0.0,18.0,1185.0,0
10000.0,7.91,0,95000.0,12.39,685.0,1.0,6.0,6256.0,0
28000.0,17.27,3,100000.0,10.32,695.0,1.0,11.0,12728.0,0
13000.0,11.99,2,112000.0,12.08,720.0,1.0,15.0,5682.0,0
9000.0,11.99,2,64400.4,21.79,690.0,0.0,7.0,14935.0,1
17675.0,21.48,4,40000.0,39.12,720.0,0.0,8.0,11328.0,0
18000.0,11.48,1,106931.0,22.9,660.0,0.0,16.0,17354.0,0
10000.0,8.49,1,60000.0,7.46,675.0,3.0,7.0,3748.0,1
24000.0,17.97,3,70000.0,7.18,710.0,0.0,3.0,7723.0,1
21000.0,7.91,0,125000.0,13.95,725.0,0.0,22.0,66539.0,0
8000.0,16.59,3,39000.0,16.68,660.0,0.0,7.0,7040.0,0
10000.0,6.49,0,35000.0,19.24,765.0,0.0,10.0,7041.0,0
15000.0,7.91,0,55000.0,25.77,705.0,0.0,14.0,11241.0,0
7000.0,9.8,1,50000.0,12.76,715.0,0.0,8.0,8322.0,0
24000.0,7.49,0,200000.0,17.9,715.0,0.0,17.0,24766.0,0
10000.0,13.99,2,45000.0,27.2,680.0,0.0,7.0,119.0,0
10000.0,9.17,1,300000.0,11.94,700.0,0.0,13.0,64664.0,0
7200.0,12.88,2,28000.0,19.25,710.0,0.0,7.0,2730.0,0
8400.0,12.88,2,95000.0,26.33,705.0,0.0,8.0,8867.0,0
7375.0,17.27,3,46000.0,25.15,680.0,0.0,8.0,12726.0,1
10000.0,11.99,2,25000.0,17.41,675.0,1.0,7.0,18713.0,0
12000.0,15.77,3,40000.0,25.98,665.0,0.0,13.0,10967.0,0
10000.0,5.32,0,70000.0,18.76,800.0,0.0,17.0,198.0,0
8800.0,13.99,2,32000.0,20.69,685.0,0.0,9.0,8212.0,1
10900.0,21.48,4,37000.0,34.8,670.0,0.0,8.0,1554.0,0
6000.0,11.99,2,80000.0,22.5,670.0,2.0,13.0,8089.0,1
5600.0,15.77,3,58000.0,28.35,670.0,1.0,16.0,8122.0,0
11000.0,5.32,0,140000.0,8.52,805.0,0.0,13.0,58823.0,0
14000.0,14.85,2,55000.0,29.11,725.0,0.0,15.0,12131.0,1
7000.0,12.88,2,37311.0,10.92,665.0,1.0,11.0,7877.0,0
15000.0,10.78,1,49000.0,4.67,750.0,0.0,8.0,6277.0,0
15950.0,26.06,5,38000.0,28.68,700.0,0.0,10.0,4328.0,0
10800.0,10.78,1,68000.0,25.41,730.0,0.0,13.0,11518.0,0
20000.0,11.99,2,100000.0,14.89,660.0,0.0,7.0,34525.0,1
6000.0,7.91,0,75000.0,21.34,705.0,0.0,19.0,21101.0,0
24300.0,21.48,4,70000.0,34.47,660.0,2.0,27.0,6552.0,1
8000.0,11.48,1,52000.0,21.51,700.0,0.0,14.0,11687.0,0
12000.0,6.49,0,61000.0,12.57,725.0,0.0,10.0,12480.0,0
27000.0,10.78,1,58000.0,14.19,685.0,0.0,15.0,12755.0,1
5400.0,11.48,1,58000.0,27.95,685.0,0.0,14.0,6192.0,0
20000.0,6.49,0,80000.0,9.54,735.0,0.0,10.0,8805.0,0
20000.0,10.78,1,51450.0,27.83,695.0,0.0,8.0,23946.0,0
18000.0,15.77,3,58000.0,20.26,660.0,2.0,9.0,12687.0,1
5000.0,11.48,1,32500.0,31.63,685.0,0.0,7.0,2944.0,0
22400.0,7.91,0,150000.0,4.69,675.0,0.0,13.0,10603.0,0
9000.0,11.99,2,50000.0,15.24,670.0,0.0,16.0,5749.0,0
10000.0,9.8,1,75000.0,15.75,665.0,2.0,12.0,7813.0,0
5000.0,12.88,2,51000.0,11.95,695.0,1.0,10.0,5392.0,0
4000.0,6.99,0,160000.0,8.36,690.0,0.0,16.0,29606.0,0
12000.0,7.91,0,31000.0,25.77,665.0,0.0,11.0,13051.0,0
20000.0,9.17,1,125000.0,14.22,725.0,0.0,16.0,31386.0,0
2150.0,7.91,0,60000.0,6.88,725.0,0.0,7.0,3215.0,0
12000.0,7.91,0,62000.0,19.61,730.0,0.0,19.0,13570.0,0
20000.0,13.44,2,60000.0,16.08,745.0,0.0,4.0,8.0,0
19200.0,5.32,0,60000.0,26.36,685.0,0.0,12.0,27471.0,0
6000.0,10.78,1,49000.0,28.46,675.0,0.0,18.0,1620.0,0
10000.0,8.49,1,50000.0,34.71,695.0,1.0,12.0,8877.0,0
7075.0,17.27,3,72000.0,21.73,680.0,0.0,5.0,2137.0,0
6000.0,17.27,3,33000.0,13.96,710.0,0.0,13.0,353.0,0
20000.0,21.48,4,65000.0,10.23,685.0,0.0,18.0,11735.0,0
8000.0,21.48,4,25000.0,33.08,665.0,0.0,14.0,6539.0,1
20700.0,10.78,1,75000.0,4.83,680.0,1.0,12.0,10537.0,0
6125.0,11.99,2,22000.0,27.87,665.0,0.0,10.0,3307.0,0
6000.0,5.32,0,37000.0,24.75,785.0,0.0,14.0,8703.0,0
20000.0,6.99,0,65000.0,28.19,755.0,0.0,18.0,28078.0,0
15000.0,12.88,2,75000.0,15.7,670.0,0.0,30.0,14245.0,0
11500.0,9.8,1,45000.0,11.6,685.0,0.0,19.0,10942.0,0
35000.0,14.85,2,150000.0,14.12,665.0,2.0,10.0,15748.0,0
25000.0,15.77,3,58000.0,15.27,675.0,1.0,9.0,14535.0,0
12300.0,11.99,2,89439.36,11.62,670.0,3.0,14.0,5984.0,0
6200.0,8.49,1,44800.0,21.06,675.0,0.0,3.0,6424.0,0
10000.0,11.99,2,150000.0,7.6,675.0,0.0,16.0,27786.0,0
5000.0,10.78,1,60000.0,32.02,700.0,0.0,16.0,10964.0,0
25000.0,17.97,3,70560.0,28.61,675.0,0.0,17.0,23648.0,0
10200.0,8.49,1,75000.0,13.86,735.0,0.0,24.0,19485.0,0
20000.0,11.48,1,87000.0,16.88,675.0,0.0,9.0,10184.0,0
11000.0,9.17,1,175000.0,16.83,675.0,0.0,17.0,30199.0,0
15000.0,7.49,0,80000.0,11.74,745.0,0.0,10.0,16800.0,0
21000.0,12.88,2,86500.0,23.36,740.0,0.0,19.0,12721.0,0
2550.0,15.77,3,70000.0,8.28,680.0,0.0,7.0,2138.0,0
12000.0,9.8,1,48500.0,28.95,675.0,0.0,10.0,4748.0,0
35000.0,9.8,1,120000.0,14.75,695.0,0.0,7.0,65329.0,0
5000.0,13.99,2,58000.0,3.81,665.0,0.0,7.0,4664.0,0
20000.0,9.17,1,70000.0,27.76,745.0,0.0,16.0,31709.0,0
11200.0,10.78,1,60000.0,9.14,720.0,1.0,16.0,8247.0,0
10000.0,9.17,1,70000.0,17.85,665.0,0.0,6.0,1505.0,0
12500.0,6.49,0,160000.0,11.53,825.0,0.0,13.0,182884.0,0
13000.0,9.8,1,39000.0,8.74,730.0,0.0,6.0,573.0,0
8000.0,5.32,0,22000.0,20.24,730.0,0.0,11.0,8068.0,0
9000.0,14.85,2,51000.0,10.59,660.0,0.0,12.0,8105.0,1
14400.0,9.17,1,168000.0,8.88,670.0,0.0,6.0,20483.0,0
15000.0,9.8,1,85000.0,16.81,665.0,0.0,23.0,16455.0,0
20000.0,8.49,1,58000.0,31.78,740.0,0.0,17.0,15091.0,0
18000.0,9.8,1,150000.0,13.79,695.0,2.0,9.0,10247.0,1
28000.0,16.59,3,80000.0,16.46,680.0,1.0,11.0,25421.0,0
18725.0,23.13,5,45000.0,21.79,710.0,0.0,9.0,4294.0,0
10400.0,5.32,0,40000.0,7.8,700.0,0.0,8.0,10515.0,0
9600.0,11.99,2,60000.0,22.58,695.0,0.0,11.0,8226.0,0
18275.0,15.77,3,45000.0,32.86,680.0,0.0,18.0,11084.0,0
15925.0,23.13,5,65000.0,19.46,670.0,0.0,12.0,9839.0,0
28000.0,6.99,0,252000.0,5.58,720.0,0.0,4.0,30556.0,0
3000.0,17.27,3,28488.0,17.48,665.0,1.0,8.0,9133.0,0
25000.0,11.99,2,90000.0,18.11,695.0,0.0,12.0,16385.0,0
7500.0,8.49,1,70000.0,10.63,665.0,0.0,7.0,8182.0,0
10000.0,9.8,1,90000.0,3.83,660.0,0.0,5.0,8411.0,0
35000.0,13.99,2,190000.0,13.18,675.0,0.0,9.0,38454.0,0
20000.0,7.91,0,122000.0,19.6,680.0,1.0,10.0,19441.0,0
10500.0,8.49,1,70000.0,26.68,680.0,0.0,14.0,10059.0,0
35000.0,17.86,3,100000.0,12.14,665.0,0.0,10.0,17312.0,1
15000.0,11.48,1,127000.0,28.48,680.0,0.0,20.0,67690.0,0
8950.0,18.49,3,65000.0,35.06,685.0,0.0,18.0,27233.0,1
12000.0,15.77,3,33500.0,6.06,675.0,0.0,5.0,6409.0,1
12800.0,5.32,0,61500.0,27.4,720.0,0.0,15.0,26954.0,1
16000.0,13.99,2,83000.0,34.93,680.0,0.0,23.0,75858.0,0
20000.0,17.27,3,65000.0,29.21,670.0,0.0,11.0,3449.0,0
20000.0,9.17,1,100000.0,26.37,670.0,0.0,23.0,25246.0,0
7000.0,13.99,2,52000.0,33.37,660.0,0.0,11.0,35910.0,0
35000.0,10.78,1,102000.0,17.2,785.0,0.0,18.0,19830.0,1
9575.0,13.44,2,62000.0,32.93,715.0,0.0,8.0,8673.0,0
19300.0,11.48,1,45000.0,23.07,715.0,0.0,17.0,9173.0,0
28000.0,7.91,0,81185.0,18.92,720.0,0.0,12.0,33335.0,1
35000.0,13.44,2,150000.0,9.73,700.0,0.0,11.0,30188.0,0
22000.0,6.99,0,84000.0,23.48,720.0,4.0,15.0,11916.0,0
19800.0,13.99,2,110000.0,8.35,680.0,1.0,11.0,2926.0,1
24000.0,7.91,0,80000.0,22.91,715.0,0.0,15.0,68422.0,0
13000.0,11.99,2,44000.0,13.78,695.0,0.0,15.0,12202.0,1
35000.0,19.89,4,100000.0,22.7,740.0,0.0,5.0,2787.0,1
3975.0,17.27,3,43000.0,34.3,705.0,0.0,10.0,11294.0,0
25000.0,7.49,0,130000.0,12.83,700.0,0.0,15.0,43438.0,0
3475.0,19.48,4,23000.0,34.08,705.0,0.0,13.0,6608.0,0
15000.0,13.44,2,42000.0,28.2,690.0,0.0,16.0,7954.0,0
4200.0,9.8,1,130000.0,6.8,820.0,0.0,9.0,1598.0,0
23000.0,17.27,3,50000.0,32.41,680.0,2.0,19.0,17390.0,0
12500.0,9.17,1,47553.0,17.39,720.0,0.0,19.0,8962.0,0
5000.0,11.99,2,30000.0,22.04,690.0,1.0,14.0,3600.0,0
2000.0,9.17,1,145000.0,16.44,670.0,0.0,19.0,28907.0,0
14400.0,8.49,1,55000.0,25.64,665.0,1.0,22.0,15485.0,0
18000.0,6.99,0,430000.0,19.62,705.0,0.0,23.0,164536.0,0
20000.0,13.44,2,97000.0,26.5,690.0,0.0,28.0,20308.0,0
32725.0,28.99,6,75000.0,19.85,670.0,3.0,17.0,3303.0,1
35000.0,9.8,1,102000.0,8.32,725.0,0.0,7.0,15093.0,0
7175.0,15.77,3,24960.0,13.7,680.0,0.0,13.0,5952.0,0
9000.0,9.17,1,57600.0,17.29,665.0,0.0,9.0,8130.0,0
11000.0,13.99,2,50000.0,16.03,660.0,0.0,11.0,11256.0,0
5000.0,8.49,1,45000.0,2.93,675.0,0.0,5.0,3121.0,0
27000.0,14.85,2,150000.0,22.68,675.0,0.0,18.0,27479.0,0
9000.0,12.88,2,26500.0,20.39,705.0,0.0,8.0,389.0,0
12000.0,19.89,4,105000.0,27.85,675.0,0.0,25.0,11657.0,1
10000.0,14.85,2,27000.0,25.91,695.0,0.0,9.0,3806.0,1
10000.0,8.49,1,85000.0,15.25,665.0,0.0,9.0,8480.0,1
25000.0,14.85,2,125000.0,14.71,670.0,2.0,8.0,20184.0,0
20000.0,14.85,2,75000.0,11.68,670.0,0.0,8.0,5748.0,1
3000.0,12.88,2,52201.91,14.85,675.0,0.0,8.0,8824.0,0
6000.0,11.48,1,70000.0,23.98,675.0,0.0,13.0,11247.0,0
10000.0,14.85,2,28000.0,8.32,665.0,0.0,4.0,6167.0,1
32000.0,9.17,1,125000.0,11.7,690.0,0.0,18.0,75512.0,0
22400.0,6.49,0,115000.0,12.0,815.0,0.0,22.0,6042.0,0
18000.0,9.8,1,75000.0,17.12,715.0,0.0,25.0,19898.0,1
12000.0,11.48,1,242000.0,18.35,670.0,0.0,14.0,72455.0,0
25000.0,7.91,0,75000.0,27.76,720.0,0.0,16.0,23362.0,0
4800.0,13.99,2,100000.0,28.21,720.0,0.0,13.0,61500.0,0
10800.0,9.17,1,47000.0,5.98,670.0,1.0,6.0,7527.0,0
20800.0,11.99,2,141000.0,18.23,675.0,0.0,16.0,23155.0,1
24000.0,11.48,1,65000.0,30.39,680.0,0.0,19.0,46306.0,0
8000.0,10.78,1,100000.0,17.2,670.0,1.0,9.0,57856.0,0
10775.0,19.89,4,24500.0,24.89,680.0,0.0,7.0,12341.0,1
14000.0,6.49,0,42000.0,19.17,715.0,0.0,9.0,7997.0,0
35000.0,9.17,1,83000.0,23.73,685.0,0.0,22.0,14898.0,0
13200.0,6.99,0,90000.0,30.61,750.0,1.0,15.0,39011.0,0
21600.0,5.32,0,70000.0,21.38,730.0,1.0,14.0,9742.0,0
7500.0,10.78,1,34000.0,15.64,705.0,0.0,6.0,3385.0,0
5000.0,11.99,2,60900.0,34.01,660.0,1.0,12.0,4539.0,1
17000.0,9.17,1,75000.0,7.55,700.0,0.0,10.0,16896.0,0
10000.0,6.49,0,62400.0,19.75,720.0,0.0,12.0,10564.0,0
16800.0,7.91,0,140000.0,10.57,695.0,0.0,7.0,25271.0,1
12000.0,17.97,3,71400.0,37.48,665.0,0.0,20.0,69713.0,0
15000.0,13.44,2,55000.0,11.63,710.0,0.0,9.0,8806.0,0
18000.0,11.48,1,70000.0,22.33,680.0,0.0,10.0,12065.0,0
13450.0,22.45,5,40000.0,29.43,680.0,0.0,10.0,22562.0,1
5000.0,9.17,1,45000.0,15.47,660.0,3.0,10.0,11099.0,0
9000.0,6.49,0,60000.0,17.52,695.0,0.0,7.0,6521.0,0
10000.0,17.27,3,50000.0,33.35,700.0,0.0,13.0,6592.0,0
10800.0,17.97,3,72000.0,36.07,675.0,0.0,19.0,5621.0,0
16000.0,12.88,2,160000.0,31.57,685.0,0.0,19.0,26978.0,0
10000.0,7.49,0,35000.0,18.11,705.0,0.0,7.0,8932.0,0
12300.0,11.99,2,28000.0,29.58,705.0,1.0,25.0,16976.0,0
10500.0,14.85,2,25000.0,13.42,665.0,0.0,9.0,10631.0,1
20000.0,13.44,2,42000.0,32.8,660.0,0.0,10.0,24477.0,0
15000.0,10.78,1,37000.0,26.69,695.0,0.0,11.0,11484.0,0
9150.0,9.8,1,52000.0,6.77,735.0,0.0,9.0,8774.0,0
16750.0,16.59,3,64296.0,17.45,660.0,0.0,12.0,9068.0,1
30000.0,19.89,4,100000.0,12.41,690.0,0.0,11.0,15687.0,0
15000.0,11.48,1,65000.0,23.73,690.0,0.0,9.0,9036.0,0
20000.0,7.49,0,51136.0,38.63,715.0,0.0,9.0,43903.0,0
3000.0,17.27,3,85000.0,4.64,715.0,0.0,3.0,378.0,0
1600.0,16.59,3,45000.0,28.24,665.0,0.0,17.0,10425.0,0
2400.0,17.97,3,25000.0,16.03,685.0,0.0,11.0,1636.0,0
19200.0,18.99,4,230000.0,9.27,665.0,1.0,7.0,9.0,1
20400.0,6.99,0,152000.0,10.11,700.0,0.0,8.0,14007.0,0
8000.0,7.91,0,40000.0,21.45,720.0,0.0,8.0,7716.0,0
1800.0,19.48,4,20832.0,32.09,680.0,1.0,6.0,12390.0,0
30000.0,12.88,2,136000.0,26.75,715.0,0.0,12.0,16911.0,0
21000.0,11.99,2,50000.0,21.38,695.0,0.0,8.0,7988.0,0
35000.0,8.49,1,70000.0,31.63,730.0,0.0,9.0,37239.0,0
15000.0,7.49,0,56000.0,32.77,710.0,0.0,13.0,5498.0,0
18000.0,12.88,2,135000.0,23.44,685.0,0.0,13.0,38270.0,0
21550.0,19.48,4,65000.0,21.96,670.0,0.0,7.0,17964.0,1
15000.0,9.17,1,45000.0,20.83,700.0,0.0,12.0,10241.0,0
4250.0,14.85,2,29000.0,16.72,765.0,0.0,9.0,1099.0,1
26400.0,13.99,2,60000.0,37.92,750.0,0.0,10.0,15257.0,0
7000.0,7.49,0,38000.0,15.7,680.0,0.0,7.0,5083.0,0
14400.0,15.77,3,40000.0,36.93,670.0,0.0,9.0,15075.0,0
28000.0,6.99,0,600000.0,7.77,745.0,0.0,14.0,35586.0,0
7450.0,9.17,1,53490.0,24.61,700.0,0.0,16.0,7063.0,0
11000.0,11.48,1,36000.0,11.2,670.0,0.0,12.0,6368.0,0
21000.0,5.32,0,55000.0,25.13,710.0,1.0,15.0,26651.0,0
8000.0,9.8,1,60000.0,4.98,705.0,0.0,15.0,5762.0,0
6500.0,10.78,1,35000.0,12.14,670.0,0.0,10.0,6274.0,0
5500.0,7.91,0,49500.0,14.19,705.0,0.0,19.0,20157.0,0
21000.0,10.78,1,59000.0,26.02,720.0,0.0,16.0,26434.0,1
20000.0,7.49,0,130000.0,13.5,715.0,0.0,16.0,29759.0,0
7000.0,11.48,1,78000.0,20.26,705.0,0.0,14.0,5859.0,0
7425.0,17.27,3,75000.0,16.21,690.0,0.0,10.0,3019.0,1
5000.0,14.85,2,53000.0,22.72,670.0,0.0,26.0,23790.0,0
15000.0,9.8,1,100350.0,8.6,705.0,0.0,8.0,11115.0,0
6800.0,11.99,2,20000.0,3.0,755.0,0.0,2.0,118.0,1
6000.0,13.44,2,31000.0,6.47,660.0,0.0,8.0,5027.0,0
35000.0,17.97,3,80000.0,17.94,715.0,0.0,6.0,31975.0,0
20000.0,8.49,1,175000.0,17.51,665.0,0.0,10.0,70025.0,0
15000.0,7.49,0,115000.0,8.98,705.0,2.0,13.0,10689.0,0
12950.0,18.99,4,36000.0,27.93,685.0,0.0,21.0,6665.0,0
18000.0,14.85,2,66000.0,30.02,670.0,0.0,20.0,12635.0,1
17100.0,16.59,3,72000.0,23.63,715.0,0.0,7.0,6716.0,1
12000.0,6.49,0,117000.0,23.83,685.0,0.0,18.0,12033.0,0
15000.0,7.49,0,68201.0,14.99,710.0,0.0,4.0,9442.0,0
12000.0,5.32,0,56000.0,16.67,740.0,0.0,9.0,12083.0,0
18000.0,10.78,1,38000.0,30.92,700.0,0.0,25.0,21053.0,1
5000.0,9.17,1,125000.0,28.45,685.0,1.0,15.0,31537.0,1
5000.0,12.88,2,80000.0,18.05,680.0,0.0,18.0,11959.0,0
13200.0,22.45,5,41300.0,30.08,700.0,0.0,12.0,8007.0,1
4200.0,17.27,3,106000.0,5.19,670.0,4.0,5.0,6.0,1
25000.0,9.8,1,142000.0,13.62,705.0,0.0,22.0,36997.0,0
30000.0,9.8,1,99933.34,17.08,670.0,0.0,6.0,30358.0,0
7500.0,5.32,0,112000.0,6.24,730.0,0.0,12.0,15159.0,0
4900.0,18.49,3,35000.0,21.95,670.0,0.0,7.0,9657.0,0
12225.0,15.77,3,55000.0,8.27,735.0,0.0,5.0,3765.0,0
14000.0,19.48,4,40280.0,24.88,665.0,0.0,7.0,5959.0,0
28000.0,11.99,2,135000.0,17.01,675.0,3.0,11.0,27338.0,0
18650.0,17.27,3,37300.0,16.12,665.0,0.0,12.0,21641.0,1
9600.0,9.17,1,53000.0,29.39,790.0,0.0,19.0,8161.0,0
6000.0,9.17,1,65000.0,10.43,670.0,2.0,15.0,9012.0,0
3750.0,16.59,3,30000.0,18.88,705.0,0.0,7.0,1174.0,0
5000.0,13.44,2,35500.0,18.73,680.0,0.0,9.0,4932.0,0
7000.0,6.49,0,52000.0,8.14,685.0,0.0,5.0,4297.0,0
30000.0,21.48,4,60000.0,5.32,775.0,0.0,7.0,8120.0,0
12000.0,9.17,1,48000.0,19.65,665.0,0.0,17.0,8197.0,0
1200.0,10.78,1,20316.0,29.89,730.0,0.0,8.0,2416.0,0
20000.0,22.45,5,80000.0,9.05,680.0,0.0,4.0,2663.0,1
20000.0,12.88,2,100000.0,21.41,680.0,0.0,7.0,20891.0,0
16000.0,9.8,1,207000.0,12.07,660.0,4.0,9.0,14689.0,1
6300.0,18.49,3,30000.0,13.4,665.0,0.0,7.0,6883.0,0
14000.0,11.99,2,104000.0,7.59,665.0,0.0,6.0,16479.0,0
20000.0,10.78,1,43680.0,18.74,715.0,0.0,9.0,21217.0,0
6000.0,12.88,2,55000.0,19.38,695.0,0.0,3.0,5871.0,0
3000.0,13.99,2,16152.0,18.64,660.0,0.0,10.0,4482.0,0
10000.0,17.97,3,34500.0,35.23,670.0,0.0,15.0,15573.0,0
6000.0,6.49,0,72000.0,25.08,750.0,1.0,8.0,12870.0,0
25000.0,7.49,0,100000.0,29.15,705.0,0.0,16.0,18023.0,0
28000.0,9.8,1,108000.0,8.82,700.0,1.0,16.0,28425.0,0
16000.0,13.99,2,56000.0,18.17,690.0,0.0,7.0,3596.0,1
16000.0,8.49,1,102000.0,35.88,725.0,1.0,12.0,17902.0,1
6000.0,7.49,0,31000.0,4.76,760.0,0.0,4.0,5504.0,0
12000.0,13.44,2,50000.0,21.32,665.0,3.0,11.0,10034.0,1
15000.0,13.99,2,110000.0,15.66,700.0,0.0,14.0,25113.0,0
1000.0,13.99,2,30000.0,29.8,705.0,0.0,13.0,10220.0,0
24000.0,8.49,1,210000.0,14.85,695.0,0.0,14.0,61721.0,0
14825.0,19.89,4,60000.0,33.44,665.0,1.0,9.0,1517.0,1
10000.0,11.48,1,49000.0,21.7,675.0,0.0,10.0,4461.0,0
30000.0,13.99,2,65056.0,17.56,680.0,1.0,10.0,2706.0,1
20000.0,15.77,3,63000.0,25.39,695.0,2.0,11.0,3010.0,1
35000.0,9.8,1,95000.0,3.2,745.0,0.0,9.0,7261.0,0
1200.0,17.27,3,28000.0,16.8,675.0,1.0,8.0,1737.0,0
5925.0,17.97,3,23000.0,17.28,660.0,0.0,7.0,3317.0,0
10800.0,14.85,2,45000.0,12.27,695.0,0.0,7.0,18349.0,0
12000.0,5.32,0,65000.0,21.03,685.0,0.0,12.0,7122.0,0
10000.0,13.99,2,90000.0,5.89,695.0,0.0,5.0,5102.0,0
22000.0,7.49,0,92000.0,13.94,705.0,0.0,24.0,21456.0,0
6000.0,10.78,1,81000.0,1.9,690.0,0.0,6.0,3692.0,0
24000.0,6.99,0,90000.0,24.48,780.0,0.0,11.0,17028.0,0
13000.0,6.99,0,48000.0,25.53,735.0,0.0,14.0,13863.0,0
12000.0,5.32,0,100000.0,10.4,765.0,0.0,11.0,5595.0,0
8175.0,13.99,2,24000.0,3.95,675.0,0.0,2.0,3355.0,0
12000.0,8.49,1,75000.0,28.86,770.0,0.0,17.0,22062.0,0
20000.0,11.48,1,140000.0,22.92,675.0,0.0,11.0,9065.0,1
9500.0,16.59,3,21600.0,35.53,675.0,0.0,9.0,17173.0,1
5000.0,5.32,0,42000.0,20.0,755.0,0.0,8.0,14532.0,0
2000.0,11.99,2,85000.0,7.72,735.0,0.0,7.0,0.0,1
8000.0,11.48,1,52000.0,30.09,680.0,2.0,6.0,173.0,0
16000.0,10.64,1,62000.0,15.95,695.0,1.0,14.0,14939.0,0
25000.0,8.49,1,100000.0,19.56,710.0,1.0,16.0,20788.0,0
4600.0,17.97,3,15396.0,2.96,790.0,0.0,6.0,90.0,1
24800.0,13.99,2,58200.0,27.19,660.0,0.0,22.0,37336.0,0
10000.0,9.17,1,70000.0,6.33,680.0,0.0,10.0,16473.0,0
22000.0,11.99,2,55000.0,8.68,685.0,0.0,4.0,4871.0,0
9600.0,11.48,1,80000.0,12.03,675.0,0.0,18.0,30531.0,1
2000.0,14.85,2,30000.0,20.6,680.0,0.0,4.0,3701.0,0
3650.0,13.44,2,70000.0,13.8,700.0,0.0,19.0,27666.0,0
16625.0,23.13,5,46200.0,21.58,660.0,1.0,12.0,12546.0,1
32000.0,14.85,2,80000.0,12.8,710.0,0.0,13.0,10343.0,1
10000.0,22.45,5,37000.0,32.47,675.0,0.0,16.0,33939.0,0
10000.0,9.8,1,48000.0,24.33,710.0,0.0,6.0,555.0,0
10500.0,13.99,2,38000.0,21.0,665.0,0.0,11.0,10163.0,0
9000.0,10.78,1,36500.0,27.39,665.0,0.0,18.0,11630.0,0
16000.0,6.99,0,125000.0,9.74,695.0,0.0,10.0,24645.0,1
30000.0,9.8,1,100000.0,20.82,710.0,0.0,14.0,24829.0,0
26425.0,6.49,0,52874.0,2.81,820.0,0.0,10.0,5788.0,1
4000.0,11.48,1,44000.0,14.46,670.0,0.0,8.0,16229.0,1
8000.0,8.49,1,150000.0,33.01,690.0,1.0,25.0,61262.0,0
9600.0,6.49,0,102000.0,14.09,730.0,0.0,13.0,29854.0,0
8000.0,11.99,2,127963.0,25.13,685.0,0.0,16.0,29607.0,0
18000.0,13.99,2,71500.0,16.2,705.0,0.0,15.0,19222.0,0
16000.0,9.17,1,50000.0,19.96,720.0,0.0,15.0,11339.0,0
7200.0,12.88,2,75000.0,18.08,685.0,0.0,15.0,12923.0,0
35000.0,11.99,2,150000.0,13.6,660.0,0.0,8.0,24007.0,0
23000.0,5.32,0,58835.0,26.62,735.0,0.0,12.0,24073.0,0
5000.0,9.17,1,150000.0,2.95,680.0,0.0,7.0,10776.0,0
9700.0,17.97,3,40000.0,20.97,670.0,0.0,25.0,8844.0,1
20000.0,15.77,3,72000.0,6.17,665.0,1.0,14.0,10133.0,0
20000.0,15.77,3,60000.0,9.02,685.0,0.0,6.0,195.0,0
25000.0,13.44,2,144993.0,15.85,690.0,0.0,12.0,23455.0,0
25000.0,17.27,3,50000.0,19.21,680.0,0.0,14.0,12512.0,1
20000.0,7.91,0,132000.0,24.67,715.0,0.0,16.0,22003.0,0
10000.0,14.85,2,45000.0,19.78,695.0,0.0,17.0,3562.0,0
4200.0,18.49,3,45000.0,20.13,670.0,0.0,6.0,16493.0,0
16725.0,23.13,5,68190.0,30.14,660.0,0.0,17.0,35370.0,0
18075.0,13.99,2,70000.0,25.32,710.0,0.0,10.0,4294.0,0
12000.0,10.78,1,136000.0,15.11,670.0,1.0,17.0,2450.0,0
7500.0,8.49,1,42500.0,9.74,735.0,0.0,6.0,3357.0,0
25000.0,6.49,0,80000.0,11.99,705.0,0.0,19.0,62041.0,0
28000.0,7.91,0,165000.0,14.91,755.0,0.0,17.0,30061.0,0
11000.0,9.17,1,32000.0,13.73,670.0,0.0,9.0,10643.0,0
3400.0,12.88,2,54800.0,12.11,680.0,0.0,8.0,8371.0,1
8050.0,18.49,3,16114.0,26.23,690.0,0.0,4.0,5595.0,1
10000.0,11.48,1,85000.0,22.91,685.0,0.0,12.0,13373.0,0
20000.0,11.48,1,60000.0,26.42,675.0,0.0,7.0,20616.0,0
7000.0,7.91,0,70000.0,6.94,700.0,1.0,4.0,34837.0,0
12000.0,5.32,0,100000.0,19.67,810.0,0.0,17.0,3338.0,1
35000.0,7.49,0,250000.0,13.05,715.0,0.0,12.0,22323.0,0
15000.0,11.99,2,61000.0,17.61,700.0,0.0,10.0,11506.0,1
35000.0,13.44,2,175000.0,18.36,665.0,2.0,9.0,104635.0,1
9500.0,7.91,0,65000.0,21.86,685.0,0.0,15.0,13584.0,0
3000.0,13.44,2,15500.0,20.68,675.0,0.0,7.0,2905.0,0
9000.0,10.78,1,26000.0,12.0,665.0,1.0,7.0,8190.0,0
16000.0,9.17,1,70000.0,8.71,670.0,0.0,13.0,12295.0,0
10000.0,7.49,0,60000.0,20.18,680.0,0.0,9.0,12658.0,1
6100.0,11.48,1,75000.0,15.04,695.0,1.0,15.0,12006.0,0
35000.0,17.27,3,106000.0,13.52,665.0,0.0,8.0,34844.0,0
25000.0,18.99,4,80000.0,13.62,740.0,0.0,15.0,25047.0,0
16000.0,11.99,2,97000.0,24.35,690.0,0.0,17.0,22612.0,1
15000.0,12.88,2,44952.0,23.89,690.0,0.0,16.0,13364.0,1
10000.0,8.49,1,70000.0,1.65,670.0,0.0,8.0,3138.0,1
15725.0,11.48,1,60000.0,27.96,725.0,0.0,24.0,12608.0,1
5000.0,10.78,1,30000.0,22.24,665.0,0.0,6.0,10056.0,0
16000.0,10.78,1,90000.0,15.36,660.0,0.0,19.0,12000.0,0
24000.0,7.91,0,95000.0,13.11,675.0,0.0,10.0,27017.0,0
10000.0,12.88,2,39400.0,32.44,715.0,0.0,7.0,6070.0,0
30000.0,13.44,2,130000.0,19.36,670.0,1.0,9.0,18428.0,0
4000.0,9.17,1,21000.0,12.59,705.0,1.0,11.0,4166.0,0
24000.0,13.99,2,82000.0,25.71,710.0,0.0,23.0,29692.0,1
10000.0,5.32,0,85000.0,16.87,715.0,0.0,10.0,29207.0,0
3600.0,7.49,0,55000.0,11.06,690.0,1.0,5.0,5505.0,1
8000.0,11.48,1,65000.0,24.5,670.0,0.0,17.0,8498.0,0
15375.0,17.97,3,55000.0,21.91,665.0,1.0,13.0,14526.0,0
5000.0,6.49,0,40000.0,14.94,705.0,0.0,9.0,1580.0,0
8000.0,6.49,0,41000.0,8.17,690.0,0.0,9.0,9517.0,0
20625.0,18.99,4,110000.0,19.29,675.0,0.0,5.0,2024.0,1
10000.0,11.99,2,60000.0,14.54,675.0,0.0,15.0,21565.0,1
21000.0,5.32,0,90156.0,34.77,780.0,0.0,20.0,1534.0,0
10500.0,13.44,2,25000.0,27.84,660.0,0.0,6.0,5414.0,0
30000.0,10.78,1,90000.0,17.43,660.0,0.0,13.0,62843.0,0
3000.0,8.49,1,75000.0,10.64,680.0,0.0,10.0,28533.0,0
12000.0,5.32,0,100000.0,19.33,805.0,0.0,19.0,21306.0,0
16000.0,7.91,0,115000.0,13.73,720.0,0.0,17.0,13881.0,0
24025.0,11.99,2,125000.0,14.89,690.0,0.0,13.0,17630.0,0
23225.0,8.49,1,80000.0,13.22,730.0,0.0,10.0,14036.0,0
6000.0,8.49,1,37000.0,16.02,685.0,0.0,12.0,14390.0,0
14400.0,12.88,2,107325.0,33.17,715.0,0.0,28.0,13895.0,0
8400.0,9.17,1,100000.0,8.0,660.0,0.0,10.0,6380.0,0
15000.0,12.88,2,72000.0,21.23,675.0,0.0,11.0,35243.0,1
21000.0,13.44,2,80256.0,12.29,690.0,0.0,9.0,27456.0,0
5000.0,14.85,2,62000.0,36.8,660.0,0.0,9.0,3821.0,0
16000.0,11.48,1,130000.0,10.53,690.0,0.0,15.0,8481.0,1
15600.0,10.78,1,120000.0,7.4,660.0,0.0,9.0,2692.0,1
19800.0,16.59,3,115000.0,8.22,700.0,0.0,10.0,10479.0,0
24000.0,7.49,0,80000.0,9.24,730.0,0.0,12.0,10849.0,0
9700.0,22.45,5,27000.0,26.04,670.0,0.0,8.0,6726.0,0
18000.0,13.44,2,56000.0,27.2,715.0,0.0,9.0,8318.0,0
13000.0,8.49,1,89000.0,10.45,665.0,0.0,6.0,20635.0,0
31750.0,19.89,4,92000.0,28.89,675.0,0.0,13.0,12090.0,0
16000.0,6.99,0,150000.0,12.18,695.0,1.0,11.0,13766.0,0
16000.0,6.99,0,65000.0,12.48,735.0,0.0,8.0,15342.0,0
18900.0,13.44,2,43000.0,23.36,700.0,0.0,13.0,5340.0,0
15000.0,11.99,2,120000.0,17.3,710.0,0.0,16.0,16155.0,0
15000.0,6.99,0,40000.0,11.4,765.0,1.0,13.0,3058.0,0
16800.0,18.99,4,89000.0,34.28,670.0,0.0,14.0,12100.0,1
6000.0,7.49,0,75000.0,17.37,695.0,0.0,8.0,43075.0,0
26000.0,7.91,0,75000.0,19.44,775.0,0.0,25.0,15235.0,0
11000.0,10.78,1,30000.0,17.44,705.0,0.0,12.0,14312.0,0
8000.0,6.49,0,60000.0,24.28,690.0,1.0,11.0,20605.0,0
7900.0,12.88,2,18000.0,15.2,690.0,1.0,5.0,8164.0,0
13725.0,17.27,3,31200.0,33.46,705.0,0.0,6.0,5273.0,1
27000.0,6.49,0,71000.0,14.29,725.0,0.0,21.0,23488.0,0
18000.0,6.99,0,115000.0,8.24,685.0,1.0,10.0,15868.0,0
16000.0,7.91,0,150000.0,13.62,715.0,0.0,18.0,34189.0,0
5000.0,13.99,2,33500.0,35.18,700.0,0.0,21.0,2450.0,0
2200.0,9.8,1,40000.0,15.06,710.0,0.0,12.0,6923.0,1
10000.0,9.8,1,123000.0,8.56,690.0,0.0,14.0,5317.0,0
10000.0,14.85,2,44000.0,26.48,740.0,0.0,26.0,26145.0,0
8000.0,14.85,2,40000.0,20.85,680.0,0.0,5.0,6436.0,0
6000.0,7.49,0,40000.0,14.29,710.0,1.0,4.0,823.0,0
2800.0,9.17,1,36000.0,13.9,700.0,0.0,8.0,15746.0,0
25000.0,13.99,2,73000.0,25.04,710.0,0.0,15.0,42304.0,0
19200.0,19.89,4,75000.0,8.96,695.0,0.0,9.0,9250.0,0
15400.0,23.13,5,35000.0,24.04,695.0,0.0,21.0,9998.0,1
5000.0,14.85,2,26880.0,21.16,695.0,0.0,10.0,2260.0,1
16200.0,13.99,2,65000.0,21.94,665.0,0.0,12.0,14996.0,1
30000.0,20.5,4,227698.0,11.3,690.0,1.0,17.0,16083.0,1
7500.0,9.17,1,30000.0,21.48,700.0,0.0,14.0,8909.0,0
15000.0,15.77,3,79950.0,24.05,695.0,0.0,16.0,4644.0,1
15700.0,11.99,2,61000.0,15.64,705.0,1.0,19.0,16093.0,0
13300.0,21.48,4,37000.0,17.61,690.0,0.0,16.0,18152.0,0
6500.0,13.44,2,41000.0,21.12,690.0,2.0,16.0,9072.0,0
7100.0,18.49,3,58000.0,27.97,670.0,0.0,19.0,4024.0,1
10000.0,11.99,2,118000.0,20.48,660.0,0.0,18.0,21945.0,0
16300.0,7.49,0,100000.0,12.02,715.0,0.0,10.0,13914.0,0
12000.0,16.59,3,52000.0,23.33,675.0,0.0,11.0,3778.0,1
14000.0,13.99,2,43000.0,29.53,665.0,2.0,15.0,1366.0,1
6000.0,7.49,0,92000.0,12.03,685.0,1.0,6.0,15326.0,0
24000.0,16.59,3,109000.0,32.05,685.0,0.0,18.0,22517.0,1
30800.0,18.49,3,65000.0,35.56,745.0,0.0,18.0,25397.0,0
17000.0,13.99,2,80000.0,18.2,665.0,0.0,18.0,13754.0,1
6000.0,5.32,0,99000.0,13.1,805.0,0.0,21.0,5005.0,0
34750.0,18.49,3,79000.0,38.74,670.0,0.0,17.0,21328.0,0
20000.0,11.48,1,46000.0,25.1,705.0,0.0,11.0,25936.0,0
5000.0,12.88,2,50000.0,6.96,730.0,0.0,14.0,3179.0,0
11000.0,10.78,1,39000.0,12.74,670.0,0.0,16.0,8108.0,0
30000.0,13.44,2,104000.0,16.04,660.0,2.0,7.0,19668.0,0
8000.0,5.32,0,48000.0,12.65,700.0,0.0,18.0,1212.0,0
1000.0,14.85,2,44000.0,20.16,660.0,0.0,11.0,13012.0,0
6000.0,8.49,1,65000.0,3.31,670.0,0.0,4.0,4352.0,0
12000.0,9.8,1,50000.0,26.62,705.0,0.0,22.0,36406.0,0
3000.0,11.99,2,75000.0,7.25,665.0,0.0,7.0,3601.0,0
8650.0,17.97,3,60000.0,17.66,700.0,0.0,12.0,4018.0,1
15000.0,10.78,1,88000.0,20.07,700.0,1.0,7.0,25632.0,0
5000.0,8.49,1,115000.0,21.91,690.0,0.0,31.0,53750.0,0
8000.0,14.85,2,110000.0,28.62,690.0,0.0,13.0,59172.0,0
22400.0,10.78,1,70000.0,17.75,690.0,0.0,12.0,20299.0,0
6000.0,9.17,1,30000.0,16.19,700.0,0.0,10.0,4455.0,0
10400.0,13.99,2,34000.0,16.81,685.0,0.0,5.0,6909.0,1
8000.0,8.49,1,39000.0,12.71,680.0,1.0,5.0,8104.0,0
32475.0,18.99,4,65000.0,43.98,735.0,0.0,9.0,12781.0,0
24000.0,14.85,2,66000.0,6.02,675.0,0.0,10.0,15990.0,0
10200.0,7.91,0,130000.0,16.04,685.0,3.0,10.0,2319.0,0
15000.0,9.17,1,50000.0,10.3,710.0,0.0,8.0,14684.0,0
6000.0,11.48,1,53000.0,15.92,730.0,0.0,12.0,598.0,0
14700.0,11.48,1,52000.0,28.32,695.0,0.0,13.0,1999.0,0
5000.0,11.99,2,17000.0,18.01,660.0,0.0,4.0,8166.0,0
19000.0,14.85,2,38000.0,25.9,710.0,0.0,13.0,21544.0,1
12000.0,12.88,2,75000.0,23.14,685.0,0.0,12.0,21349.0,0
12000.0,9.17,1,36000.0,12.4,695.0,1.0,13.0,5812.0,0
22000.0,5.32,0,50000.0,14.69,745.0,0.0,4.0,23542.0,0
6000.0,9.8,1,61800.0,11.55,675.0,0.0,11.0,9910.0,0
20000.0,11.99,2,71000.0,20.86,675.0,0.0,14.0,14147.0,0
7000.0,10.78,1,38000.0,26.06,680.0,0.0,7.0,2989.0,1
12775.0,19.89,4,57000.0,34.4,670.0,0.0,11.0,22105.0,1
3500.0,10.78,1,75000.0,14.22,680.0,2.0,12.0,10859.0,0
8000.0,8.49,1,176000.0,2.9,670.0,0.0,7.0,68448.0,0
35000.0,7.91,0,125000.0,14.04,710.0,0.0,17.0,62134.0,0
17000.0,19.89,4,50000.0,5.2,665.0,0.0,11.0,4695.0,0
25000.0,12.88,2,150000.0,23.82,695.0,0.0,8.0,2798.0,0
10000.0,9.8,1,175000.0,7.97,665.0,0.0,6.0,8898.0,0
12000.0,11.48,1,80000.0,1.8,690.0,1.0,9.0,4820.0,0
8000.0,14.85,2,38000.0,29.12,685.0,0.0,13.0,11597.0,0
8000.0,13.44,2,60000.0,20.14,670.0,0.0,11.0,6607.0,0
15000.0,13.44,2,100000.0,37.87,670.0,0.0,16.0,71781.0,1
16625.0,17.97,3,70000.0,13.24,760.0,0.0,15.0,5237.0,0
20000.0,5.32,0,130000.0,8.35,715.0,0.0,11.0,7941.0,0
20000.0,13.99,2,72000.0,28.85,685.0,0.0,11.0,9474.0,1
7800.0,16.59,3,48000.0,31.7,765.0,0.0,14.0,2246.0,0
8000.0,6.49,0,40000.0,14.34,740.0,0.0,5.0,3779.0,0
35000.0,13.44,2,80000.0,17.81,695.0,0.0,16.0,33124.0,0
30000.0,11.99,2,128000.0,27.36,680.0,0.0,19.0,88314.0,0
6000.0,11.99,2,50000.0,34.59,690.0,0.0,8.0,7732.0,1
10000.0,9.8,1,37000.0,7.69,680.0,0.0,8.0,7810.0,0
17875.0,18.99,4,80000.0,36.62,675.0,10.0,23.0,16102.0,0
8000.0,13.44,2,36504.0,30.77,695.0,0.0,5.0,6227.0,0
6875.0,9.8,1,48000.0,8.43,670.0,0.0,5.0,1786.0,0
16000.0,11.99,2,95000.0,12.35,705.0,2.0,17.0,137876.0,0
5000.0,8.49,1,70000.0,18.86,665.0,0.0,9.0,4689.0,0
6750.0,19.89,4,20000.0,17.47,665.0,0.0,8.0,6898.0,0
11150.0,11.48,1,49000.0,14.11,660.0,2.0,7.0,17587.0,0
14825.0,10.78,1,71000.0,30.57,750.0,0.0,13.0,18282.0,0
15600.0,9.17,1,120000.0,16.56,690.0,0.0,6.0,5646.0,0
13000.0,10.78,1,40704.0,16.83,660.0,0.0,10.0,10790.0,0
11000.0,12.88,2,35000.0,13.93,700.0,0.0,8.0,12236.0,1
17100.0,19.89,4,57000.0,17.79,660.0,0.0,8.0,9769.0,1
30000.0,17.97,3,72000.0,29.02,700.0,1.0,9.0,0.0,0
11325.0,19.89,4,43751.0,22.06,705.0,1.0,19.0,653.0,0
30000.0,11.99,2,95500.0,10.56,740.0,0.0,11.0,35777.0,0
21000.0,17.97,3,75000.0,19.34,665.0,0.0,8.0,6637.0,0
6000.0,15.77,3,27000.0,38.13,685.0,1.0,10.0,1422.0,0
20250.0,16.59,3,40536.0,17.35,695.0,0.0,13.0,11982.0,0
6500.0,12.88,2,40000.0,29.7,690.0,0.0,8.0,5816.0,0
12000.0,15.77,3,37000.0,30.65,700.0,0.0,10.0,18139.0,0
6000.0,17.27,3,50000.0,10.92,675.0,0.0,3.0,4009.0,1
25000.0,12.88,2,65000.0,23.98,685.0,1.0,18.0,17232.0,0
15500.0,8.49,1,63000.0,30.7,705.0,1.0,22.0,10038.0,0
18650.0,10.78,1,48000.0,31.7,765.0,0.0,16.0,18320.0,1
23250.0,17.27,3,58058.0,35.61,675.0,0.0,13.0,25866.0,1
10000.0,14.85,2,51000.0,29.81,660.0,0.0,9.0,15100.0,0
19175.0,17.27,3,102000.0,37.2,750.0,0.0,21.0,25082.0,0
35000.0,10.78,1,130000.0,25.24,720.0,0.0,17.0,192511.0,0
2000.0,10.78,1,25000.0,26.69,665.0,0.0,8.0,12190.0,0
6300.0,11.99,2,96000.0,6.38,665.0,1.0,11.0,16652.0,1
4000.0,12.88,2,56000.0,17.47,700.0,0.0,14.0,6634.0,0
18000.0,5.32,0,104000.0,21.74,765.0,0.0,25.0,16622.0,0
2000.0,12.88,2,46000.0,18.37,670.0,0.0,19.0,10686.0,0
31000.0,17.97,3,80000.0,14.25,740.0,0.0,11.0,6263.0,1
9000.0,11.99,2,55120.0,6.9,680.0,0.0,7.0,6016.0,0
20000.0,11.99,2,55000.0,15.98,730.0,0.0,6.0,20857.0,0
30000.0,12.88,2,72000.0,22.89,710.0,0.0,14.0,38543.0,0
18175.0,13.99,2,86000.0,33.34,700.0,0.0,12.0,14599.0,0
16200.0,18.99,4,45000.0,23.63,715.0,0.0,16.0,26264.0,0
20000.0,13.99,2,88000.0,26.92,695.0,2.0,27.0,11018.0,0
35000.0,11.99,2,225000.0,12.25,680.0,0.0,10.0,15576.0,0
10000.0,9.17,1,28000.0,20.87,705.0,0.0,13.0,9323.0,0
12000.0,5.32,0,128000.0,13.28,700.0,0.0,10.0,20562.0,0
14000.0,5.32,0,59000.0,24.86,720.0,0.0,8.0,11760.0,0
24000.0,11.99,2,77000.0,22.32,690.0,0.0,15.0,16284.0,1
30000.0,12.88,2,76000.0,13.23,660.0,0.0,7.0,34039.0,0
5000.0,9.8,1,120000.0,29.74,660.0,3.0,33.0,26408.0,0
10000.0,9.17,1,54000.0,26.71,685.0,1.0,12.0,9747.0,0
28000.0,9.17,1,65000.0,21.66,685.0,0.0,10.0,15143.0,0
20225.0,16.55,3,46000.0,22.75,690.0,1.0,20.0,17925.0,0
28000.0,5.32,0,90000.0,26.04,740.0,0.0,10.0,124791.0,0
6500.0,6.49,0,35000.0,12.53,730.0,0.0,9.0,14286.0,0
30800.0,12.88,2,70000.0,22.72,695.0,0.0,15.0,22127.0,0
14775.0,13.99,2,57200.0,29.88,715.0,0.0,10.0,21994.0,0
24925.0,11.48,1,70000.0,21.16,675.0,0.0,21.0,20733.0,0
23000.0,9.17,1,110000.0,28.3,690.0,0.0,28.0,9374.0,0
8000.0,9.17,1,60000.0,23.1,680.0,1.0,8.0,19652.0,0
30000.0,11.48,1,200000.0,6.45,670.0,1.0,18.0,7430.0,0
19000.0,16.59,3,91000.0,31.98,680.0,0.0,18.0,37543.0,0
12000.0,17.27,3,113000.0,10.93,670.0,0.0,9.0,21475.0,0
18000.0,19.48,4,43000.0,25.15,670.0,0.0,17.0,6925.0,1
28000.0,5.32,0,202000.0,12.14,795.0,0.0,10.0,13196.0,0
5000.0,11.99,2,70000.0,27.74,720.0,0.0,7.0,6486.0,0
9000.0,9.17,1,55000.0,3.67,725.0,0.0,5.0,7406.0,0
12000.0,12.88,2,72000.0,18.92,765.0,0.0,10.0,8249.0,0
20000.0,16.59,3,115000.0,14.35,660.0,0.0,15.0,17388.0,1
10000.0,7.91,0,103000.0,13.74,665.0,4.0,12.0,13902.0,0
6000.0,7.49,0,90000.0,3.41,750.0,1.0,17.0,6857.0,0
5600.0,10.78,1,41000.0,28.51,665.0,0.0,12.0,3255.0,1
3000.0,14.85,2,70000.0,8.81,700.0,0.0,6.0,1812.0,0
4800.0,11.48,1,52000.0,9.99,735.0,1.0,14.0,462.0,0
24550.0,13.44,2,78500.0,27.73,765.0,0.0,14.0,60177.0,0
8000.0,13.99,2,60000.0,33.28,675.0,0.0,15.0,8739.0,0
6500.0,8.49,1,80000.0,7.86,695.0,1.0,13.0,8639.0,0
10000.0,12.88,2,95000.0,7.93,705.0,0.0,10.0,3842.0,1
5000.0,12.88,2,72000.0,26.04,670.0,1.0,7.0,11213.0,1
8000.0,17.27,3,27479.0,38.71,665.0,1.0,8.0,12680.0,0
15000.0,9.17,1,100000.0,10.69,670.0,0.0,23.0,37658.0,0
4800.0,13.44,2,31200.0,25.5,660.0,0.0,8.0,24120.0,0
10000.0,9.17,1,50000.0,26.67,705.0,0.0,10.0,17803.0,1
12675.0,16.59,3,50000.0,32.62,670.0,0.0,11.0,17990.0,0
15000.0,13.44,2,196000.0,12.74,695.0,0.0,12.0,12530.0,0
22800.0,11.99,2,96000.0,10.77,700.0,0.0,8.0,16649.0,0
14000.0,10.78,1,55000.0,14.2,695.0,0.0,3.0,13937.0,0
2100.0,8.49,1,39000.0,30.77,720.0,0.0,19.0,11742.0,0
8100.0,20.5,4,60000.0,15.12,665.0,2.0,10.0,3629.0,0
24000.0,9.17,1,72000.0,21.57,745.0,0.0,13.0,5736.0,0
24000.0,7.91,0,109000.0,7.76,785.0,0.0,17.0,2554.0,0
20650.0,11.48,1,70000.0,20.14,710.0,0.0,11.0,4728.0,1
10800.0,11.99,2,36000.0,31.53,685.0,0.0,12.0,6889.0,1
10000.0,8.49,1,36000.0,12.07,680.0,0.0,6.0,5183.0,0
8000.0,11.99,2,57726.0,20.31,710.0,0.0,12.0,3225.0,0
12000.0,6.49,0,120000.0,25.21,730.0,0.0,29.0,25634.0,0
12000.0,11.48,1,70000.0,26.95,680.0,0.0,15.0,16659.0,0
18000.0,11.99,2,70000.0,37.6,685.0,0.0,19.0,15423.0,0
5400.0,11.99,2,15000.0,25.04,665.0,0.0,12.0,8116.0,0
7750.0,9.17,1,80000.0,4.74,660.0,1.0,9.0,10761.0,0
15000.0,15.77,3,50000.0,3.41,665.0,0.0,2.0,1074.0,0
11000.0,6.99,0,44000.0,28.97,715.0,0.0,10.0,11490.0,0
16000.0,11.48,1,41000.0,15.49,665.0,0.0,5.0,17259.0,1
15000.0,9.17,1,90000.0,16.59,695.0,0.0,12.0,8554.0,0
6000.0,14.85,2,50000.0,14.21,670.0,0.0,8.0,11282.0,0
22000.0,6.99,0,140000.0,12.31,745.0,0.0,11.0,22417.0,0
2100.0,6.49,0,50000.0,4.34,685.0,0.0,6.0,958.0,0
10000.0,11.48,1,41976.0,22.81,685.0,0.0,7.0,7805.0,0
14000.0,6.49,0,95000.0,15.56,700.0,0.0,11.0,14570.0,0
2000.0,9.17,1,80000.0,1.13,675.0,1.0,8.0,1120.0,1
6000.0,16.59,3,24000.0,28.9,715.0,0.0,17.0,1485.0,1
6500.0,9.17,1,27000.0,19.56,690.0,0.0,7.0,5922.0,0
15000.0,18.49,3,48000.0,18.75,685.0,0.0,18.0,6479.0,1
11200.0,19.89,4,45800.0,29.32,680.0,0.0,11.0,8396.0,1
6000.0,13.99,2,74800.0,11.21,660.0,0.0,5.0,4781.0,1
26400.0,17.97,3,67000.0,21.33,765.0,0.0,7.0,1657.0,1
15000.0,5.32,0,86000.0,10.22,725.0,0.0,9.0,13442.0,0
20600.0,9.17,1,115000.0,22.62,680.0,0.0,12.0,19991.0,0
7200.0,12.88,2,100000.0,16.94,710.0,0.0,12.0,6291.0,1
35000.0,17.97,3,100000.0,19.33,710.0,0.0,10.0,21124.0,0
25200.0,5.32,0,145000.0,10.99,700.0,0.0,11.0,22602.0,0
15000.0,7.91,0,90000.0,9.39,685.0,2.0,19.0,37377.0,0
12000.0,12.88,2,75000.0,19.58,705.0,0.0,10.0,16206.0,0
24000.0,9.17,1,95000.0,12.4,715.0,0.0,9.0,9804.0,0
12000.0,6.99,0,100000.0,9.19,700.0,1.0,9.0,8093.0,0
6500.0,9.17,1,40000.0,19.35,695.0,0.0,6.0,9740.0,0
18000.0,14.85,2,76000.0,25.97,660.0,0.0,9.0,18385.0,0
10000.0,7.91,0,100000.0,8.95,795.0,0.0,15.0,1753.0,0
8225.0,6.99,0,45000.0,21.55,750.0,0.0,6.0,7725.0,0
9500.0,13.44,2,89000.0,7.46,670.0,0.0,6.0,5509.0,0
15000.0,17.27,3,42000.0,25.11,680.0,1.0,9.0,3990.0,1
8400.0,17.27,3,53500.0,27.36,705.0,4.0,13.0,2640.0,0
3000.0,13.44,2,40000.0,21.21,670.0,0.0,7.0,34726.0,0
24000.0,14.85,2,100000.0,22.58,670.0,0.0,11.0,19591.0,1
2400.0,11.99,2,83000.0,29.73,685.0,0.0,8.0,73943.0,1
8000.0,13.44,2,50000.0,25.46,715.0,0.0,6.0,1704.0,1
12000.0,14.85,2,96000.0,17.9,665.0,0.0,10.0,3813.0,0
25000.0,19.89,4,80000.0,21.98,680.0,0.0,14.0,4574.0,1
15000.0,6.49,0,58500.0,21.87,775.0,0.0,13.0,4265.0,0
3700.0,10.78,1,35200.0,33.24,660.0,0.0,13.0,10340.0,0
35000.0,9.17,1,200000.0,9.1,680.0,0.0,9.0,39005.0,1
4800.0,14.85,2,19500.0,5.23,660.0,0.0,6.0,1810.0,0
7200.0,14.85,2,53500.0,35.13,685.0,0.0,13.0,14422.0,0
24000.0,6.99,0,125000.0,7.25,710.0,0.0,10.0,35938.0,0
12300.0,11.99,2,28000.0,28.25,705.0,0.0,15.0,11255.0,0
1500.0,14.85,2,68000.0,9.97,670.0,3.0,5.0,4824.0,0
9275.0,15.77,3,120000.0,6.75,685.0,0.0,7.0,5137.0,0
12000.0,9.17,1,45000.0,25.07,725.0,0.0,17.0,11846.0,0
5000.0,8.49,1,45000.0,14.8,695.0,0.0,20.0,18672.0,1
10500.0,14.85,2,40917.0,25.34,715.0,2.0,5.0,4275.0,1
15000.0,11.48,1,65000.0,23.96,665.0,0.0,7.0,15387.0,0
8400.0,9.8,1,30000.0,20.08,660.0,1.0,5.0,3442.0,0
10000.0,9.8,1,38000.0,33.95,665.0,0.0,12.0,10359.0,0
16000.0,14.85,2,100000.0,11.92,660.0,0.0,40.0,21773.0,0
2200.0,9.17,1,33000.0,38.33,680.0,0.0,17.0,24663.0,0
3950.0,11.99,2,50000.0,32.79,720.0,0.0,11.0,6836.0,0
7500.0,11.99,2,65000.0,11.59,680.0,0.0,8.0,18807.0,0
5600.0,12.88,2,76000.0,29.51,705.0,0.0,10.0,20584.0,0
28000.0,7.91,0,150000.0,26.82,685.0,0.0,17.0,67338.0,0
18000.0,12.88,2,82000.0,34.41,680.0,6.0,14.0,6421.0,1
15425.0,9.17,1,70000.0,29.93,690.0,0.0,18.0,33842.0,1
28000.0,8.49,1,150000.0,16.65,770.0,0.0,10.0,2809.0,0
8425.0,19.48,4,24800.0,26.23,665.0,0.0,11.0,6097.0,1
25000.0,7.49,0,135000.0,19.83,690.0,0.0,14.0,34017.0,0
9500.0,7.91,0,48000.0,13.32,680.0,0.0,10.0,9309.0,0
15500.0,10.78,1,105000.0,21.44,660.0,0.0,18.0,36101.0,0
25000.0,9.8,1,115000.0,18.04,670.0,0.0,19.0,54726.0,1
12000.0,9.8,1,77000.0,13.25,705.0,0.0,8.0,2725.0,0
5000.0,10.78,1,40000.0,24.45,665.0,1.0,13.0,11306.0,0
24000.0,9.8,1,50000.0,17.91,700.0,0.0,10.0,15195.0,0
28000.0,5.32,0,75000.0,14.38,820.0,0.0,11.0,1712.0,0
18000.0,12.88,2,108000.0,23.92,660.0,0.0,43.0,40979.0,0
24000.0,7.91,0,100000.0,3.27,750.0,0.0,12.0,15180.0,0
16000.0,10.78,1,52688.0,30.8,700.0,0.0,10.0,10734.0,0
21000.0,11.99,2,150000.0,16.86,680.0,2.0,21.0,47522.0,1
32000.0,11.99,2,110000.0,17.7,715.0,0.0,9.0,22289.0,0
10000.0,5.32,0,80000.0,22.35,820.0,0.0,15.0,9158.0,0
16000.0,7.91,0,82000.0,17.12,720.0,0.0,16.0,43286.0,0
10000.0,12.88,2,46000.0,27.92,725.0,0.0,10.0,5776.0,0
15000.0,6.49,0,150000.0,5.15,680.0,0.0,11.0,17293.0,0
11375.0,26.06,5,34500.0,17.36,700.0,0.0,6.0,8669.0,0
15000.0,5.32,0,100000.0,12.53,760.0,0.0,6.0,20403.0,0
18000.0,19.89,4,55000.0,24.53,720.0,0.0,17.0,2452.0,1
4800.0,11.99,2,62000.0,10.41,685.0,0.0,6.0,8893.0,0
8000.0,13.99,2,50000.0,31.52,665.0,0.0,12.0,8906.0,0
2500.0,11.99,2,18000.0,28.73,710.0,0.0,12.0,1213.0,0
9000.0,15.77,3,25000.0,28.13,665.0,0.0,12.0,14563.0,0
12000.0,6.49,0,86000.0,13.51,715.0,0.0,13.0,17942.0,0
10000.0,11.99,2,42000.0,29.03,665.0,2.0,17.0,8237.0,0
18000.0,13.44,2,100000.0,20.78,670.0,3.0,11.0,2755.0,0
18000.0,13.18,2,64000.0,16.13,660.0,1.0,11.0,8520.0,1
10000.0,9.17,1,45000.0,26.08,690.0,0.0,12.0,18715.0,0
10000.0,8.49,1,75000.0,21.36,670.0,0.0,12.0,11579.0,1
17475.0,16.59,3,38000.0,21.83,685.0,0.0,13.0,18420.0,0
9000.0,10.78,1,84000.0,7.52,755.0,0.0,16.0,2151.0,1
8800.0,10.78,1,55000.0,25.57,665.0,0.0,20.0,15477.0,0
9700.0,19.48,4,49000.0,13.25,665.0,0.0,11.0,6726.0,0
22000.0,15.77,3,84000.0,29.01,670.0,0.0,14.0,23077.0,0
11200.0,9.17,1,102000.0,21.54,665.0,0.0,10.0,5542.0,0
15000.0,5.32,0,65000.0,22.32,695.0,1.0,18.0,16130.0,0
21600.0,13.44,2,77000.0,11.16,685.0,1.0,5.0,22958.0,0
12000.0,9.8,1,70200.0,38.32,730.0,0.0,13.0,28745.0,0
10000.0,7.49,0,69000.0,5.3,695.0,3.0,9.0,11818.0,0
18000.0,9.17,1,70000.0,15.12,660.0,1.0,6.0,9668.0,1
8000.0,12.88,2,78000.0,8.17,665.0,0.0,3.0,0.0,0
8000.0,12.88,2,40000.0,19.95,665.0,0.0,12.0,10622.0,0
24000.0,13.99,2,70000.0,26.54,675.0,0.0,11.0,13856.0,1
5000.0,9.17,1,55000.0,12.39,815.0,0.0,9.0,1330.0,0
8150.0,7.91,0,42200.0,16.41,695.0,0.0,11.0,15010.0,0
12000.0,13.44,2,70000.0,18.4,670.0,0.0,10.0,11457.0,0
5000.0,13.99,2,19000.0,38.91,660.0,2.0,11.0,8416.0,1
20000.0,9.8,1,80000.0,16.8,705.0,1.0,10.0,19454.0,0
9600.0,13.99,2,22900.0,14.77,685.0,0.0,14.0,10614.0,0
16000.0,13.44,2,80000.0,13.44,670.0,3.0,10.0,21083.0,0
31225.0,23.13,5,71000.0,27.32,675.0,0.0,16.0,1991.0,0
20000.0,9.8,1,100000.0,10.42,665.0,0.0,10.0,7240.0,0
21000.0,11.48,1,132000.0,16.94,725.0,0.0,7.0,32510.0,0
10000.0,16.59,3,65000.0,17.26,675.0,0.0,10.0,8073.0,1
15000.0,5.32,0,74000.0,22.57,790.0,0.0,13.0,18891.0,0
7000.0,9.8,1,20890.8,9.32,765.0,0.0,11.0,8923.0,0
9000.0,5.32,0,71000.0,16.14,795.0,0.0,11.0,2741.0,0
28000.0,12.88,2,369000.0,6.31,685.0,0.0,9.0,4485.0,0
10000.0,11.48,1,43000.0,20.32,720.0,2.0,21.0,4124.0,0
3600.0,13.99,2,46000.0,18.29,660.0,4.0,15.0,2591.0,0
35000.0,9.17,1,118000.0,17.44,730.0,0.0,11.0,154817.0,1
10000.0,13.44,2,40000.0,26.13,670.0,0.0,6.0,11266.0,0
35000.0,11.48,1,104000.0,34.91,760.0,0.0,14.0,30509.0,0
15000.0,9.17,1,80000.0,9.3,660.0,4.0,7.0,11345.0,0
13250.0,14.85,2,60000.0,13.66,690.0,2.0,17.0,2776.0,0
7000.0,7.91,0,48000.0,31.47,690.0,0.0,23.0,5106.0,0
20000.0,12.88,2,97200.0,24.28,680.0,0.0,15.0,22595.0,0
19200.0,11.99,2,80000.0,20.13,690.0,5.0,11.0,6547.0,0
3125.0,19.48,4,48000.0,3.43,665.0,0.0,6.0,2131.0,1
16000.0,7.49,0,47500.0,28.85,695.0,2.0,25.0,24754.0,0
24000.0,5.32,0,103000.0,7.72,755.0,0.0,8.0,32337.0,0
24000.0,14.85,2,125000.0,17.86,745.0,0.0,16.0,15401.0,1
10800.0,13.44,2,60000.0,27.64,670.0,0.0,12.0,8878.0,0
15000.0,9.17,1,750000.0,3.64,720.0,0.0,10.0,175968.0,0
24000.0,6.49,0,118346.0,20.33,700.0,0.0,15.0,31776.0,0
15875.0,18.99,4,35100.0,20.1,670.0,0.0,11.0,8927.0,0
19200.0,6.99,0,80000.0,17.52,730.0,0.0,9.0,92534.0,0
32000.0,22.45,5,225000.0,9.89,660.0,0.0,12.0,19178.0,0
8000.0,6.99,0,60000.0,14.05,715.0,0.0,14.0,8560.0,0
8000.0,13.44,2,65000.0,33.07,695.0,1.0,17.0,46860.0,0
17500.0,9.17,1,165000.0,9.02,665.0,2.0,9.0,9744.0,0
6500.0,10.78,1,35000.0,20.82,705.0,0.0,19.0,16270.0,0
8000.0,13.44,2,34560.0,35.49,680.0,0.0,22.0,2087.0,1
10000.0,7.49,0,80000.0,13.82,730.0,0.0,14.0,3693.0,0
18000.0,10.78,1,91000.0,5.5,675.0,1.0,13.0,16152.0,1
15000.0,7.91,0,117000.0,10.93,770.0,0.0,8.0,18212.0,0
5000.0,5.32,0,40000.0,16.23,695.0,0.0,4.0,2778.0,0
10000.0,12.88,2,80000.0,14.8,695.0,0.0,9.0,6154.0,0
24000.0,13.44,2,85000.0,13.07,735.0,0.0,11.0,49.0,0
20000.0,11.48,1,60000.0,29.54,670.0,0.0,13.0,18428.0,0
15975.0,13.44,2,45000.0,14.12,685.0,1.0,9.0,9327.0,0
24000.0,9.8,1,150000.0,8.67,685.0,0.0,13.0,19084.0,0
30000.0,14.85,2,141000.0,16.53,670.0,4.0,15.0,45696.0,0
35000.0,12.88,2,230000.0,11.74,670.0,1.0,10.0,63528.0,0
10925.0,15.77,3,35000.0,20.61,705.0,0.0,10.0,10782.0,1
35000.0,11.99,2,200000.0,25.13,725.0,0.0,12.0,17684.0,0
4800.0,11.99,2,24000.0,26.2,660.0,0.0,9.0,4209.0,0
4325.0,23.13,5,60000.0,20.48,665.0,0.0,13.0,5083.0,1
6000.0,11.99,2,85000.0,18.48,660.0,2.0,12.0,5614.0,0
16200.0,20.5,4,75000.0,12.69,735.0,0.0,12.0,54.0,0
15000.0,9.8,1,41000.0,24.33,670.0,1.0,15.0,8983.0,0
8000.0,6.99,0,58000.0,18.03,700.0,0.0,11.0,14910.0,0
12000.0,6.49,0,80000.0,24.15,740.0,0.0,22.0,9955.0,0
6000.0,10.78,1,60000.0,9.82,665.0,0.0,14.0,9777.0,0
18000.0,6.99,0,68000.0,14.12,730.0,0.0,16.0,20550.0,0
2600.0,11.48,1,89512.0,13.06,660.0,1.0,9.0,4200.0,0
10000.0,7.49,0,83000.0,9.72,695.0,0.0,7.0,9056.0,0
24000.0,8.49,1,102000.0,16.93,675.0,1.0,10.0,12289.0,0
15600.0,17.97,3,53000.0,32.72,700.0,0.0,16.0,11211.0,1
7200.0,13.44,2,57000.0,24.36,680.0,0.0,8.0,1241.0,0
5000.0,6.49,0,46000.0,14.17,725.0,0.0,15.0,5800.0,0
27850.0,25.09,5,150000.0,24.91,680.0,0.0,8.0,22117.0,0
26600.0,11.99,2,140000.0,23.64,705.0,0.0,15.0,11664.0,0
21000.0,9.8,1,82000.0,18.69,700.0,1.0,15.0,12987.0,0
2000.0,14.85,2,72000.0,18.66,720.0,0.0,9.0,14180.0,0
5000.0,13.44,2,30000.0,35.56,695.0,0.0,12.0,3294.0,0
12250.0,12.88,2,57680.0,29.28,720.0,0.0,9.0,17942.0,0
7000.0,11.48,1,40000.0,27.87,755.0,0.0,11.0,4232.0,0
13000.0,13.44,2,91000.0,30.29,715.0,0.0,11.0,25372.0,0
8000.0,9.17,1,92500.0,18.49,710.0,0.0,7.0,30985.0,0
17000.0,7.91,0,65000.0,19.88,785.0,0.0,18.0,17079.0,0
22000.0,6.99,0,95000.0,13.03,715.0,0.0,13.0,16208.0,0
5000.0,9.8,1,67800.0,3.42,665.0,0.0,10.0,5027.0,0
10000.0,6.49,0,60000.0,8.44,720.0,0.0,11.0,14230.0,0
12000.0,7.91,0,98000.0,16.73,685.0,1.0,9.0,9084.0,0
8000.0,6.24,0,73000.0,23.39,730.0,0.0,9.0,8728.0,0
15000.0,13.99,2,50000.0,28.92,700.0,0.0,10.0,21207.0,0
29850.0,17.97,3,225000.0,0.37,665.0,1.0,5.0,1101.0,1
28000.0,10.78,1,116000.0,26.83,695.0,0.0,14.0,47837.0,1
3600.0,14.85,2,60000.0,8.3,670.0,0.0,5.0,4960.0,0
15000.0,5.32,0,71000.0,28.03,790.0,0.0,15.0,28735.0,0
35000.0,7.91,0,140000.0,0.99,815.0,0.0,12.0,3407.0,0
8500.0,6.49,0,50000.0,20.67,710.0,0.0,10.0,6422.0,0
11200.0,18.99,4,32000.0,34.06,660.0,0.0,16.0,17211.0,1
30250.0,11.99,2,96000.0,27.66,715.0,0.0,12.0,16757.0,0
5000.0,9.17,1,38000.0,32.41,695.0,0.0,19.0,14103.0,0
19600.0,5.32,0,45000.0,18.63,710.0,1.0,11.0,17997.0,0
15700.0,5.32,0,117500.0,4.49,735.0,0.0,21.0,15343.0,0
35000.0,21.48,4,115000.0,22.29,705.0,0.0,7.0,42421.0,0
30000.0,11.99,2,65000.0,34.08,730.0,0.0,9.0,5528.0,0
25200.0,11.48,1,155000.0,14.21,695.0,0.0,26.0,27377.0,0
10000.0,15.77,3,51000.0,36.3,670.0,1.0,14.0,6247.0,0
7500.0,15.77,3,120000.0,16.82,670.0,0.0,19.0,15038.0,0
9000.0,6.49,0,87000.0,21.61,790.0,0.0,20.0,11037.0,0
15575.0,16.59,3,124800.0,18.38,665.0,1.0,9.0,3039.0,0
5000.0,9.8,1,95000.0,28.1,660.0,0.0,30.0,28234.0,0
18000.0,11.48,1,103000.0,8.4,670.0,0.0,8.0,20247.0,0
5600.0,15.77,3,60000.0,38.26,695.0,0.0,21.0,7697.0,0
11225.0,16.59,3,31200.0,12.85,680.0,0.0,9.0,9542.0,0
20000.0,11.99,2,103000.0,18.36,695.0,0.0,21.0,26193.0,0
6500.0,13.99,2,45000.0,14.99,660.0,0.0,8.0,5961.0,0
10000.0,7.49,0,94500.0,18.04,685.0,0.0,19.0,15085.0,0
28000.0,5.32,0,80000.0,21.53,760.0,0.0,16.0,98101.0,0
8000.0,10.78,1,45000.0,14.16,750.0,0.0,10.0,7551.0,0
18000.0,14.85,2,70000.0,10.85,680.0,0.0,9.0,6810.0,0
35000.0,9.17,1,175000.0,17.14,700.0,0.0,9.0,21157.0,0
24000.0,13.99,2,66466.0,15.42,710.0,0.0,5.0,26378.0,1
28000.0,14.85,2,85000.0,34.29,665.0,0.0,23.0,25904.0,0
5000.0,11.48,1,32000.0,17.03,720.0,0.0,6.0,3736.0,0
14400.0,13.44,2,100800.0,23.64,700.0,0.0,10.0,14997.0,0
10000.0,11.99,2,60000.0,22.18,665.0,0.0,14.0,4444.0,0
3600.0,11.48,1,168000.0,7.88,685.0,1.0,8.0,15096.0,0
21000.0,9.8,1,114000.0,16.36,690.0,0.0,17.0,36860.0,0
16800.0,18.99,4,42000.0,24.34,700.0,0.0,14.0,19139.0,1
30000.0,19.89,4,110000.0,32.28,665.0,0.0,12.0,43727.0,1
20000.0,16.59,3,68500.0,32.31,660.0,2.0,14.0,799.0,0
12575.0,13.99,2,37000.0,18.62,675.0,0.0,8.0,8214.0,0
13000.0,6.99,0,33000.0,27.96,700.0,0.0,12.0,11131.0,0
10000.0,9.17,1,115000.0,10.16,705.0,0.0,12.0,5158.0,0
20000.0,5.32,0,148000.0,17.01,710.0,0.0,14.0,48250.0,0
13900.0,20.5,4,52500.0,25.37,670.0,0.0,10.0,7553.0,0
13600.0,19.89,4,51000.0,33.79,675.0,0.0,16.0,13835.0,1
12000.0,9.8,1,49500.0,34.49,660.0,0.0,24.0,25197.0,1
35000.0,13.99,2,305000.0,23.65,690.0,0.0,11.0,41683.0,0
2500.0,13.44,2,40000.0,31.38,670.0,0.0,6.0,7236.0,1
16000.0,5.32,0,130000.0,21.74,735.0,0.0,11.0,20754.0,0
18000.0,13.99,2,36000.0,6.53,665.0,0.0,4.0,7934.0,0
35000.0,12.88,2,122000.0,20.38,710.0,0.0,17.0,58522.0,1
25000.0,13.99,2,89500.0,27.13,670.0,0.0,12.0,68540.0,0
10575.0,13.44,2,23000.0,22.39,685.0,0.0,10.0,11921.0,0
30000.0,12.88,2,80000.0,16.2,660.0,0.0,15.0,36556.0,0
6000.0,13.67,2,42000.0,21.2,670.0,0.0,8.0,4176.0,0
9100.0,12.88,2,24000.0,7.6,730.0,0.0,28.0,1617.0,0
20000.0,9.17,1,134296.0,10.95,695.0,3.0,10.0,135991.0,0
22950.0,26.06,5,51000.0,12.4,665.0,0.0,6.0,29289.0,1
15000.0,11.48,1,75000.0,8.86,670.0,0.0,7.0,5803.0,1
10000.0,11.99,2,40000.0,9.12,665.0,0.0,8.0,13253.0,1
9800.0,13.44,2,40000.0,39.6,680.0,1.0,8.0,5735.0,1
16000.0,11.48,1,230000.0,23.24,660.0,1.0,21.0,69203.0,1
18000.0,11.99,2,45000.0,28.62,695.0,0.0,13.0,15250.0,0
25000.0,18.99,4,79000.0,30.12,675.0,0.0,24.0,26553.0,0
15000.0,12.88,2,53000.0,9.69,705.0,0.0,8.0,13146.0,0
15400.0,11.48,1,55000.0,16.63,665.0,1.0,13.0,11224.0,0
2800.0,12.88,2,75000.0,3.44,660.0,0.0,11.0,5676.0,0
30000.0,14.85,2,145000.0,24.0,745.0,0.0,12.0,8419.0,1
13000.0,6.99,0,50000.0,22.59,815.0,0.0,9.0,1190.0,0
35000.0,8.49,1,175000.0,16.33,725.0,0.0,11.0,80476.0,0
6000.0,15.77,3,25000.0,5.95,710.0,0.0,5.0,4291.0,0
24000.0,14.85,2,65000.0,30.15,695.0,1.0,19.0,30010.0,0
24200.0,12.88,2,55000.0,17.59,715.0,0.0,12.0,5778.0,0
7575.0,13.99,2,16500.0,39.27,700.0,0.0,13.0,11809.0,1
15000.0,7.91,0,58000.0,27.38,710.0,0.0,21.0,30012.0,0
6000.0,8.49,1,60000.0,15.84,695.0,0.0,15.0,5841.0,0
19750.0,18.99,4,42988.0,38.82,680.0,1.0,8.0,28963.0,0
3500.0,11.99,2,72000.0,27.92,680.0,0.0,17.0,27620.0,0
35000.0,17.27,3,186000.0,8.15,660.0,1.0,10.0,13590.0,0
7000.0,7.26,0,118000.0,10.98,730.0,0.0,21.0,44148.0,0
29950.0,17.27,3,71088.0,20.39,710.0,0.0,9.0,4109.0,0
11000.0,5.32,0,93000.0,8.32,750.0,0.0,7.0,14998.0,0
7000.0,15.77,3,37000.0,27.67,695.0,0.0,16.0,20036.0,1
9600.0,14.85,2,74873.0,22.38,790.0,0.0,11.0,204.0,0
30000.0,16.59,3,75000.0,22.7,660.0,0.0,9.0,18733.0,1
27600.0,7.91,0,73000.0,23.77,720.0,0.0,22.0,28695.0,0
5000.0,14.85,2,116000.0,18.46,700.0,1.0,13.0,11005.0,1
4800.0,14.85,2,36000.0,34.77,670.0,0.0,10.0,3299.0,1
24950.0,18.49,3,52000.0,20.03,700.0,1.0,14.0,8349.0,0
5000.0,14.85,2,38500.0,15.55,660.0,2.0,8.0,823.0,0
16500.0,13.44,2,37000.0,28.74,710.0,0.0,7.0,14837.0,1
1600.0,13.44,2,60000.0,25.18,685.0,0.0,14.0,25661.0,0
9800.0,8.49,1,45000.0,5.97,685.0,0.0,5.0,7071.0,0
25000.0,6.99,0,160000.0,18.18,755.0,0.0,33.0,49694.0,0
2500.0,11.99,2,37000.0,21.21,680.0,0.0,7.0,4363.0,0
10000.0,7.91,0,36000.0,19.63,690.0,1.0,8.0,6570.0,0
11000.0,10.78,1,65000.0,13.79,695.0,1.0,9.0,17716.0,0
27000.0,12.88,2,66000.0,16.89,670.0,0.0,15.0,7201.0,0
15000.0,11.99,2,65000.0,7.9,775.0,0.0,27.0,12845.0,0
5000.0,10.78,1,40000.0,22.8,680.0,3.0,17.0,4880.0,0
16800.0,10.78,1,54000.0,19.33,715.0,1.0,18.0,13220.0,0
12000.0,13.99,2,50000.0,17.57,660.0,0.0,7.0,6718.0,1
15000.0,17.97,3,50000.0,21.92,700.0,0.0,10.0,9448.0,1
13000.0,6.99,0,54000.0,18.82,705.0,0.0,15.0,19192.0,0
20000.0,11.99,2,115000.0,5.61,685.0,1.0,4.0,9078.0,0
20000.0,12.88,2,65000.0,21.14,690.0,0.0,14.0,22606.0,0
10000.0,13.99,2,52500.0,16.07,670.0,0.0,6.0,6361.0,0
11000.0,9.17,1,80500.0,28.9,665.0,0.0,8.0,14349.0,0
6000.0,9.17,1,40000.0,16.5,665.0,1.0,7.0,4197.0,1
21000.0,13.99,2,100000.0,17.48,695.0,3.0,19.0,10969.0,1
13625.0,13.44,2,34100.0,9.79,670.0,0.0,11.0,6197.0,0
8000.0,9.8,1,31000.0,11.03,715.0,0.0,9.0,6977.0,0
11200.0,5.32,0,80000.0,17.65,795.0,0.0,11.0,10808.0,0
3400.0,13.99,2,28000.0,22.46,675.0,0.0,5.0,6194.0,0
5000.0,13.99,2,55000.0,32.21,695.0,0.0,9.0,9393.0,1
3600.0,14.85,2,62200.0,20.48,690.0,0.0,17.0,6407.0,0
30000.0,13.44,2,82750.0,22.38,755.0,0.0,12.0,17381.0,0
5000.0,10.78,1,37000.0,18.91,660.0,2.0,9.0,3558.0,0
5000.0,8.49,1,90000.0,15.53,670.0,0.0,12.0,5875.0,0
30000.0,9.17,1,132000.0,5.27,690.0,1.0,17.0,18341.0,0
7200.0,13.44,2,28000.0,14.49,665.0,0.0,9.0,9514.0,1
17000.0,8.49,1,70000.0,24.81,810.0,0.0,14.0,7525.0,0
28000.0,7.49,0,120000.0,22.09,695.0,1.0,19.0,24419.0,0
21000.0,15.77,3,72500.0,4.02,665.0,0.0,6.0,8602.0,0
2000.0,11.48,1,110000.0,34.26,670.0,0.0,25.0,73535.0,0
12000.0,6.49,0,88000.0,19.91,725.0,0.0,23.0,13151.0,0
12000.0,9.17,1,70000.0,20.14,695.0,1.0,15.0,12195.0,0
18000.0,11.48,1,160000.0,19.42,685.0,1.0,25.0,28739.0,0
6400.0,9.8,1,86000.0,17.01,675.0,2.0,20.0,9273.0,0
5000.0,8.49,1,183000.0,2.53,670.0,1.0,11.0,2342.0,1
18000.0,8.38,1,55000.0,18.2,695.0,2.0,26.0,15707.0,0
20000.0,6.49,0,100000.0,0.92,770.0,0.0,7.0,2871.0,0
8000.0,7.49,0,150000.0,7.6,705.0,0.0,14.0,8825.0,0
14000.0,12.88,2,34000.0,11.19,750.0,0.0,12.0,6189.0,0
35000.0,14.85,2,200000.0,17.42,710.0,0.0,10.0,49195.0,0
34300.0,15.77,3,78000.0,14.48,685.0,0.0,7.0,31175.0,0
1000.0,11.48,1,43000.0,21.07,675.0,1.0,7.0,2080.0,0
6400.0,6.49,0,55000.0,30.6,730.0,0.0,10.0,10247.0,0
15000.0,13.99,2,113900.0,24.58,685.0,0.0,9.0,20029.0,1
12000.0,10.78,1,95000.0,12.46,660.0,0.0,31.0,20249.0,1
10000.0,9.17,1,55000.0,19.94,670.0,0.0,13.0,18664.0,0
5600.0,13.44,2,54000.0,13.84,665.0,0.0,5.0,2782.0,0
35000.0,17.27,3,87500.0,17.99,670.0,0.0,14.0,4735.0,0
6000.0,9.17,1,150000.0,9.11,680.0,0.0,11.0,9062.0,1
12000.0,20.5,4,63000.0,14.46,660.0,0.0,20.0,6238.0,0
12000.0,6.99,0,60000.0,15.42,725.0,0.0,8.0,12690.0,0
20000.0,13.99,2,65000.0,30.61,690.0,0.0,10.0,20939.0,0
25400.0,11.99,2,80000.0,38.97,705.0,0.0,16.0,58098.0,1
4625.0,9.8,1,36000.0,16.47,675.0,0.0,5.0,4628.0,0
15000.0,8.49,1,43000.0,25.45,675.0,0.0,15.0,1048.0,0
11175.0,17.97,3,25400.0,21.91,705.0,0.0,12.0,13685.0,1
6200.0,6.49,0,66000.0,10.91,715.0,1.0,5.0,9634.0,0
10000.0,11.99,2,51000.0,11.22,675.0,0.0,7.0,7366.0,0
15000.0,7.91,0,90000.0,11.17,700.0,4.0,10.0,5391.0,0
4200.0,9.17,1,40000.0,28.65,745.0,0.0,7.0,3881.0,0
9000.0,7.91,0,55000.0,19.2,680.0,2.0,9.0,4751.0,0
30000.0,9.8,1,65000.0,29.58,765.0,0.0,7.0,14800.0,1
35000.0,12.88,2,82000.0,18.66,660.0,1.0,9.0,33977.0,0
3000.0,17.27,3,38000.0,4.26,675.0,0.0,7.0,2303.0,1
10000.0,14.85,2,54000.0,8.49,670.0,0.0,10.0,10909.0,0
10000.0,11.99,2,62000.0,18.99,680.0,0.0,11.0,6563.0,0
35000.0,23.13,5,65000.0,22.3,760.0,0.0,20.0,22986.0,0
24000.0,9.8,1,95000.0,11.34,670.0,3.0,9.0,1070.0,1
24000.0,22.45,5,110000.0,29.21,660.0,5.0,10.0,7851.0,1
33075.0,17.27,3,105100.0,10.58,680.0,0.0,19.0,10882.0,0
6000.0,10.78,1,82000.0,19.06,660.0,4.0,7.0,4406.0,0
10300.0,6.99,0,32000.0,32.24,730.0,0.0,12.0,11308.0,0
21000.0,14.85,2,120000.0,31.99,675.0,0.0,25.0,24198.0,0
20000.0,12.88,2,50000.0,11.66,705.0,0.0,12.0,9224.0,0
18050.0,24.24,5,50000.0,34.49,700.0,0.0,14.0,7701.0,1
20000.0,11.48,1,85000.0,27.08,670.0,0.0,19.0,32020.0,1
5000.0,11.48,1,40000.0,6.63,660.0,1.0,5.0,3797.0,0
12000.0,5.32,0,64400.0,2.45,680.0,0.0,5.0,3949.0,1
4000.0,8.49,1,45000.0,19.1,695.0,0.0,17.0,7233.0,0
16000.0,12.88,2,61200.0,20.75,675.0,0.0,14.0,13416.0,0
35000.0,21.48,4,118000.0,29.68,665.0,0.0,21.0,55255.0,0
10000.0,6.99,0,104000.0,25.31,705.0,0.0,13.0,20151.0,1
7400.0,8.49,1,128000.0,6.73,665.0,1.0,4.0,7940.0,0
9000.0,5.32,0,35000.0,22.29,775.0,0.0,7.0,2110.0,0
12000.0,11.99,2,50200.0,26.32,725.0,0.0,15.0,13343.0,0
22000.0,15.77,3,80000.0,19.97,670.0,1.0,15.0,9509.0,0
3000.0,12.88,2,60000.0,16.94,705.0,0.0,4.0,4447.0,0
20000.0,16.59,3,70000.0,32.45,680.0,0.0,14.0,27379.0,0
10000.0,14.85,2,48000.0,8.03,705.0,0.0,5.0,13320.0,0
2200.0,13.99,2,48000.0,6.81,670.0,0.0,15.0,3934.0,0
10000.0,13.99,2,50000.0,17.47,670.0,0.0,5.0,6025.0,1
20150.0,20.5,4,48000.0,28.2,675.0,0.0,16.0,18215.0,1
23650.0,11.99,2,72000.0,2.55,665.0,0.0,4.0,5102.0,0
11525.0,18.99,4,32017.0,30.43,680.0,0.0,11.0,15519.0,1
11000.0,12.88,2,83400.0,26.0,700.0,0.0,18.0,20536.0,0
20000.0,13.99,2,48651.2,21.21,675.0,0.0,13.0,8913.0,0
6000.0,11.99,2,92000.0,16.81,705.0,1.0,12.0,4075.0,0
18000.0,11.99,2,60000.0,26.14,680.0,1.0,14.0,26833.0,0
30000.0,16.59,3,103000.0,7.96,670.0,0.0,7.0,19692.0,0
18950.0,13.99,2,47364.0,15.1,685.0,0.0,10.0,15317.0,0
12600.0,13.99,2,35000.0,28.01,685.0,0.0,27.0,24537.0,0
4800.0,11.99,2,60000.0,2.81,695.0,0.0,13.0,4135.0,0
5275.0,15.77,3,12000.0,3.6,690.0,0.0,7.0,1248.0,0
12000.0,14.85,2,75000.0,15.12,755.0,0.0,19.0,6816.0,1
8500.0,8.49,1,48000.0,16.13,705.0,0.0,8.0,8959.0,0
19200.0,27.99,6,60000.0,16.58,665.0,0.0,26.0,23184.0,1
8000.0,16.59,3,27000.0,15.96,660.0,0.0,5.0,12918.0,1
6000.0,5.32,0,30000.0,18.39,715.0,0.0,14.0,15110.0,0
6000.0,9.8,1,54200.0,9.94,700.0,0.0,11.0,16810.0,0
15000.0,7.91,0,120000.0,33.29,740.0,0.0,33.0,27500.0,0
6500.0,8.49,1,15000.0,14.72,730.0,0.0,10.0,6371.0,0
35000.0,8.49,1,91000.0,21.92,730.0,0.0,16.0,28975.0,0
5500.0,9.8,1,40000.0,18.36,700.0,2.0,16.0,2437.0,0
18000.0,6.99,0,75000.0,13.6,700.0,0.0,11.0,27437.0,0
8000.0,7.91,0,60000.0,10.12,680.0,2.0,9.0,7036.0,0
24000.0,9.17,1,140000.0,11.04,770.0,0.0,10.0,7406.0,0
3000.0,10.78,1,80000.0,20.72,695.0,0.0,12.0,12695.0,0
14400.0,19.48,4,40000.0,15.57,665.0,0.0,22.0,17968.0,0
20000.0,11.48,1,55000.0,19.88,680.0,0.0,10.0,17938.0,0
8000.0,9.17,1,41600.0,15.38,690.0,0.0,13.0,4506.0,0
27000.0,13.99,2,94000.0,16.09,665.0,3.0,13.0,27499.0,1
10075.0,11.99,2,28000.0,21.35,725.0,0.0,12.0,3567.0,0
17000.0,8.49,1,92500.0,17.23,685.0,2.0,9.0,11391.0,1
28750.0,17.27,3,70000.0,24.19,670.0,0.0,12.0,31908.0,1
1300.0,11.48,1,38000.0,9.16,675.0,0.0,4.0,1296.0,0
19200.0,11.48,1,76000.0,28.45,700.0,0.0,9.0,31851.0,0
34500.0,13.99,2,75000.0,22.98,685.0,0.0,16.0,37442.0,0
20000.0,10.78,1,374000.0,7.76,710.0,1.0,11.0,9102.0,0
30000.0,16.59,3,60000.0,10.18,760.0,0.0,6.0,136.0,1
8000.0,11.99,2,73000.0,30.82,675.0,0.0,18.0,33808.0,0
10000.0,8.49,1,89000.0,13.43,665.0,1.0,8.0,3063.0,0
7000.0,8.49,1,80000.0,10.49,675.0,0.0,14.0,21773.0,0
12000.0,11.99,2,75000.0,10.59,665.0,0.0,7.0,6538.0,0
12000.0,12.88,2,59000.0,13.7,725.0,0.0,11.0,19598.0,0
4200.0,9.8,1,60000.0,3.48,715.0,0.0,8.0,92.0,0
12000.0,11.48,1,135000.0,25.05,710.0,0.0,16.0,8581.0,0
20000.0,11.99,2,70000.0,10.25,715.0,0.0,7.0,23139.0,0
12000.0,11.99,2,60000.0,22.04,685.0,0.0,18.0,3735.0,0
13925.0,9.8,1,41000.0,12.09,715.0,0.0,9.0,2900.0,0
19000.0,13.99,2,135000.0,9.72,665.0,1.0,11.0,8998.0,0
10000.0,10.78,1,29000.0,15.65,685.0,0.0,10.0,12051.0,0
5000.0,11.48,1,20000.0,24.85,675.0,6.0,14.0,12457.0,0
6500.0,11.99,2,70000.0,24.01,740.0,0.0,22.0,12348.0,0
22250.0,9.17,1,65000.0,27.34,720.0,0.0,33.0,17293.0,0
6000.0,9.8,1,66000.0,8.38,730.0,0.0,5.0,4669.0,0
7550.0,14.85,2,21000.0,25.54,660.0,0.0,5.0,3231.0,0
21600.0,13.99,2,60000.0,20.68,685.0,0.0,6.0,27188.0,0
20000.0,6.99,0,160000.0,8.83,730.0,0.0,7.0,38203.0,0
22000.0,7.49,0,75000.0,24.78,720.0,0.0,18.0,22857.0,0
19400.0,19.48,4,66000.0,39.34,665.0,2.0,17.0,26321.0,0
6000.0,8.49,1,57500.0,23.94,720.0,2.0,9.0,941.0,0
4000.0,11.99,2,61054.0,7.45,660.0,0.0,24.0,8335.0,0
11200.0,13.44,2,60000.0,24.12,670.0,0.0,21.0,25408.0,0
20000.0,17.27,3,80000.0,27.44,695.0,0.0,12.0,19098.0,0
6000.0,12.88,2,65000.0,28.95,680.0,0.0,10.0,37004.0,0
30000.0,10.78,1,70000.0,19.05,780.0,0.0,24.0,25214.0,1
8000.0,6.49,0,50000.0,22.83,740.0,0.0,17.0,18632.0,0
15000.0,12.88,2,82000.0,11.06,660.0,1.0,8.0,3369.0,0
13000.0,11.99,2,55000.0,7.87,685.0,0.0,7.0,6383.0,0
13750.0,6.99,0,99000.0,9.45,710.0,0.0,6.0,11558.0,0
8400.0,9.17,1,40000.0,5.7,695.0,0.0,15.0,6389.0,0
11500.0,10.78,1,74600.0,22.35,705.0,0.0,17.0,23703.0,0
12575.0,26.99,6,37000.0,15.26,695.0,0.0,10.0,7696.0,0
20000.0,12.88,2,72000.0,23.82,705.0,0.0,11.0,18970.0,0
24000.0,14.85,2,90000.0,19.04,660.0,0.0,9.0,9820.0,0
3500.0,17.97,3,53000.0,31.86,665.0,0.0,30.0,29080.0,0
20000.0,13.99,2,99000.0,17.76,670.0,1.0,12.0,34938.0,0
21000.0,12.88,2,112000.0,27.01,670.0,0.0,19.0,97241.0,0
9000.0,11.48,1,75000.0,21.74,690.0,1.0,12.0,17625.0,1
12000.0,14.85,2,30000.0,18.0,665.0,0.0,10.0,13078.0,0
25000.0,9.8,1,144000.0,31.55,735.0,0.0,17.0,77820.0,1
10000.0,10.78,1,43000.0,28.22,670.0,1.0,27.0,8043.0,1
5500.0,12.88,2,31368.0,29.84,665.0,0.0,4.0,1184.0,0
12000.0,10.78,1,70000.0,37.72,665.0,1.0,19.0,14271.0,1
6000.0,10.78,1,32000.0,15.49,760.0,0.0,14.0,3393.0,0
11000.0,9.8,1,42000.0,28.46,685.0,0.0,21.0,6222.0,0
18000.0,10.78,1,70000.0,21.64,690.0,0.0,9.0,11422.0,1
7000.0,6.99,0,90000.0,8.36,790.0,0.0,11.0,6910.0,0
12000.0,7.91,0,30000.0,14.68,695.0,0.0,12.0,12116.0,0
10000.0,9.17,1,45000.0,12.21,660.0,0.0,5.0,17924.0,0
31000.0,6.99,0,87000.0,20.29,750.0,0.0,10.0,140.0,0
14600.0,23.13,5,43000.0,21.83,660.0,0.0,6.0,4262.0,1
35000.0,19.48,4,120000.0,18.99,700.0,0.0,10.0,16285.0,0
31150.0,22.45,5,100000.0,22.3,670.0,0.0,16.0,20649.0,0
12500.0,8.49,1,85000.0,10.02,665.0,0.0,15.0,17862.0,0
28000.0,5.32,0,142000.0,24.17,680.0,1.0,16.0,313070.0,0
24000.0,13.99,2,100000.0,25.87,685.0,0.0,17.0,23335.0,0
16000.0,6.99,0,80000.0,6.36,705.0,0.0,7.0,19716.0,0
10000.0,10.78,1,85000.0,11.65,675.0,0.0,12.0,1874.0,0
30000.0,19.48,4,76000.0,17.39,710.0,2.0,16.0,10216.0,0
20000.0,12.88,2,65000.0,27.36,695.0,0.0,16.0,22216.0,0
10200.0,7.91,0,42000.0,12.49,700.0,0.0,22.0,7101.0,0
19200.0,18.49,3,142000.0,35.09,705.0,1.0,11.0,0.0,1
11500.0,18.49,3,32000.0,23.37,675.0,0.0,10.0,9131.0,1
10000.0,10.78,1,73000.0,19.56,680.0,1.0,13.0,13876.0,0
9600.0,5.32,0,74500.0,19.89,730.0,0.0,13.0,8139.0,0
15400.0,13.44,2,35000.0,12.69,705.0,0.0,3.0,16370.0,0
15950.0,13.99,2,65000.0,33.15,680.0,0.0,14.0,13333.0,0
16000.0,11.99,2,73000.0,16.52,665.0,0.0,7.0,15780.0,1
35000.0,9.17,1,111000.0,29.77,710.0,0.0,25.0,41586.0,0
15000.0,8.49,1,45000.0,7.17,675.0,0.0,4.0,12173.0,0
17025.0,18.99,4,62000.0,32.11,665.0,1.0,9.0,20859.0,1
8000.0,6.49,0,65000.0,20.51,690.0,0.0,10.0,11579.0,0
7200.0,10.78,1,30000.0,21.12,705.0,1.0,11.0,2977.0,0
10000.0,10.78,1,27000.0,24.22,670.0,0.0,5.0,5207.0,0
14000.0,9.17,1,77000.0,21.92,705.0,0.0,19.0,31480.0,0
10000.0,17.27,3,40000.0,29.91,670.0,0.0,8.0,10069.0,0
3000.0,13.99,2,70000.0,9.48,705.0,0.0,7.0,5449.0,0
1500.0,14.85,2,35360.0,20.33,705.0,0.0,6.0,4456.0,0
7625.0,26.99,6,100000.0,5.41,700.0,0.0,8.0,4460.0,0
17975.0,13.44,2,110000.0,9.57,660.0,0.0,19.0,12352.0,0
15000.0,8.49,1,52000.0,28.66,700.0,1.0,8.0,14419.0,0
15000.0,8.49,1,56000.0,16.95,690.0,2.0,15.0,7265.0,0
15000.0,11.99,2,55000.0,29.63,665.0,3.0,10.0,11598.0,1
7200.0,12.88,2,57000.0,12.29,705.0,0.0,6.0,3865.0,1
2400.0,12.88,2,70000.0,9.69,665.0,0.0,8.0,2003.0,0
4100.0,16.59,3,19000.0,9.6,675.0,0.0,4.0,6001.0,0
17000.0,7.91,0,110000.0,5.0,705.0,0.0,12.0,10392.0,0
21000.0,9.17,1,95000.0,20.0,690.0,2.0,8.0,7794.0,0
16625.0,20.5,4,79632.0,20.6,670.0,1.0,6.0,11214.0,1
17000.0,11.48,1,68000.0,21.48,665.0,0.0,13.0,23264.0,0
30000.0,10.78,1,260000.0,14.7,705.0,0.0,19.0,46989.0,0
16000.0,5.32,0,110000.0,8.59,705.0,0.0,9.0,17923.0,0
7000.0,6.99,0,70000.0,23.73,750.0,0.0,22.0,9072.0,0
3525.0,17.27,3,70000.0,14.59,670.0,0.0,4.0,6375.0,0
19200.0,6.49,0,78000.0,22.88,720.0,0.0,14.0,24314.0,0
10350.0,17.27,3,66000.0,11.27,660.0,4.0,11.0,704.0,0
5000.0,9.17,1,32640.0,7.5,685.0,0.0,14.0,9999.0,0
1400.0,12.88,2,89000.0,2.75,660.0,1.0,3.0,3500.0,0
23000.0,9.8,1,60000.0,32.36,680.0,0.0,24.0,9493.0,0
10000.0,5.32,0,85000.0,28.06,725.0,0.0,32.0,62495.0,0
12500.0,8.49,1,75300.0,13.61,680.0,0.0,15.0,13786.0,0
15000.0,12.88,2,82000.0,24.5,680.0,3.0,6.0,3388.0,0
6000.0,11.48,1,30680.0,21.67,670.0,0.0,8.0,7867.0,0
5000.0,9.8,1,30000.0,4.72,670.0,0.0,6.0,1710.0,0
18025.0,12.88,2,39200.0,29.5,700.0,0.0,13.0,27165.0,0
16000.0,11.99,2,120000.0,22.71,705.0,0.0,13.0,20571.0,0
5000.0,8.49,1,45000.0,17.97,670.0,0.0,9.0,5110.0,0
11350.0,16.59,3,23208.0,30.4,660.0,1.0,10.0,10198.0,0
4050.0,18.99,4,53000.0,17.55,675.0,0.0,6.0,2689.0,0
17000.0,9.17,1,50000.0,4.2,660.0,1.0,6.0,3643.0,1
12000.0,17.97,3,58000.0,29.46,680.0,0.0,6.0,18145.0,1
7500.0,13.99,2,60000.0,33.0,665.0,0.0,11.0,4667.0,0
16000.0,16.59,3,80000.0,10.79,670.0,2.0,7.0,1868.0,0
12000.0,11.99,2,65000.0,14.84,690.0,1.0,12.0,6530.0,0
9375.0,17.27,3,36000.0,25.4,670.0,2.0,13.0,3514.0,0
25000.0,15.77,3,58000.0,20.57,705.0,0.0,13.0,21865.0,1
14000.0,6.49,0,67500.0,10.79,750.0,1.0,11.0,13689.0,0
14400.0,6.49,0,120000.0,12.35,740.0,0.0,9.0,6312.0,0
25950.0,17.27,3,68000.0,28.79,705.0,0.0,12.0,28382.0,0
15000.0,14.85,2,80000.0,16.11,665.0,0.0,9.0,9479.0,0
6000.0,13.99,2,26000.0,18.93,680.0,0.0,6.0,5774.0,1
24000.0,19.89,4,76000.0,16.94,690.0,0.0,11.0,5902.0,0
20000.0,7.91,0,110000.0,10.35,695.0,0.0,10.0,9367.0,0
6000.0,9.17,1,87000.0,18.95,720.0,0.0,11.0,7318.0,0
14400.0,7.49,0,90000.0,11.68,730.0,0.0,12.0,18814.0,0
10000.0,14.85,2,30000.0,24.0,660.0,1.0,7.0,10847.0,0
19200.0,9.17,1,120000.0,21.95,720.0,0.0,13.0,50652.0,0
14000.0,19.89,4,45000.0,28.83,675.0,0.0,8.0,8837.0,1
9000.0,9.8,1,65000.0,31.76,700.0,0.0,19.0,23087.0,0
12025.0,18.99,4,110000.0,12.74,660.0,0.0,12.0,5791.0,1
26050.0,7.91,0,82300.0,12.5,775.0,0.0,11.0,24319.0,0
12000.0,12.88,2,45000.0,4.8,665.0,0.0,2.0,2747.0,0
8875.0,6.99,0,40540.0,23.68,735.0,0.0,8.0,11680.0,0
10000.0,9.8,1,120000.0,9.42,690.0,0.0,9.0,11242.0,1
5000.0,11.99,2,65000.0,11.58,660.0,0.0,7.0,21458.0,0
3500.0,13.44,2,27888.0,27.93,665.0,2.0,11.0,4932.0,1
10000.0,12.88,2,42000.0,12.74,660.0,0.0,7.0,5010.0,1
16000.0,7.91,0,67000.0,16.99,700.0,1.0,15.0,9656.0,0
27275.0,22.45,5,62000.0,31.94,680.0,0.0,13.0,16364.0,1
10000.0,7.91,0,23000.0,11.22,730.0,0.0,1.0,9095.0,0
20000.0,10.78,1,73100.0,23.12,715.0,0.0,8.0,17490.0,0
8000.0,10.78,1,72000.0,25.4,700.0,0.0,6.0,1250.0,0
12650.0,11.99,2,45000.0,22.91,665.0,0.0,17.0,11150.0,1
1000.0,14.85,2,43000.0,10.49,775.0,0.0,9.0,1025.0,0
4875.0,21.48,4,14364.0,30.24,660.0,0.0,7.0,1892.0,1
10000.0,13.44,2,33000.0,15.05,660.0,1.0,8.0,5793.0,0
29000.0,9.8,1,147000.0,14.36,685.0,0.0,16.0,17338.0,0
30000.0,9.8,1,90000.0,20.47,665.0,0.0,14.0,18456.0,1
22500.0,14.85,2,59861.0,4.53,705.0,1.0,10.0,3911.0,0
15000.0,10.78,1,38000.0,19.93,685.0,0.0,9.0,15297.0,0
9475.0,14.48,2,45000.0,17.47,680.0,0.0,6.0,3835.0,0
23975.0,13.99,2,60000.0,32.42,705.0,0.0,22.0,28043.0,1
5400.0,12.88,2,44027.0,9.38,715.0,1.0,12.0,11949.0,1
9000.0,13.44,2,48000.0,16.63,695.0,0.0,7.0,4256.0,0
18000.0,7.49,0,80000.0,11.68,705.0,0.0,7.0,21415.0,0
35000.0,11.48,1,73485.0,26.1,730.0,0.0,19.0,24806.0,0
15000.0,9.17,1,71000.0,15.91,675.0,0.0,8.0,4966.0,0
6000.0,8.49,1,90000.0,20.55,800.0,0.0,8.0,5946.0,0
15000.0,5.32,0,49000.0,25.01,775.0,0.0,11.0,3254.0,0
10000.0,11.99,2,36000.0,26.47,660.0,0.0,8.0,9527.0,0
15000.0,8.49,1,60000.0,6.52,685.0,1.0,11.0,13984.0,0
16200.0,24.24,5,45000.0,36.17,665.0,0.0,10.0,33233.0,0
8000.0,10.78,1,28000.0,29.02,735.0,0.0,11.0,3131.0,0
5000.0,9.8,1,40000.0,38.64,680.0,0.0,10.0,5977.0,0
6025.0,11.48,1,65000.0,14.6,685.0,0.0,7.0,4965.0,0
18000.0,9.8,1,42000.0,2.77,710.0,0.0,4.0,2630.0,1
24000.0,9.17,1,100000.0,35.68,715.0,0.0,10.0,108187.0,0
16000.0,7.91,0,110000.0,20.09,685.0,1.0,10.0,15759.0,0
15000.0,10.78,1,145000.0,8.18,705.0,0.0,10.0,1478.0,0
1500.0,13.99,2,25000.0,16.03,670.0,0.0,8.0,9397.0,0
35000.0,9.8,1,150000.0,11.04,710.0,0.0,8.0,41334.0,0
14000.0,15.77,3,32577.0,38.25,700.0,0.0,8.0,19335.0,0
10000.0,10.78,1,80000.0,13.67,695.0,0.0,9.0,21391.0,0
21575.0,16.59,3,52000.0,10.76,710.0,0.0,17.0,8117.0,1
21600.0,5.32,0,100000.0,28.13,710.0,2.0,22.0,45622.0,0
8000.0,14.85,2,28000.0,23.75,705.0,0.0,5.0,15239.0,0
15000.0,5.32,0,158000.0,14.82,735.0,0.0,25.0,22153.0,0
16000.0,8.49,1,70000.0,14.19,760.0,0.0,17.0,20845.0,1
10000.0,15.41,3,30000.0,30.8,710.0,0.0,13.0,5327.0,1
7000.0,6.99,0,42000.0,5.57,730.0,0.0,12.0,6222.0,0
10725.0,12.88,2,80000.0,17.46,680.0,0.0,14.0,9301.0,0
3000.0,11.99,2,25000.0,18.92,710.0,0.0,10.0,8184.0,0
3250.0,19.48,4,12000.0,28.4,670.0,0.0,7.0,3131.0,0
5350.0,18.99,4,21000.0,19.43,680.0,0.0,9.0,7826.0,1
15000.0,7.49,0,110000.0,6.74,785.0,0.0,4.0,2637.0,0
10000.0,13.99,2,50000.0,9.72,670.0,3.0,11.0,10377.0,0
20000.0,13.99,2,70000.0,22.61,675.0,0.0,12.0,20426.0,0
10000.0,8.49,1,100000.0,23.97,700.0,0.0,9.0,31006.0,0
12525.0,13.99,2,33000.0,33.09,730.0,0.0,10.0,10280.0,0
20000.0,6.49,0,65000.0,25.48,745.0,0.0,15.0,8500.0,0
10000.0,12.88,2,150000.0,17.09,685.0,0.0,12.0,52791.0,1
16825.0,13.44,2,60000.0,28.41,660.0,11.0,9.0,4062.0,0
10000.0,9.17,1,120000.0,6.17,660.0,1.0,10.0,8654.0,0
14000.0,7.49,0,62000.0,11.16,705.0,1.0,13.0,9382.0,0
20000.0,11.48,1,50000.0,14.57,675.0,0.0,10.0,12567.0,1
12000.0,13.44,2,74000.0,37.56,680.0,0.0,13.0,59165.0,0
5000.0,10.78,1,65000.0,11.1,665.0,1.0,11.0,6765.0,0
10000.0,10.78,1,30000.0,11.52,700.0,0.0,8.0,7192.0,1
24000.0,14.85,2,110000.0,18.23,695.0,0.0,11.0,51026.0,1
8000.0,9.17,1,55000.0,15.4,660.0,1.0,10.0,6655.0,0
30000.0,13.99,2,80000.0,35.25,695.0,2.0,17.0,29489.0,0
4775.0,21.48,4,50000.0,17.02,665.0,2.0,10.0,436.0,0
6000.0,7.49,0,94500.0,20.77,725.0,0.0,27.0,9282.0,0
8000.0,10.78,1,52000.0,16.87,665.0,1.0,21.0,6427.0,0
3000.0,12.88,2,27300.0,21.76,695.0,5.0,12.0,1376.0,1
13600.0,15.77,3,110000.0,7.46,665.0,0.0,6.0,9508.0,0
3000.0,9.8,1,60000.0,7.5,700.0,0.0,8.0,8083.0,0
8500.0,14.85,2,25000.0,26.93,660.0,1.0,7.0,663.0,0
3825.0,20.5,4,12000.0,20.2,660.0,0.0,6.0,6804.0,0
16000.0,10.78,1,53000.0,8.83,680.0,0.0,5.0,11878.0,0
21000.0,7.91,0,70000.0,28.09,720.0,0.0,16.0,35337.0,1
2000.0,18.49,3,19000.0,7.33,695.0,0.0,5.0,4265.0,0
23025.0,14.85,2,102000.0,8.2,695.0,0.0,5.0,9186.0,1
4000.0,10.78,1,51000.0,20.75,665.0,0.0,9.0,4883.0,0
4500.0,27.99,6,15000.0,8.24,675.0,0.0,6.0,3732.0,0
18000.0,12.88,2,87500.0,10.46,720.0,0.0,8.0,2070.0,1
16650.0,18.99,4,83000.0,29.41,690.0,0.0,9.0,28481.0,0
8400.0,12.88,2,41000.0,37.97,680.0,0.0,15.0,8562.0,0
35000.0,11.99,2,77500.0,30.07,755.0,0.0,19.0,45568.0,0
25000.0,13.99,2,75000.0,22.86,680.0,0.0,11.0,20847.0,1
15000.0,10.78,1,160000.0,7.85,690.0,0.0,10.0,10119.0,0
19200.0,14.85,2,98000.0,9.93,685.0,0.0,8.0,10923.0,0
16000.0,9.8,1,96000.0,16.28,680.0,3.0,16.0,11901.0,0
18000.0,5.32,0,178500.0,12.04,810.0,0.0,13.0,16723.0,0
5000.0,9.76,1,18696.0,31.45,665.0,1.0,10.0,4460.0,0
35000.0,21.99,5,103000.0,22.17,660.0,0.0,10.0,23879.0,1
16000.0,5.32,0,1400000.0,0.07,785.0,0.0,10.0,3141.0,0
30000.0,17.27,3,90000.0,10.31,685.0,0.0,14.0,13798.0,1
34975.0,15.41,3,120000.0,22.49,690.0,0.0,23.0,43979.0,1
10950.0,19.48,4,60000.0,18.38,660.0,0.0,6.0,10502.0,0
25000.0,9.17,1,156000.0,16.12,700.0,0.0,10.0,49865.0,0
13200.0,9.76,1,50891.0,13.07,660.0,0.0,11.0,13265.0,0
14000.0,16.99,3,75000.0,20.56,670.0,2.0,11.0,5399.0,1
8000.0,8.38,1,45000.0,14.33,775.0,0.0,13.0,4515.0,1
33600.0,16.55,3,76524.0,38.17,665.0,0.0,22.0,16675.0,1
20000.0,5.32,0,120000.0,11.39,700.0,0.0,22.0,18237.0,0
25525.0,25.99,5,90000.0,19.63,675.0,0.0,8.0,4420.0,1
12000.0,9.17,1,112000.0,27.79,680.0,0.0,21.0,22749.0,0
10000.0,14.48,2,150000.0,12.21,665.0,1.0,21.0,13371.0,1
6800.0,18.99,4,20000.0,30.19,665.0,0.0,12.0,4672.0,0
30000.0,13.18,2,130000.0,13.99,700.0,0.0,11.0,31959.0,0
9000.0,12.59,2,52000.0,27.6,660.0,1.0,9.0,4501.0,0
3500.0,14.85,2,165000.0,19.94,715.0,0.0,17.0,57497.0,0
19200.0,13.67,2,48000.0,10.2,680.0,0.0,8.0,3207.0,0
11200.0,9.76,1,50000.0,2.69,730.0,0.0,6.0,4165.0,0
15000.0,13.99,2,95000.0,5.09,685.0,0.0,10.0,10073.0,1
28500.0,20.5,4,80000.0,25.57,670.0,0.0,9.0,19202.0,1
6950.0,12.59,2,48000.0,20.0,700.0,0.0,6.0,0.0,0
6000.0,13.99,2,91000.0,20.82,705.0,0.0,16.0,14074.0,0
9000.0,13.67,2,35000.0,21.33,710.0,1.0,12.0,5401.0,0
14000.0,17.57,3,52000.0,13.27,700.0,0.0,10.0,4982.0,0
10000.0,13.67,2,60000.0,26.64,715.0,1.0,10.0,6856.0,0
19350.0,24.24,5,44000.0,23.46,695.0,0.0,10.0,11300.0,1
6250.0,13.67,2,40523.0,34.75,660.0,0.0,15.0,9207.0,0
11700.0,18.2,4,32500.0,27.92,670.0,0.0,5.0,8431.0,1
35000.0,22.99,5,100000.0,20.24,700.0,2.0,14.0,57111.0,0
35000.0,13.18,2,110000.0,37.83,710.0,0.0,10.0,47648.0,0
22800.0,13.67,2,120000.0,15.06,700.0,0.0,18.0,18445.0,0
8500.0,7.89,0,35000.0,8.74,745.0,0.0,12.0,9554.0,0
3200.0,10.78,1,32880.0,6.82,670.0,0.0,8.0,4397.0,0
30000.0,6.89,0,125000.0,17.3,725.0,1.0,21.0,35414.0,0
15600.0,11.48,1,56000.0,19.95,665.0,0.0,10.0,8909.0,0
20000.0,11.99,2,90000.0,14.13,665.0,0.0,10.0,6092.0,0
10000.0,8.38,1,40000.0,20.24,675.0,0.0,17.0,19124.0,0
6025.0,13.44,2,43000.0,15.21,670.0,0.0,9.0,9246.0,0
30000.0,18.2,4,80000.0,21.11,715.0,0.0,10.0,11931.0,0
10000.0,8.38,1,104000.0,17.24,675.0,2.0,12.0,9233.0,0
12000.0,9.17,1,101800.0,15.44,660.0,1.0,12.0,10976.0,0
13975.0,7.26,0,84000.0,23.19,735.0,0.0,41.0,16160.0,1
24000.0,11.22,1,88000.0,24.25,720.0,0.0,9.0,25604.0,1
5000.0,16.55,3,67000.0,10.84,665.0,2.0,13.0,8160.0,1
7200.0,6.89,0,36500.0,33.21,705.0,0.0,13.0,24775.0,0
31950.0,19.99,4,120000.0,16.81,660.0,0.0,14.0,8028.0,0
14000.0,7.89,0,95000.0,29.93,705.0,0.0,12.0,16190.0,0
18000.0,18.99,4,57000.0,13.66,660.0,0.0,10.0,1939.0,1
15000.0,13.18,2,62000.0,17.33,735.0,0.0,11.0,7556.0,0
20000.0,6.24,0,120000.0,3.31,680.0,0.0,11.0,8678.0,0
3000.0,11.99,2,42000.0,9.97,670.0,1.0,10.0,7964.0,0
16000.0,5.32,0,45000.0,26.11,725.0,0.0,9.0,20148.0,0
9100.0,6.24,0,71750.0,18.73,680.0,0.0,16.0,9340.0,0
2500.0,13.44,2,16727.0,21.39,675.0,0.0,5.0,2185.0,0
25200.0,13.18,2,85000.0,25.84,710.0,0.0,21.0,9387.0,0
15000.0,11.22,1,56900.0,28.58,705.0,0.0,14.0,14214.0,0
12000.0,11.99,2,100000.0,10.7,700.0,2.0,14.0,7110.0,0
35000.0,12.59,2,100000.0,12.65,720.0,0.0,9.0,38419.0,0
5000.0,7.49,0,60000.0,25.76,735.0,0.0,10.0,1132.0,1
16000.0,6.24,0,130000.0,9.92,725.0,0.0,7.0,43419.0,1
21000.0,9.17,1,200000.0,8.11,660.0,1.0,4.0,49737.0,0
5925.0,13.44,2,50000.0,35.8,690.0,1.0,12.0,11778.0,0
6000.0,9.76,1,110000.0,9.18,680.0,2.0,9.0,13446.0,0
9600.0,10.64,1,46000.0,25.28,680.0,0.0,23.0,30577.0,0
10000.0,12.88,2,30000.0,27.2,665.0,0.0,4.0,17320.0,0
15600.0,8.38,1,120000.0,8.32,670.0,0.0,15.0,30753.0,1
19300.0,11.48,1,39000.0,26.47,675.0,0.0,16.0,28849.0,1
10000.0,11.48,1,85000.0,8.8,675.0,0.0,9.0,11950.0,1
10000.0,13.18,2,70000.0,6.14,660.0,0.0,8.0,9064.0,0
20000.0,12.59,2,60500.0,29.7,690.0,0.0,13.0,22337.0,1
35000.0,13.18,2,130000.0,23.78,675.0,1.0,19.0,38841.0,1
3000.0,9.17,1,31200.0,18.77,675.0,0.0,13.0,4364.0,0
12000.0,9.76,1,61000.0,25.95,665.0,2.0,15.0,15335.0,0
8725.0,27.31,6,29120.0,19.41,665.0,1.0,5.0,2907.0,0
1000.0,11.48,1,40000.0,18.36,680.0,0.0,14.0,9479.0,0
15000.0,12.59,2,55000.0,16.39,700.0,1.0,14.0,4662.0,0
14000.0,17.27,3,70000.0,33.84,670.0,4.0,29.0,15330.0,1
35000.0,19.48,4,100000.0,27.64,675.0,0.0,24.0,35316.0,0
10000.0,10.78,1,65000.0,35.69,730.0,0.0,13.0,10376.0,1
3700.0,13.67,2,58000.0,35.26,670.0,0.0,19.0,19878.0,0
5000.0,11.48,1,38000.0,28.49,665.0,0.0,25.0,6038.0,0
1000.0,13.67,2,66000.0,10.82,665.0,1.0,5.0,6220.0,0
21600.0,13.18,2,85000.0,34.02,695.0,2.0,17.0,35247.0,1
5000.0,11.99,2,67000.0,26.09,690.0,1.0,10.0,17467.0,0
18500.0,14.48,2,84000.0,30.96,660.0,1.0,13.0,3516.0,1
15000.0,9.8,1,53500.0,27.01,680.0,3.0,21.0,24875.0,1
15000.0,11.48,1,95000.0,17.47,730.0,0.0,9.0,42317.0,1
8025.0,11.22,1,65000.0,22.14,685.0,0.0,13.0,10616.0,0
12375.0,18.2,4,57000.0,27.22,675.0,0.0,19.0,26983.0,0
30000.0,9.17,1,80000.0,24.84,700.0,0.0,12.0,22224.0,0
20000.0,7.26,0,175000.0,11.23,680.0,2.0,12.0,20365.0,0
6025.0,14.85,2,75000.0,23.81,705.0,1.0,11.0,1093.0,0
9800.0,8.38,1,50000.0,23.09,700.0,0.0,13.0,16307.0,0
32850.0,13.18,2,125000.0,13.86,660.0,1.0,8.0,11760.0,0
20000.0,10.64,1,200000.0,7.38,715.0,0.0,8.0,3800.0,0
35000.0,12.59,2,125195.2,34.14,705.0,0.0,14.0,67898.0,0
10000.0,7.89,0,60000.0,15.72,665.0,0.0,17.0,10127.0,0
35000.0,18.49,3,400000.0,18.31,680.0,0.0,9.0,179730.0,0
4325.0,16.55,3,42199.0,37.4,700.0,0.0,9.0,1346.0,0
7200.0,12.59,2,57030.0,24.2,660.0,0.0,15.0,4779.0,0
3000.0,19.89,4,48000.0,35.33,665.0,0.0,16.0,6651.0,0
16800.0,13.67,2,55000.0,16.98,670.0,0.0,15.0,18063.0,0
12825.0,12.59,2,69000.0,29.03,670.0,0.0,9.0,20130.0,0
10400.0,20.99,4,26000.0,24.01,690.0,0.0,5.0,8124.0,0
5000.0,7.49,0,29520.0,32.07,705.0,1.0,11.0,5710.0,0
16000.0,27.88,6,40000.0,27.15,695.0,0.0,13.0,6143.0,0
4000.0,11.99,2,28000.0,23.23,710.0,0.0,5.0,5297.0,0
12000.0,8.38,1,62000.0,16.09,700.0,0.0,6.0,11609.0,0
10000.0,11.99,2,60000.0,18.84,665.0,0.0,11.0,5103.0,0
12000.0,16.99,3,73000.0,21.9,675.0,2.0,8.0,13331.0,0
24000.0,10.78,1,125000.0,23.39,685.0,1.0,15.0,66762.0,0
6500.0,13.18,2,43500.0,35.61,665.0,1.0,8.0,12796.0,0
15000.0,9.17,1,50000.0,8.76,715.0,0.0,7.0,14136.0,0
3600.0,12.59,2,13000.0,35.55,755.0,0.0,7.0,2045.0,1
15000.0,11.48,1,75000.0,31.58,720.0,0.0,10.0,4813.0,0
5000.0,11.22,1,29000.0,13.16,680.0,1.0,7.0,14523.0,0
8000.0,13.44,2,72000.0,17.7,665.0,0.0,11.0,8913.0,1
8000.0,15.77,3,32000.0,7.19,695.0,0.0,6.0,7511.0,1
4000.0,9.17,1,65000.0,11.15,705.0,0.0,9.0,5646.0,0
30000.0,17.57,3,80000.0,16.46,685.0,0.0,13.0,53103.0,0
15000.0,21.99,5,37000.0,21.34,670.0,0.0,23.0,10157.0,1
10000.0,9.76,1,40000.0,23.4,725.0,0.0,9.0,8819.0,0
10000.0,15.41,3,45000.0,18.89,675.0,0.0,9.0,12423.0,0
34300.0,16.55,3,78000.0,28.29,705.0,0.0,17.0,6516.0,0
1650.0,18.2,4,20000.0,21.31,665.0,0.0,7.0,5486.0,0
22400.0,10.64,1,95000.0,15.37,715.0,0.0,8.0,15537.0,0
25000.0,11.99,2,185000.0,17.36,745.0,0.0,16.0,56089.0,0
32000.0,13.67,2,142000.0,24.84,730.0,0.0,52.0,35383.0,1
12000.0,6.89,0,87000.0,12.5,710.0,0.0,14.0,19910.0,1
14800.0,5.32,0,65000.0,18.54,700.0,0.0,20.0,14840.0,1
18000.0,15.77,3,65000.0,38.04,675.0,0.0,19.0,19106.0,1
10000.0,10.64,1,35000.0,11.69,670.0,0.0,12.0,4969.0,0
2150.0,9.17,1,66000.0,4.6,730.0,0.0,11.0,0.0,0
6000.0,7.91,0,32000.0,18.49,710.0,1.0,10.0,5024.0,0
7875.0,11.99,2,56300.0,24.73,665.0,0.0,11.0,11112.0,0
5000.0,7.89,0,47840.0,27.37,745.0,0.0,9.0,1958.0,0
8000.0,8.38,1,39000.0,23.02,690.0,0.0,8.0,8260.0,0
20000.0,13.99,2,105000.0,8.7,690.0,0.0,15.0,22549.0,0
2325.0,19.99,4,25882.92,16.74,690.0,0.0,4.0,17629.0,0
8000.0,9.17,1,60000.0,29.66,665.0,0.0,11.0,17186.0,0
21000.0,21.48,4,62000.0,17.65,675.0,1.0,30.0,14137.0,1
35000.0,17.86,3,109500.0,26.93,690.0,1.0,17.0,48583.0,0
9000.0,11.99,2,91800.0,23.76,675.0,1.0,9.0,3639.0,0
15000.0,7.49,0,58729.0,8.7,765.0,0.0,5.0,4856.0,0
8000.0,7.89,0,80000.0,12.93,730.0,0.0,11.0,5207.0,0
3500.0,11.48,1,45000.0,10.72,665.0,0.0,18.0,5122.0,0
5000.0,11.48,1,40000.0,32.55,695.0,1.0,9.0,13639.0,0
5000.0,11.99,2,27000.0,6.98,665.0,0.0,7.0,4518.0,1
35000.0,17.57,3,90000.0,6.34,680.0,0.0,9.0,22588.0,0
8000.0,14.48,2,145600.0,32.19,660.0,0.0,21.0,32137.0,1
15000.0,9.76,1,52000.0,24.56,775.0,0.0,9.0,3168.0,0
16000.0,9.8,1,115000.0,9.41,680.0,0.0,19.0,12049.0,0
7000.0,9.8,1,115000.0,12.94,685.0,0.0,15.0,47662.0,0
16000.0,5.32,0,70000.0,26.88,725.0,0.0,27.0,19038.0,0
8000.0,8.38,1,131000.0,14.06,680.0,0.0,10.0,15192.0,0
20000.0,7.91,0,70000.0,25.37,700.0,0.0,19.0,32273.0,1
6025.0,12.59,2,52000.0,12.99,670.0,0.0,5.0,5599.0,0
12000.0,12.59,2,60000.0,12.74,715.0,0.0,13.0,9105.0,0
15000.0,9.8,1,33000.0,2.73,710.0,0.0,2.0,3221.0,1
12000.0,7.26,0,35000.0,24.79,715.0,0.0,16.0,10925.0,0
8000.0,11.99,2,35000.0,26.99,670.0,0.0,9.0,7299.0,0
13400.0,16.55,3,44000.0,31.45,695.0,0.0,8.0,1199.0,1
10000.0,6.89,0,58000.0,11.32,690.0,1.0,11.0,10224.0,0
2500.0,10.64,1,87000.0,17.19,675.0,0.0,10.0,10833.0,0
8000.0,10.64,1,55000.0,10.23,680.0,1.0,7.0,7113.0,0
10000.0,8.38,1,95000.0,12.39,670.0,0.0,14.0,13357.0,0
18875.0,16.55,3,52200.0,28.02,705.0,6.0,14.0,11803.0,0
10000.0,7.89,0,203000.0,23.07,710.0,0.0,10.0,99632.0,0
32000.0,17.97,3,98000.0,7.8,675.0,1.0,17.0,5230.0,0
2000.0,13.44,2,14200.0,28.23,665.0,0.0,4.0,4788.0,0
6000.0,12.88,2,31000.0,9.68,660.0,3.0,5.0,3136.0,1
24475.0,24.24,5,68000.0,13.55,755.0,0.0,14.0,9788.0,0
20000.0,18.49,3,70000.0,17.16,660.0,0.0,7.0,19771.0,1
25000.0,9.17,1,101000.0,19.19,680.0,0.0,9.0,15618.0,0
6550.0,11.99,2,52686.0,11.53,670.0,0.0,7.0,2626.0,0
35000.0,7.26,0,225000.0,13.56,805.0,0.0,12.0,2956.0,1
7500.0,10.64,1,60000.0,36.25,660.0,0.0,14.0,113153.0,0
11500.0,9.17,1,48000.0,17.15,665.0,1.0,4.0,8195.0,0
4925.0,23.99,5,71200.0,17.79,705.0,0.0,11.0,2347.0,0
35000.0,23.99,5,300000.0,9.23,675.0,1.0,8.0,42728.0,0
9000.0,13.18,2,55000.0,35.59,660.0,0.0,8.0,27230.0,1
28000.0,9.17,1,88323.0,29.01,740.0,0.0,15.0,52937.0,0
7000.0,7.26,0,50000.0,3.36,710.0,0.0,4.0,7014.0,0
3000.0,9.17,1,55000.0,5.28,675.0,0.0,5.0,5748.0,0
24000.0,5.32,0,65000.0,20.25,765.0,0.0,26.0,15581.0,0
6000.0,10.64,1,31000.0,7.24,675.0,0.0,7.0,3657.0,0
8000.0,12.59,2,76700.0,14.79,665.0,0.0,15.0,27838.0,0
21000.0,11.99,2,110000.0,18.3,660.0,5.0,17.0,37790.0,1
15000.0,7.91,0,60480.0,21.15,695.0,0.0,13.0,42193.0,0
30000.0,8.49,1,118000.0,18.68,715.0,0.0,17.0,83382.0,0
12000.0,11.99,2,58000.0,11.81,715.0,0.0,7.0,9089.0,0
14400.0,15.77,3,67000.0,11.41,670.0,2.0,11.0,12486.0,1
2500.0,13.99,2,40000.0,18.76,755.0,0.0,10.0,3831.0,1
5000.0,7.89,0,50000.0,27.99,760.0,0.0,17.0,1320.0,0
3500.0,7.49,0,53000.0,22.31,725.0,0.0,10.0,2274.0,0
15000.0,18.2,4,54320.0,30.0,665.0,0.0,13.0,17510.0,1
19900.0,21.48,4,64000.0,28.05,690.0,0.0,10.0,10629.0,0
35000.0,16.55,3,93750.0,32.12,690.0,0.0,25.0,69087.0,0
18500.0,9.76,1,150000.0,11.35,685.0,0.0,22.0,37045.0,0
8000.0,15.41,3,80000.0,8.21,665.0,0.0,4.0,2153.0,1
20000.0,22.99,5,129000.0,9.14,675.0,0.0,9.0,31099.0,0
5400.0,10.64,1,30000.0,14.4,705.0,0.0,4.0,4157.0,0
24000.0,9.17,1,113000.0,20.92,680.0,0.0,15.0,50620.0,0
21375.0,17.86,3,424000.0,17.43,685.0,0.0,19.0,81085.0,0
26600.0,23.99,5,64000.0,34.43,675.0,0.0,16.0,29506.0,1
10000.0,6.89,0,60000.0,6.44,690.0,1.0,8.0,11714.0,0
20000.0,8.38,1,58000.0,12.1,670.0,0.0,17.0,25480.0,0
20000.0,14.48,2,70000.0,16.42,690.0,0.0,16.0,4106.0,0
35000.0,18.49,3,95000.0,33.8,670.0,0.0,12.0,51514.0,1
7800.0,12.88,2,40000.0,20.4,665.0,0.0,15.0,6092.0,0
7200.0,13.67,2,70000.0,17.44,685.0,1.0,13.0,12068.0,0
5600.0,13.67,2,41000.0,35.98,665.0,0.0,15.0,9118.0,0
8400.0,6.89,0,55000.0,14.18,680.0,0.0,10.0,6256.0,0
35000.0,11.99,2,225000.0,9.49,660.0,0.0,6.0,3380.0,0
7000.0,9.8,1,60000.0,18.0,680.0,2.0,14.0,7001.0,0
7200.0,18.2,4,95000.0,19.68,670.0,1.0,23.0,11018.0,0
35000.0,10.78,1,135000.0,11.43,720.0,0.0,20.0,40165.0,0
10625.0,17.27,3,38000.0,26.12,675.0,3.0,16.0,13660.0,0
6000.0,8.38,1,70000.0,4.85,660.0,0.0,5.0,3416.0,0
20000.0,15.41,3,55000.0,20.14,715.0,0.0,12.0,14790.0,0
16000.0,9.17,1,125000.0,8.84,760.0,0.0,12.0,9169.0,0
34000.0,9.17,1,84000.0,27.36,685.0,0.0,12.0,34718.0,0
10725.0,13.44,2,40000.0,35.41,690.0,0.0,10.0,14656.0,1
5000.0,17.86,3,34000.0,15.64,690.0,0.0,9.0,4660.0,1
23750.0,15.41,3,54000.0,24.44,700.0,0.0,11.0,24083.0,0
9500.0,9.17,1,55000.0,14.95,680.0,0.0,7.0,7722.0,0
35000.0,20.99,4,132000.0,1.44,680.0,0.0,4.0,5463.0,0
2400.0,10.64,1,55000.0,19.59,665.0,0.0,12.0,13077.0,0
20000.0,6.89,0,136500.0,34.55,705.0,0.0,22.0,63565.0,0
35000.0,7.89,0,142000.0,24.74,755.0,0.0,18.0,53250.0,0
35000.0,9.76,1,120000.0,18.7,745.0,0.0,11.0,21357.0,0
24000.0,11.22,1,135000.0,4.23,665.0,0.0,7.0,18581.0,0
15000.0,7.91,0,94272.0,24.01,710.0,0.0,16.0,34927.0,0
16000.0,16.59,3,81000.0,28.55,680.0,0.0,19.0,25147.0,1
7000.0,7.89,0,58000.0,30.66,695.0,0.0,14.0,25611.0,0
12000.0,7.26,0,65000.0,21.71,710.0,0.0,17.0,14319.0,0
14400.0,13.67,2,73000.0,35.36,660.0,0.0,13.0,10115.0,0
21000.0,7.49,0,80000.0,20.27,790.0,0.0,19.0,14121.0,0
25000.0,11.22,1,66509.0,17.97,685.0,0.0,28.0,6015.0,0
15000.0,8.49,1,54000.0,10.84,675.0,1.0,14.0,21259.0,0
1225.0,11.99,2,3964280.0,0.05,740.0,0.0,5.0,1208.0,0
16000.0,14.48,2,215000.0,11.14,720.0,1.0,20.0,10235.0,0
35000.0,7.89,0,180000.0,21.95,700.0,0.0,20.0,79466.0,0
17000.0,9.17,1,50000.0,11.45,670.0,0.0,8.0,15723.0,0
8400.0,16.55,3,40452.0,13.08,665.0,0.0,7.0,7592.0,1
14400.0,23.13,5,40000.0,32.82,680.0,4.0,14.0,11306.0,0
4500.0,9.17,1,28000.0,22.76,670.0,0.0,9.0,4539.0,0
22400.0,17.86,3,80000.0,28.88,660.0,1.0,12.0,12737.0,1
25000.0,7.49,0,110000.0,19.35,685.0,0.0,18.0,35467.0,0
5950.0,11.48,1,100000.0,9.67,690.0,0.0,8.0,50443.0,0
15000.0,13.18,2,100000.0,6.07,660.0,1.0,8.0,5451.0,0
10000.0,11.99,2,93000.0,19.11,700.0,0.0,10.0,8497.0,0
24000.0,13.18,2,96000.0,13.98,670.0,0.0,7.0,1355.0,0
22500.0,18.2,4,45000.0,21.26,685.0,1.0,15.0,10674.0,1
2800.0,16.99,3,55660.0,13.84,660.0,0.0,9.0,5000.0,0
22900.0,16.59,3,150000.0,15.12,700.0,0.0,8.0,33569.0,0
3000.0,14.85,2,54000.0,17.04,675.0,1.0,16.0,8523.0,1
9600.0,12.59,2,62000.0,18.68,665.0,0.0,8.0,8678.0,0
6000.0,5.32,0,45000.0,16.59,745.0,0.0,8.0,2580.0,0
16550.0,14.48,2,46000.0,14.61,705.0,0.0,19.0,6643.0,1
9500.0,8.38,1,46000.0,18.94,685.0,2.0,24.0,9468.0,0
6000.0,10.78,1,55000.0,11.15,690.0,0.0,14.0,4144.0,0
7000.0,9.17,1,25000.0,6.43,660.0,0.0,6.0,3648.0,0
10650.0,8.49,1,80000.0,7.19,710.0,0.0,13.0,22042.0,1
24000.0,21.48,4,54000.0,12.73,670.0,0.0,20.0,5121.0,0
20000.0,13.44,2,91500.0,23.84,660.0,0.0,16.0,20986.0,0
20000.0,11.22,1,92000.0,18.13,720.0,0.0,16.0,17173.0,0
12000.0,9.17,1,130000.0,12.46,820.0,0.0,12.0,3774.0,0
16000.0,6.24,0,87000.0,11.42,790.0,0.0,8.0,5302.0,0
30000.0,14.48,2,74358.0,23.55,660.0,0.0,24.0,53070.0,1
12000.0,16.59,3,70000.0,20.88,670.0,0.0,8.0,8316.0,0
12000.0,17.57,3,78500.0,23.24,660.0,0.0,11.0,24399.0,1
4800.0,12.88,2,50000.0,18.87,690.0,0.0,9.0,7535.0,0
20000.0,13.44,2,46500.0,19.59,665.0,0.0,9.0,16920.0,0
10450.0,15.41,3,40000.0,17.82,685.0,0.0,8.0,7582.0,0
9600.0,13.67,2,40000.0,8.4,675.0,0.0,10.0,3364.0,0
12000.0,6.99,0,100000.0,6.9,705.0,0.0,10.0,18613.0,0
12000.0,9.17,1,285000.0,13.4,700.0,0.0,16.0,116733.0,0
10000.0,17.97,3,120000.0,25.1,720.0,0.0,34.0,17466.0,1
15000.0,13.99,2,122000.0,26.31,670.0,0.0,19.0,18528.0,0
11350.0,5.32,0,70000.0,23.92,735.0,0.0,9.0,6317.0,0
3000.0,12.88,2,35000.0,24.76,690.0,0.0,7.0,43752.0,1
16000.0,13.18,2,63000.0,25.43,670.0,0.0,8.0,11967.0,0
25000.0,7.89,0,100000.0,13.06,740.0,0.0,8.0,23596.0,0
8400.0,12.59,2,96500.0,15.11,690.0,1.0,10.0,7325.0,0
17750.0,17.57,3,41000.0,30.27,685.0,0.0,22.0,16910.0,0
2400.0,12.88,2,60000.0,20.01,660.0,0.0,23.0,16291.0,0
28000.0,7.91,0,105000.0,17.43,690.0,0.0,9.0,32940.0,0
7000.0,6.89,0,67024.0,25.17,695.0,0.0,12.0,46515.0,0
28000.0,6.24,0,75000.0,20.91,730.0,0.0,16.0,23292.0,0
28000.0,15.41,3,130000.0,16.15,675.0,0.0,8.0,34911.0,0
22000.0,14.48,2,69000.0,14.1,680.0,0.0,6.0,10680.0,0
25000.0,11.99,2,60000.0,15.07,715.0,0.0,12.0,24308.0,0
33600.0,14.85,2,80000.0,28.02,670.0,0.0,30.0,43120.0,0
5325.0,11.99,2,30000.0,11.48,705.0,0.0,6.0,2874.0,0
24000.0,10.64,1,189000.0,23.12,695.0,0.0,14.0,61148.0,0
16000.0,6.24,0,75000.0,21.53,755.0,0.0,17.0,47158.0,0
20000.0,11.22,1,190000.0,19.16,675.0,0.0,12.0,25872.0,0
2000.0,16.55,3,43000.0,19.56,660.0,1.0,16.0,14153.0,0
14500.0,10.64,1,86000.0,12.62,680.0,0.0,11.0,12124.0,0
20000.0,8.38,1,96000.0,2.66,770.0,0.0,12.0,17809.0,0
5000.0,6.89,0,65000.0,33.4,730.0,0.0,21.0,20338.0,1
14600.0,9.17,1,59000.0,15.16,670.0,0.0,5.0,14735.0,0
15400.0,21.99,5,96000.0,7.55,695.0,1.0,5.0,6431.0,0
17500.0,20.5,4,134000.0,5.21,730.0,0.0,4.0,3684.0,1
23000.0,17.86,3,50000.0,28.92,670.0,0.0,10.0,12258.0,0
10000.0,11.99,2,42000.0,23.76,660.0,0.0,36.0,9864.0,0
20000.0,6.89,0,141000.0,2.34,720.0,0.0,8.0,13225.0,0
12000.0,6.24,0,75000.0,14.88,820.0,0.0,8.0,481.0,0
4000.0,9.17,1,55000.0,9.64,665.0,0.0,6.0,1062.0,0
16000.0,9.17,1,32000.0,16.77,730.0,0.0,9.0,14109.0,0
22000.0,8.38,1,85000.0,11.03,665.0,0.0,4.0,18902.0,0
10000.0,8.38,1,78000.0,10.88,750.0,0.0,5.0,4946.0,0
35000.0,18.49,4,85000.0,17.87,680.0,3.0,9.0,21970.0,0
8350.0,16.99,3,51000.0,34.4,695.0,0.0,10.0,15668.0,1
7000.0,7.89,0,140000.0,18.41,685.0,0.0,17.0,45874.0,0
24000.0,5.32,0,125000.0,24.54,745.0,0.0,13.0,72043.0,0
5525.0,7.49,0,32000.0,3.86,755.0,0.0,4.0,5634.0,0
35000.0,9.17,1,71265.0,21.67,710.0,1.0,16.0,39486.0,0
5000.0,11.99,2,20000.0,9.54,665.0,0.0,7.0,3695.0,0
28000.0,6.24,0,90000.0,23.18,790.0,0.0,12.0,15650.0,0
25000.0,10.78,1,87855.0,19.22,670.0,0.0,16.0,19363.0,0
5000.0,11.22,1,75000.0,12.62,675.0,0.0,13.0,14381.0,1
12000.0,16.99,3,63036.0,16.49,660.0,0.0,12.0,4252.0,0
3000.0,11.22,1,100000.0,13.82,670.0,0.0,10.0,11786.0,0
9000.0,13.67,2,50000.0,22.8,670.0,0.0,6.0,2048.0,0
10000.0,11.99,2,60000.0,28.28,665.0,0.0,5.0,5897.0,0
25000.0,17.27,3,200000.0,10.95,670.0,0.0,21.0,18091.0,1
7000.0,5.32,0,55000.0,12.17,680.0,0.0,5.0,9784.0,0
19675.0,16.99,3,45000.0,36.08,700.0,0.0,17.0,12775.0,0
30000.0,9.76,1,80000.0,20.55,715.0,0.0,24.0,47475.0,0
7500.0,9.8,1,45000.0,22.74,730.0,1.0,11.0,791.0,0
19200.0,9.17,1,113000.0,21.59,710.0,0.0,16.0,12734.0,0
5000.0,5.32,0,83000.0,24.73,690.0,0.0,15.0,8477.0,0
30000.0,9.17,1,170000.0,13.83,700.0,1.0,17.0,28168.0,0
9800.0,13.67,2,35000.0,35.08,665.0,0.0,22.0,8164.0,1
12000.0,12.59,2,94000.0,22.2,660.0,1.0,20.0,25421.0,0
15500.0,13.44,2,50000.0,38.33,685.0,0.0,12.0,16395.0,0
12000.0,5.32,0,80000.0,11.51,725.0,0.0,11.0,10996.0,0
6000.0,13.18,2,100000.0,8.98,705.0,0.0,7.0,10825.0,0
13200.0,11.99,2,90000.0,18.47,675.0,4.0,9.0,1857.0,0
8000.0,14.48,2,115000.0,10.54,665.0,0.0,10.0,13125.0,0
21000.0,11.22,1,67537.0,23.12,740.0,0.0,5.0,48821.0,0
8000.0,11.99,2,45000.0,38.24,670.0,0.0,9.0,8860.0,0
24000.0,13.18,2,110000.0,18.53,670.0,0.0,29.0,31446.0,0
19125.0,15.41,3,60000.0,15.87,660.0,1.0,5.0,25674.0,0
5000.0,12.59,2,75000.0,39.44,660.0,1.0,37.0,2047.0,0
8000.0,6.24,0,48000.0,19.85,700.0,4.0,12.0,12068.0,0
13000.0,9.17,1,100000.0,19.8,725.0,0.0,8.0,9044.0,0
5000.0,6.24,0,104000.0,6.99,750.0,2.0,10.0,3093.0,0
23000.0,18.2,4,50000.0,19.59,700.0,1.0,6.0,7630.0,1
21000.0,12.59,2,98500.0,20.08,665.0,1.0,9.0,35735.0,1
16000.0,17.86,3,90000.0,20.23,675.0,1.0,15.0,11802.0,0
11000.0,13.18,2,94000.0,14.29,765.0,0.0,13.0,12111.0,0
20000.0,11.22,1,107500.0,25.14,700.0,0.0,15.0,33493.0,0
21000.0,9.17,1,98700.0,22.16,800.0,0.0,12.0,51532.0,0
21600.0,12.59,2,62500.0,20.13,660.0,2.0,9.0,13202.0,1
18000.0,7.26,0,117000.0,21.18,685.0,0.0,8.0,13450.0,0
7000.0,8.38,1,75000.0,13.0,670.0,0.0,7.0,6602.0,0
6300.0,10.64,1,18310.8,28.98,705.0,0.0,5.0,9609.0,0
5000.0,11.22,1,100000.0,5.02,670.0,0.0,6.0,2930.0,0
11875.0,13.67,2,33000.0,29.91,685.0,1.0,11.0,1653.0,1
1000.0,12.59,2,72000.0,14.03,670.0,0.0,7.0,22754.0,0
7200.0,10.64,1,30000.0,23.12,670.0,3.0,11.0,6349.0,0
8000.0,7.89,0,90620.0,33.58,680.0,0.0,18.0,27933.0,0
5425.0,22.99,5,50000.0,37.95,690.0,1.0,13.0,47299.0,0
4800.0,13.18,2,75000.0,25.22,695.0,0.0,7.0,8651.0,0
14875.0,19.99,4,75000.0,15.34,705.0,0.0,9.0,4031.0,1
15600.0,7.89,0,75000.0,19.27,675.0,0.0,20.0,9332.0,0
27000.0,18.99,4,65000.0,21.8,675.0,2.0,17.0,7009.0,1
10000.0,8.38,1,46000.0,32.32,710.0,0.0,7.0,19948.0,1
11825.0,17.86,3,55000.0,19.99,665.0,0.0,7.0,8099.0,1
28000.0,18.2,4,90000.0,7.89,665.0,1.0,5.0,7438.0,0
5000.0,13.18,2,96500.0,18.49,675.0,3.0,11.0,18589.0,0
12500.0,6.24,0,80000.0,23.28,695.0,0.0,12.0,12809.0,0
8000.0,11.99,2,50000.0,26.77,705.0,0.0,8.0,5753.0,0
3200.0,6.89,0,66000.0,8.18,680.0,0.0,5.0,3160.0,0
24000.0,5.32,0,121000.0,10.48,800.0,0.0,11.0,19637.0,0
5000.0,9.76,1,72000.0,24.6,700.0,0.0,7.0,14429.0,0
15000.0,17.57,3,37000.0,33.12,710.0,0.0,17.0,4572.0,1
6000.0,11.22,1,60000.0,2.4,740.0,0.0,7.0,2834.0,0
2000.0,11.99,2,104000.0,9.14,660.0,0.0,5.0,9890.0,0
32000.0,18.99,4,80250.0,23.66,675.0,0.0,13.0,10135.0,1
6200.0,14.48,2,52500.0,38.65,690.0,1.0,7.0,25203.0,0
16800.0,9.76,1,93851.0,4.42,760.0,0.0,2.0,2423.0,0
10000.0,16.99,3,39000.0,7.42,660.0,2.0,6.0,8354.0,1
4000.0,11.22,1,48000.0,12.4,735.0,0.0,8.0,3893.0,0
8000.0,13.18,2,45000.0,25.81,670.0,1.0,16.0,10396.0,0
7500.0,10.64,1,28000.0,26.53,685.0,0.0,10.0,16099.0,0
25600.0,5.32,0,175000.0,18.65,780.0,0.0,17.0,126615.0,0
10000.0,5.32,0,120000.0,15.5,725.0,0.0,11.0,27460.0,0
3000.0,14.48,2,40000.0,28.77,705.0,0.0,9.0,4773.0,1
5000.0,8.38,1,37000.0,26.34,680.0,0.0,10.0,6263.0,0
6000.0,13.18,2,65000.0,19.33,705.0,0.0,9.0,3704.0,0
20000.0,13.67,2,95000.0,25.69,675.0,0.0,16.0,36994.0,0
8850.0,14.48,2,40000.0,14.97,695.0,0.0,7.0,4285.0,0
35000.0,13.18,2,450000.0,7.22,690.0,0.0,9.0,217073.0,0
11000.0,7.89,0,63000.0,31.45,680.0,0.0,7.0,14238.0,0
5000.0,9.76,1,70000.0,19.94,695.0,0.0,12.0,10790.0,0
12000.0,10.64,1,47940.0,19.78,685.0,1.0,17.0,11078.0,0
14400.0,14.48,2,65000.0,17.86,670.0,0.0,9.0,19810.0,0
10000.0,10.64,1,60000.0,34.36,685.0,0.0,10.0,3083.0,0
35000.0,11.99,2,170000.0,14.0,725.0,0.0,11.0,52210.0,0
6375.0,17.86,3,85000.0,14.67,675.0,0.0,8.0,2282.0,0
25000.0,5.32,0,165000.0,14.98,740.0,0.0,12.0,33771.0,0
35000.0,10.64,1,400000.0,0.57,720.0,2.0,9.0,13979.0,0
5000.0,9.17,1,109000.0,12.74,700.0,0.0,13.0,17036.0,0
25000.0,11.99,2,72000.0,16.38,685.0,0.0,10.0,24651.0,1
35000.0,13.67,2,190000.0,16.0,695.0,0.0,15.0,180327.0,0
6000.0,7.26,0,60000.0,9.28,700.0,1.0,24.0,5762.0,0
3600.0,13.67,2,25990.0,32.38,660.0,0.0,6.0,12868.0,0
18000.0,12.59,2,66000.0,17.2,710.0,0.0,11.0,16430.0,0
20075.0,18.2,4,120000.0,32.82,705.0,0.0,12.0,44800.0,0
14000.0,18.99,4,52000.0,14.1,670.0,1.0,7.0,9807.0,1
18000.0,7.89,0,119000.0,18.46,785.0,0.0,9.0,6459.0,1
1600.0,16.55,3,35000.0,19.66,670.0,0.0,4.0,5086.0,0
12000.0,11.22,1,65000.0,9.49,700.0,0.0,8.0,7463.0,0
18875.0,17.57,3,54700.0,30.96,690.0,0.0,14.0,17603.0,0
20000.0,5.32,0,85000.0,21.35,755.0,0.0,8.0,28728.0,0
12000.0,9.17,1,67000.0,11.95,680.0,1.0,6.0,6959.0,0
20675.0,17.57,3,70000.0,15.91,700.0,0.0,7.0,14048.0,0
26350.0,19.99,4,82000.0,23.97,670.0,0.0,10.0,14281.0,1
16000.0,6.89,0,92000.0,21.39,715.0,0.0,18.0,45771.0,0
35000.0,13.67,2,114000.0,17.28,680.0,0.0,13.0,153874.0,0
15000.0,11.99,2,102000.0,22.56,670.0,0.0,7.0,29787.0,1
10000.0,14.48,2,44000.0,18.17,660.0,0.0,6.0,9293.0,0
10200.0,7.89,0,32000.0,26.07,665.0,0.0,9.0,8572.0,0
25000.0,7.89,0,82000.0,31.0,700.0,0.0,26.0,37503.0,0
18000.0,13.18,2,60000.0,18.72,670.0,1.0,9.0,48860.0,0
20000.0,10.64,1,78000.0,21.83,675.0,0.0,15.0,48129.0,0
11575.0,13.67,2,46000.0,20.79,670.0,0.0,8.0,2943.0,1
20000.0,10.64,1,93875.0,10.29,685.0,1.0,11.0,3915.0,0
24000.0,7.89,0,240000.0,8.62,690.0,1.0,12.0,9617.0,0
6000.0,14.48,2,34000.0,19.06,720.0,0.0,10.0,4519.0,1
20000.0,6.89,0,78000.0,17.22,765.0,0.0,10.0,18239.0,0
7200.0,13.67,2,58000.0,14.38,685.0,0.0,3.0,421.0,0
3500.0,10.64,1,20240.0,8.13,675.0,0.0,8.0,45.0,0
6600.0,7.26,0,175000.0,11.18,715.0,0.0,18.0,23841.0,0
4200.0,6.89,0,91000.0,23.35,700.0,0.0,23.0,25953.0,1
28000.0,7.89,0,171000.0,18.73,695.0,0.0,14.0,77643.0,0
12000.0,5.32,0,75000.0,25.95,740.0,0.0,18.0,1866.0,0
4800.0,6.24,0,74000.0,22.62,690.0,0.0,19.0,18295.0,0
12000.0,13.18,2,150000.0,6.46,685.0,1.0,11.0,30972.0,0
12000.0,9.17,1,45000.0,6.02,795.0,0.0,9.0,7358.0,0
24000.0,10.64,1,54000.0,19.62,705.0,1.0,8.0,4425.0,0
10000.0,9.17,1,65000.0,13.2,660.0,1.0,9.0,8548.0,0
1600.0,17.86,3,124000.0,21.5,670.0,0.0,14.0,25674.0,0
3500.0,7.89,0,28000.0,7.7,680.0,0.0,9.0,3217.0,0
21000.0,16.55,3,103000.0,16.3,685.0,1.0,10.0,32790.0,1
15000.0,5.32,0,109000.0,20.37,710.0,0.0,6.0,913.0,0
30500.0,14.48,2,210000.0,20.1,670.0,2.0,21.0,65079.0,1
27000.0,13.18,2,82000.0,15.59,710.0,0.0,8.0,18591.0,0
23000.0,8.38,1,65000.0,20.12,735.0,0.0,10.0,23944.0,0
12000.0,5.32,0,130000.0,8.87,795.0,0.0,9.0,6483.0,0
35000.0,16.99,3,104827.0,16.91,670.0,0.0,23.0,50401.0,1
8000.0,11.22,1,40000.0,26.91,670.0,0.0,13.0,17613.0,0
6000.0,9.76,1,50000.0,18.87,755.0,0.0,10.0,292.0,0
7000.0,7.26,0,60000.0,12.84,680.0,0.0,11.0,4633.0,0
24000.0,9.17,1,81000.0,28.58,710.0,2.0,18.0,28824.0,0
17700.0,14.48,2,94600.0,13.37,660.0,1.0,15.0,9933.0,1
7200.0,14.48,2,44000.0,19.61,695.0,0.0,7.0,5195.0,0
20000.0,11.22,1,85000.0,8.74,680.0,0.0,9.0,10548.0,0
8000.0,7.89,0,50000.0,9.19,745.0,0.0,9.0,12997.0,0
3000.0,10.64,1,66000.0,8.29,715.0,6.0,14.0,7708.0,0
30100.0,17.57,3,100000.0,33.72,675.0,0.0,32.0,66709.0,0
20000.0,10.64,1,100000.0,23.34,700.0,0.0,11.0,21795.0,0
28000.0,11.22,1,90000.0,20.97,685.0,0.0,16.0,166105.0,0
6125.0,10.64,1,80000.0,7.52,695.0,0.0,7.0,1223.0,1
35000.0,9.17,1,175000.0,12.01,700.0,0.0,13.0,38508.0,0
5000.0,7.26,0,77000.0,20.0,760.0,0.0,16.0,23960.0,0
12000.0,11.99,2,85280.0,9.15,660.0,0.0,8.0,3641.0,0
4800.0,7.89,0,65000.0,31.35,680.0,0.0,18.0,16622.0,1
8200.0,9.76,1,93400.0,25.08,695.0,0.0,10.0,12641.0,1
6500.0,7.89,0,45000.0,28.43,700.0,1.0,18.0,9939.0,0
35000.0,11.99,2,112000.0,14.2,705.0,0.0,6.0,29471.0,0
5875.0,9.17,1,62000.0,18.14,665.0,0.0,11.0,6798.0,0
5000.0,7.26,0,95000.0,26.57,695.0,0.0,12.0,28901.0,1
8000.0,11.22,1,135000.0,26.85,700.0,0.0,24.0,63884.0,1
7000.0,13.67,2,58000.0,35.3,670.0,0.0,19.0,19075.0,0
14000.0,11.99,2,72000.0,7.27,685.0,0.0,10.0,8613.0,1
15000.0,12.59,2,62000.0,14.83,665.0,0.0,11.0,14278.0,0
14000.0,13.67,2,29200.0,22.85,695.0,0.0,9.0,9520.0,0
15000.0,9.76,1,108000.0,13.08,675.0,0.0,12.0,528.0,0
5000.0,16.55,3,53000.0,11.93,735.0,0.0,5.0,1063.0,1
4000.0,13.67,2,37000.0,8.41,690.0,2.0,11.0,2484.0,0
30000.0,13.67,2,80000.0,21.11,705.0,0.0,12.0,57888.0,0
15600.0,11.22,1,48000.0,13.15,670.0,0.0,7.0,9251.0,0
15000.0,10.64,1,125000.0,31.36,675.0,0.0,22.0,41486.0,1
25000.0,8.38,1,105000.0,18.22,740.0,0.0,29.0,49303.0,0
15000.0,11.22,1,123000.0,17.26,685.0,0.0,16.0,9969.0,0
12800.0,13.18,2,62000.0,15.06,660.0,0.0,11.0,9580.0,0
12000.0,6.89,0,110000.0,19.12,755.0,0.0,21.0,43028.0,0
10000.0,12.59,2,66200.0,25.67,685.0,0.0,7.0,12323.0,0
15000.0,6.89,0,52000.0,33.66,715.0,0.0,7.0,4327.0,0
20000.0,18.2,4,75000.0,15.95,660.0,0.0,8.0,4916.0,1
8000.0,7.89,0,71000.0,31.47,700.0,0.0,21.0,50391.0,0
11000.0,16.99,3,48000.0,19.55,700.0,0.0,12.0,9471.0,0
3600.0,11.99,2,130000.0,26.46,715.0,0.0,16.0,14758.0,0
10000.0,10.64,1,89000.0,26.16,670.0,2.0,8.0,26972.0,0
7125.0,18.99,4,19824.0,21.43,710.0,0.0,8.0,0.0,0
24000.0,13.67,2,56443.2,20.39,660.0,0.0,6.0,16341.0,0
19150.0,14.48,2,188532.0,19.25,695.0,3.0,12.0,121.0,0
5000.0,13.18,2,75000.0,37.01,660.0,0.0,26.0,24012.0,0
2400.0,20.99,4,47000.0,22.52,660.0,0.0,6.0,2488.0,0
19200.0,7.89,0,60000.0,8.12,670.0,0.0,17.0,8320.0,0
16225.0,23.99,5,36860.0,38.65,660.0,1.0,15.0,15836.0,1
28000.0,5.32,0,105000.0,17.62,740.0,0.0,15.0,32566.0,0
9000.0,10.64,1,91500.0,10.5,670.0,0.0,23.0,19389.0,0
15000.0,9.17,1,47000.0,24.31,675.0,1.0,9.0,19657.0,0
11450.0,19.99,4,53000.0,32.02,660.0,0.0,10.0,4151.0,1
24000.0,13.67,2,95000.0,32.37,675.0,0.0,23.0,28276.0,0
24000.0,5.32,0,104000.0,18.81,685.0,0.0,10.0,17330.0,0
19650.0,15.41,3,72000.0,19.07,670.0,0.0,10.0,7806.0,0
14500.0,12.59,2,33000.0,30.47,680.0,0.0,14.0,13368.0,1
15000.0,9.76,1,90000.0,31.44,715.0,1.0,8.0,1524.0,1
10000.0,7.89,0,57000.0,17.66,715.0,0.0,9.0,20096.0,0
7200.0,12.59,2,48000.0,12.38,690.0,0.0,4.0,3579.0,0
9600.0,16.99,3,40000.0,14.49,675.0,0.0,8.0,7566.0,1
5500.0,16.55,3,28500.0,5.18,685.0,0.0,5.0,830.0,0
10000.0,8.38,1,61000.0,22.2,675.0,0.0,10.0,29743.0,0
5000.0,6.89,0,105565.0,8.58,685.0,0.0,4.0,4721.0,0
3600.0,6.24,0,80000.0,13.15,685.0,0.0,15.0,29457.0,0
35000.0,11.99,2,105000.0,27.53,745.0,0.0,17.0,46671.0,1
1000.0,9.76,1,68000.0,1.81,750.0,0.0,7.0,985.0,0
30000.0,11.99,2,160000.0,17.62,805.0,0.0,30.0,11200.0,0
24725.0,25.99,5,180000.0,0.67,670.0,0.0,3.0,2960.0,1
12000.0,7.89,0,52000.0,20.03,725.0,0.0,13.0,13305.0,0
5000.0,10.64,1,30000.0,24.0,665.0,3.0,8.0,4557.0,1
35000.0,12.59,2,133000.0,16.57,690.0,1.0,16.0,33402.0,0
16975.0,16.55,3,114000.0,14.86,685.0,2.0,10.0,37526.0,0
5000.0,11.99,2,60000.0,13.5,665.0,0.0,5.0,108.0,0
20000.0,12.59,2,85000.0,21.08,755.0,0.0,9.0,8035.0,0
13000.0,7.89,0,170000.0,11.81,785.0,0.0,28.0,20401.0,0
14400.0,23.99,5,36000.0,36.5,685.0,0.0,11.0,26437.0,0
10700.0,7.26,0,46770.0,14.26,695.0,1.0,13.0,9225.0,0
18000.0,16.55,3,61000.0,32.85,660.0,0.0,16.0,19657.0,0
10000.0,8.38,1,64000.0,18.28,660.0,0.0,13.0,9846.0,0
28000.0,7.89,0,97000.0,16.73,815.0,0.0,13.0,13219.0,0
16800.0,12.59,2,70000.0,18.63,705.0,0.0,15.0,11812.0,0
10000.0,13.18,2,80000.0,23.73,720.0,0.0,14.0,52566.0,0
12000.0,16.55,3,97750.0,25.57,680.0,0.0,19.0,20956.0,0
25000.0,10.64,1,93500.0,7.38,665.0,0.0,13.0,14657.0,0
20000.0,11.99,2,115000.0,19.64,675.0,1.0,20.0,19224.0,0
6025.0,9.76,1,36000.0,17.55,700.0,0.0,9.0,3130.0,0
22000.0,5.32,0,53900.0,4.23,735.0,0.0,4.0,9496.0,0
35000.0,7.26,0,300000.0,3.35,750.0,0.0,11.0,21351.0,0
27600.0,11.99,2,60000.0,25.7,665.0,0.0,9.0,38909.0,1
10975.0,16.99,3,40000.0,30.69,680.0,0.0,8.0,9409.0,0
5050.0,7.89,0,12000.0,19.1,710.0,0.0,5.0,5050.0,1
6500.0,12.59,2,96474.0,11.21,675.0,0.0,8.0,6987.0,0
15000.0,5.32,0,76000.0,32.98,725.0,0.0,13.0,30550.0,0
5000.0,7.26,0,40000.0,15.39,690.0,0.0,11.0,5510.0,0
32000.0,10.64,1,130000.0,11.53,780.0,0.0,10.0,11569.0,0
16000.0,11.22,1,82000.0,16.39,675.0,0.0,13.0,3931.0,0
9600.0,7.89,0,40000.0,31.29,780.0,0.0,12.0,903.0,0
9000.0,6.24,0,105000.0,21.2,800.0,0.0,13.0,3225.0,0
12950.0,18.49,4,36000.0,37.83,665.0,0.0,13.0,17813.0,1
10000.0,6.24,0,144000.0,20.49,695.0,0.0,31.0,68869.0,0
11900.0,18.49,4,35000.0,37.72,665.0,1.0,11.0,10824.0,0
25000.0,6.89,0,99300.0,17.53,680.0,0.0,11.0,29286.0,0
25000.0,17.86,3,81000.0,27.49,695.0,0.0,12.0,14408.0,0
3500.0,6.89,0,65000.0,13.09,685.0,0.0,9.0,3452.0,0
5500.0,9.17,1,45000.0,2.64,660.0,0.0,6.0,3084.0,0
11000.0,9.76,1,40000.0,24.24,685.0,0.0,23.0,11230.0,0
28600.0,15.41,3,65000.0,17.3,675.0,0.0,10.0,3496.0,0
2200.0,10.64,1,65000.0,31.39,675.0,0.0,23.0,7233.0,0
6400.0,13.18,2,50000.0,30.48,680.0,4.0,17.0,6247.0,0
15075.0,10.64,1,105000.0,13.86,695.0,1.0,21.0,4870.0,0
7000.0,13.18,2,42000.0,6.58,695.0,0.0,10.0,8552.0,0
22000.0,19.99,4,75000.0,15.49,685.0,0.0,6.0,16968.0,0
30000.0,13.67,2,69000.0,26.9,700.0,0.0,8.0,28139.0,0
1800.0,11.99,2,38000.0,5.31,730.0,0.0,5.0,1465.0,0
4800.0,10.64,1,67000.0,15.14,665.0,0.0,18.0,7045.0,0
17600.0,9.17,1,54000.0,17.84,675.0,0.0,8.0,7084.0,1
10000.0,14.48,2,49900.0,28.38,740.0,0.0,4.0,6991.0,0
22850.0,15.41,3,70000.0,36.28,725.0,0.0,9.0,2644.0,1
15000.0,8.38,1,57600.0,16.1,665.0,0.0,16.0,14501.0,0
20000.0,8.38,1,116000.0,16.32,760.0,0.0,7.0,2597.0,0
2000.0,11.99,2,94000.0,9.51,685.0,2.0,9.0,1664.0,1
3500.0,8.38,1,168000.0,16.41,705.0,0.0,10.0,39869.0,0
12800.0,9.17,1,90000.0,18.71,680.0,0.0,15.0,41199.0,0
1500.0,14.48,2,42000.0,17.31,660.0,0.0,9.0,12921.0,0
18800.0,13.67,2,47000.0,32.02,665.0,0.0,10.0,8864.0,0
15000.0,8.38,1,51000.0,8.24,675.0,0.0,8.0,14255.0,0
2500.0,6.89,0,72000.0,9.08,710.0,0.0,12.0,6792.0,0
24900.0,13.67,2,65592.0,17.23,700.0,0.0,15.0,23488.0,0
20000.0,11.99,2,50000.0,9.44,720.0,0.0,6.0,6349.0,1
8000.0,7.89,0,67600.0,16.62,670.0,0.0,8.0,9136.0,0
15000.0,11.99,2,69000.0,25.86,670.0,1.0,15.0,15259.0,0
16000.0,10.64,1,200000.0,28.26,660.0,0.0,17.0,20460.0,1
17600.0,12.59,2,88000.0,24.85,665.0,0.0,28.0,56670.0,0
17000.0,11.22,1,110000.0,15.72,710.0,0.0,11.0,12147.0,0
5200.0,9.76,1,62000.0,21.25,670.0,0.0,10.0,4881.0,0
7000.0,7.89,0,35000.0,18.42,690.0,0.0,7.0,6465.0,0
24000.0,6.24,0,107444.0,10.54,705.0,0.0,13.0,21025.0,0
35000.0,12.59,2,126000.0,32.69,680.0,2.0,12.0,19369.0,0
12000.0,7.89,0,40899.0,12.53,685.0,0.0,10.0,11605.0,0
10000.0,16.55,3,65500.0,17.99,665.0,1.0,18.0,7263.0,0
12000.0,6.24,0,98000.0,4.86,755.0,0.0,6.0,17560.0,0
28000.0,7.89,0,200000.0,30.05,720.0,0.0,10.0,83841.0,0
13000.0,12.59,2,26000.0,20.45,740.0,0.0,4.0,6064.0,0
4325.0,20.99,4,74000.0,16.46,665.0,0.0,11.0,2162.0,0
20700.0,7.26,0,100000.0,13.39,700.0,0.0,14.0,32012.0,0
10000.0,8.38,1,45000.0,3.65,760.0,0.0,3.0,4424.0,0
6500.0,12.59,2,52000.0,22.94,685.0,0.0,7.0,5548.0,0
16000.0,12.59,2,1000000.0,11.77,680.0,3.0,12.0,137780.0,0
15000.0,12.59,2,51000.0,20.61,665.0,0.0,18.0,15551.0,1
35000.0,10.64,1,100000.0,25.32,715.0,0.0,19.0,69069.0,0
5000.0,13.18,2,100000.0,3.38,660.0,0.0,9.0,9807.0,0
3600.0,11.99,2,33196.8,19.58,665.0,0.0,9.0,3800.0,0
1000.0,6.89,0,57876.0,16.59,735.0,0.0,14.0,3963.0,0
22000.0,12.59,2,50000.0,0.84,840.0,0.0,5.0,1604.0,1
10000.0,9.76,1,54000.0,10.31,675.0,0.0,10.0,5924.0,0
25000.0,6.89,0,85000.0,18.88,705.0,1.0,18.0,23872.0,0
24000.0,6.24,0,93000.0,15.08,720.0,0.0,25.0,17849.0,0
27500.0,17.86,3,55000.0,28.98,665.0,0.0,15.0,13779.0,1
16625.0,15.41,3,41600.0,39.93,695.0,0.0,11.0,8160.0,0
20000.0,6.89,0,88000.0,16.72,690.0,1.0,14.0,79342.0,0
5000.0,9.17,1,40000.0,5.22,660.0,0.0,5.0,6412.0,0
24000.0,6.89,0,140000.0,8.37,715.0,0.0,10.0,79774.0,0
5000.0,13.67,2,49000.0,19.3,675.0,0.0,8.0,21327.0,0
16975.0,22.99,5,59000.0,29.92,660.0,0.0,21.0,13155.0,1
28000.0,7.26,0,400000.0,14.35,690.0,0.0,16.0,283815.0,0
9275.0,11.99,2,55000.0,24.13,670.0,0.0,3.0,8137.0,0
10100.0,9.17,1,113000.0,3.18,795.0,0.0,4.0,4671.0,0
7700.0,9.76,1,25000.0,26.69,670.0,0.0,10.0,3819.0,0
35000.0,7.89,0,84000.0,17.88,685.0,0.0,17.0,43172.0,0
35000.0,13.67,2,150000.0,5.23,695.0,0.0,10.0,11796.0,0
23000.0,8.38,1,71000.0,29.83,750.0,0.0,13.0,20592.0,0
16000.0,21.99,5,40000.0,34.77,660.0,0.0,22.0,18696.0,1
9600.0,9.17,1,98000.0,14.81,660.0,0.0,10.0,4802.0,0
8150.0,13.67,2,35000.0,31.93,660.0,2.0,15.0,5187.0,0
10000.0,8.38,1,48000.0,6.69,695.0,0.0,10.0,8051.0,0
11000.0,7.89,0,90000.0,15.44,700.0,1.0,8.0,11944.0,0
6375.0,20.99,4,38000.0,32.22,665.0,0.0,13.0,6192.0,1
9500.0,6.89,0,56000.0,21.42,725.0,0.0,17.0,8115.0,0
2500.0,12.59,2,75000.0,17.69,685.0,0.0,15.0,34337.0,0
2000.0,14.48,2,48000.0,17.05,670.0,0.0,6.0,7040.0,0
15000.0,10.64,1,62000.0,24.87,730.0,0.0,13.0,9044.0,1
31500.0,20.99,4,75000.0,24.02,705.0,0.0,14.0,16571.0,0
9575.0,7.89,0,52000.0,31.5,705.0,0.0,14.0,5514.0,0
25000.0,10.64,1,105000.0,28.91,695.0,0.0,16.0,27345.0,1
15000.0,6.89,0,75000.0,22.43,720.0,1.0,23.0,15626.0,0
20000.0,9.17,1,125000.0,16.76,720.0,1.0,12.0,24950.0,0
19200.0,18.2,4,48000.0,32.23,670.0,0.0,9.0,8736.0,0
5000.0,13.18,2,64000.0,6.79,700.0,0.0,17.0,4866.0,1
30000.0,11.99,2,226000.0,7.32,700.0,0.0,13.0,18618.0,0
13000.0,9.76,1,95000.0,6.09,675.0,1.0,12.0,8601.0,0
11200.0,11.22,1,35000.0,8.54,700.0,0.0,17.0,7148.0,1
5000.0,13.67,2,68000.0,38.75,680.0,0.0,14.0,20170.0,0
13675.0,13.67,2,51000.0,8.16,660.0,1.0,4.0,2201.0,1
2500.0,21.99,5,99829.0,19.24,690.0,0.0,10.0,8172.0,0
8000.0,9.76,1,41000.0,32.49,660.0,0.0,11.0,19360.0,0
12000.0,5.32,0,60000.0,25.68,725.0,1.0,10.0,10206.0,0
21000.0,9.17,1,125000.0,15.36,735.0,0.0,6.0,0.0,0
15000.0,11.99,2,75000.0,5.28,685.0,0.0,8.0,11345.0,0
17700.0,16.55,3,53000.0,23.48,660.0,0.0,8.0,38599.0,1
14400.0,18.2,4,40000.0,24.69,665.0,0.0,5.0,10356.0,0
18000.0,14.48,2,60000.0,13.06,675.0,0.0,14.0,9041.0,0
35000.0,17.57,3,109626.0,32.82,695.0,1.0,18.0,24911.0,0
20000.0,9.76,1,105000.0,17.81,680.0,0.0,12.0,14225.0,0
5600.0,9.17,1,52000.0,7.11,695.0,8.0,12.0,6552.0,0
10000.0,10.64,1,90000.0,27.48,705.0,0.0,17.0,41259.0,0
12000.0,16.55,3,98788.0,18.75,670.0,0.0,9.0,28835.0,1
6000.0,8.38,1,46000.0,14.74,680.0,0.0,19.0,10733.0,0
6000.0,16.99,3,155000.0,22.75,685.0,1.0,14.0,12389.0,0
6000.0,14.48,2,42000.0,22.17,665.0,0.0,10.0,1204.0,1
35000.0,13.67,2,115000.0,10.67,670.0,0.0,20.0,44872.0,0
10000.0,5.32,0,127400.0,8.07,755.0,1.0,13.0,12470.0,0
35000.0,9.17,1,145000.0,24.63,755.0,1.0,15.0,20635.0,0
21000.0,8.38,1,221000.0,4.28,765.0,0.0,23.0,29227.0,0
10000.0,5.32,0,80000.0,14.51,780.0,0.0,10.0,17303.0,0
8000.0,10.64,1,59000.0,17.88,660.0,0.0,10.0,5315.0,0
10550.0,13.67,2,55000.0,24.35,725.0,0.0,9.0,44123.0,0
11000.0,14.48,2,73000.0,39.47,670.0,3.0,26.0,27269.0,0
15000.0,8.38,1,150000.0,14.13,675.0,0.0,16.0,20215.0,1
10000.0,12.59,2,53000.0,28.08,660.0,1.0,22.0,7473.0,0
25000.0,12.59,2,190000.0,11.62,670.0,0.0,7.0,38512.0,0
32200.0,13.67,2,106000.0,27.99,700.0,0.0,17.0,120296.0,0
16000.0,6.89,0,79000.0,32.09,755.0,0.0,12.0,14583.0,0
10000.0,11.22,1,41000.0,9.19,670.0,0.0,6.0,368.0,1
12000.0,21.99,5,40000.0,28.62,660.0,0.0,17.0,12461.0,0
25000.0,16.55,3,85000.0,23.25,670.0,0.0,11.0,23503.0,1
14000.0,12.59,2,47000.0,10.96,685.0,0.0,7.0,16301.0,0
30000.0,9.76,1,94000.0,15.14,700.0,0.0,14.0,25614.0,1
15000.0,18.49,4,70000.0,22.54,675.0,0.0,9.0,7088.0,0
6500.0,7.26,0,65000.0,29.36,695.0,3.0,13.0,5435.0,0
12000.0,9.76,1,41000.0,14.87,725.0,0.0,9.0,9576.0,0
12000.0,13.67,2,45000.0,22.59,695.0,0.0,14.0,18233.0,0
6000.0,7.89,0,86000.0,17.76,735.0,0.0,16.0,2802.0,0
3600.0,10.64,1,70500.0,27.01,695.0,0.0,12.0,14128.0,0
20000.0,7.89,0,200000.0,28.08,705.0,0.0,35.0,50552.0,0
10000.0,16.55,3,66000.0,38.64,710.0,0.0,12.0,56189.0,1
20000.0,14.48,2,82000.0,24.86,690.0,0.0,14.0,7163.0,0
30000.0,9.76,1,63000.0,8.02,755.0,0.0,6.0,33500.0,1
8725.0,11.22,1,47404.0,18.91,705.0,0.0,5.0,33268.0,0
1900.0,11.22,1,78000.0,0.38,745.0,0.0,3.0,424.0,0
12500.0,13.67,2,54000.0,25.49,680.0,1.0,9.0,4741.0,1
3600.0,11.99,2,30000.0,23.36,660.0,0.0,6.0,4226.0,0
7000.0,10.64,1,41300.0,11.97,665.0,0.0,9.0,4523.0,0
6000.0,12.59,2,24000.0,23.45,695.0,0.0,7.0,3330.0,0
20000.0,13.67,2,84000.0,22.09,675.0,0.0,16.0,15484.0,1
16000.0,9.76,1,45000.0,13.0,670.0,0.0,14.0,16469.0,0
18000.0,12.59,2,130000.0,3.42,675.0,1.0,4.0,18591.0,0
7000.0,11.22,1,48000.0,1.2,725.0,0.0,7.0,1042.0,0
18000.0,9.76,1,95000.0,20.7,725.0,0.0,14.0,34446.0,0
28800.0,18.49,4,100000.0,11.03,660.0,0.0,13.0,24019.0,0
24000.0,5.32,0,300000.0,13.84,720.0,1.0,11.0,106880.0,0
30000.0,7.89,0,127500.0,15.24,745.0,0.0,14.0,30313.0,0
21600.0,7.89,0,75000.0,10.98,715.0,0.0,10.0,15204.0,0
31200.0,18.49,4,75999.0,12.73,685.0,3.0,10.0,3828.0,1
16000.0,11.22,1,64000.0,23.78,740.0,0.0,16.0,19379.0,0
10000.0,10.64,1,50000.0,21.36,675.0,0.0,13.0,6050.0,1
10000.0,11.99,2,30200.0,26.08,680.0,0.0,12.0,5664.0,1
10000.0,7.89,0,78000.0,16.37,675.0,0.0,13.0,5942.0,0
12000.0,5.32,0,50000.0,9.1,790.0,0.0,15.0,6646.0,0
24000.0,6.89,0,110000.0,26.12,715.0,0.0,17.0,17907.0,0
25000.0,13.67,2,100000.0,10.96,675.0,2.0,7.0,9076.0,0
25000.0,9.17,1,74000.0,17.08,695.0,1.0,14.0,25864.0,1
15000.0,7.26,0,62000.0,17.58,705.0,0.0,6.0,4472.0,0
6400.0,11.99,2,44000.0,20.13,670.0,1.0,13.0,7864.0,1
14000.0,21.99,5,30000.0,28.96,660.0,0.0,9.0,2283.0,1
7200.0,11.22,1,72000.0,15.52,690.0,0.0,15.0,39035.0,0
7000.0,9.76,1,65000.0,20.49,660.0,0.0,7.0,7923.0,0
25000.0,7.89,0,90000.0,9.72,820.0,0.0,8.0,49.0,0
15300.0,16.99,3,45000.0,18.35,660.0,1.0,17.0,12984.0,0
20000.0,13.67,2,55000.0,31.79,670.0,1.0,10.0,12868.0,0
35000.0,13.18,2,87000.0,16.12,695.0,1.0,12.0,16811.0,0
5400.0,6.24,0,110000.0,27.64,730.0,1.0,30.0,39787.0,0
25000.0,10.64,1,140000.0,7.6,725.0,0.0,5.0,20720.0,0
2500.0,17.57,3,95000.0,26.38,710.0,1.0,18.0,7013.0,0
16350.0,9.76,1,68000.0,19.02,700.0,1.0,20.0,7859.0,0
35000.0,12.59,2,175000.0,7.89,690.0,0.0,10.0,18726.0,0
6000.0,11.22,1,54000.0,21.56,670.0,4.0,10.0,0.0,0
11200.0,17.86,3,31800.0,31.74,665.0,3.0,12.0,4569.0,0
15000.0,11.99,2,46000.0,19.65,705.0,0.0,10.0,14245.0,0
10000.0,14.48,2,80000.0,17.93,675.0,0.0,15.0,17720.0,0
24000.0,13.18,2,68000.0,10.74,735.0,0.0,9.0,18286.0,0
4200.0,8.38,1,45000.0,11.89,790.0,0.0,12.0,680.0,0
15000.0,13.18,2,55000.0,32.47,660.0,0.0,10.0,13518.0,0
22200.0,15.41,3,68000.0,15.0,690.0,0.0,5.0,33198.0,0
26400.0,17.57,3,118000.0,9.54,665.0,0.0,7.0,2946.0,0
8000.0,11.99,2,60000.0,23.78,665.0,0.0,9.0,10221.0,1
13000.0,14.48,2,108000.0,2.62,660.0,0.0,4.0,7559.0,1
18825.0,16.55,3,80000.0,18.83,715.0,0.0,12.0,20236.0,0
16000.0,11.22,1,110000.0,17.75,670.0,0.0,20.0,27035.0,1
5000.0,10.64,1,40399.0,15.03,735.0,0.0,13.0,2360.0,0
25000.0,6.24,0,96000.0,6.38,790.0,0.0,14.0,10515.0,0
7500.0,11.22,1,40000.0,20.25,670.0,0.0,18.0,6457.0,0
7000.0,9.76,1,26000.0,30.61,705.0,0.0,16.0,5675.0,0
6000.0,13.67,2,52000.0,32.87,670.0,0.0,17.0,39679.0,0
35000.0,7.89,0,200000.0,20.48,695.0,1.0,15.0,70931.0,0
22500.0,13.18,2,110000.0,15.06,690.0,0.0,10.0,17644.0,0
6000.0,11.22,1,42000.0,13.09,755.0,0.0,4.0,1176.0,0
28000.0,6.24,0,150000.0,20.28,705.0,0.0,8.0,374857.0,0
4000.0,7.26,0,48000.0,14.68,725.0,0.0,7.0,3762.0,0
9000.0,6.24,0,42000.0,4.97,755.0,0.0,12.0,5770.0,0
12000.0,9.17,1,50000.0,33.94,675.0,0.0,14.0,18694.0,0
9200.0,16.99,3,23000.0,24.5,665.0,0.0,8.0,12571.0,1
7200.0,7.89,0,55000.0,5.39,700.0,0.0,4.0,6700.0,0
7000.0,5.32,0,29500.0,11.92,690.0,0.0,5.0,8626.0,0
7000.0,11.99,2,60000.0,26.08,665.0,0.0,8.0,3595.0,0
24000.0,6.24,0,170000.0,8.93,695.0,0.0,7.0,29274.0,0
20000.0,7.89,0,78000.0,8.89,715.0,0.0,4.0,12384.0,0
16000.0,6.24,0,125000.0,14.7,710.0,0.0,19.0,18025.0,0
10000.0,9.76,1,72000.0,21.18,715.0,0.0,10.0,2957.0,0
18000.0,11.22,1,70000.0,19.14,660.0,0.0,7.0,10452.0,0
24000.0,9.17,1,90000.0,12.16,675.0,1.0,13.0,20500.0,0
21000.0,9.76,1,80000.0,11.24,700.0,0.0,9.0,13245.0,0
20175.0,9.76,1,70000.0,8.71,685.0,0.0,9.0,20024.0,0
21000.0,13.67,2,120000.0,20.07,735.0,0.0,12.0,6986.0,1
13375.0,9.76,1,134900.0,22.94,675.0,0.0,32.0,42886.0,0
5950.0,9.17,1,30000.0,18.64,690.0,0.0,5.0,5958.0,0
8000.0,11.22,1,60000.0,13.9,680.0,0.0,19.0,8641.0,0
3600.0,13.67,2,92000.0,14.92,710.0,2.0,13.0,2729.0,0
8500.0,14.48,2,53000.0,13.88,675.0,2.0,9.0,2254.0,0
16900.0,17.57,3,47000.0,23.19,670.0,1.0,7.0,5686.0,0
5000.0,11.99,2,19000.0,25.77,690.0,0.0,8.0,10702.0,0
33000.0,15.41,3,103500.0,15.33,695.0,0.0,10.0,16234.0,0
15000.0,11.22,1,50000.0,14.45,705.0,0.0,7.0,13891.0,0
10400.0,16.99,3,27500.0,34.92,670.0,0.0,9.0,8216.0,1
13200.0,10.64,1,58000.0,13.49,695.0,0.0,10.0,16617.0,0
32000.0,13.67,2,89110.0,31.81,705.0,0.0,10.0,32185.0,0
6000.0,17.57,3,68000.0,18.16,670.0,0.0,8.0,6994.0,0
6400.0,9.17,1,80000.0,12.45,665.0,0.0,11.0,13823.0,1
32000.0,15.41,3,120000.0,15.39,675.0,0.0,5.0,7780.0,0
33750.0,22.99,5,75000.0,32.02,660.0,0.0,27.0,40661.0,1
14000.0,11.99,2,94000.0,14.0,690.0,1.0,13.0,10339.0,0
6000.0,14.48,2,85000.0,18.34,680.0,1.0,15.0,6974.0,0
10000.0,11.22,1,38000.0,16.66,660.0,1.0,11.0,8245.0,0
16800.0,13.67,2,88000.0,36.1,695.0,0.0,14.0,49222.0,0
12000.0,8.38,1,40000.0,18.17,670.0,0.0,3.0,7083.0,0
10000.0,9.17,1,118000.0,7.07,660.0,0.0,9.0,9513.0,0
24000.0,9.76,1,128000.0,13.26,670.0,0.0,8.0,11608.0,0
8400.0,13.18,2,18000.0,20.73,675.0,0.0,6.0,5821.0,0
4200.0,13.18,2,80000.0,29.81,755.0,0.0,15.0,4994.0,1
9000.0,9.17,1,28000.0,7.5,690.0,0.0,4.0,4135.0,0
19575.0,13.18,2,70000.0,11.37,770.0,0.0,12.0,14066.0,1
6000.0,16.55,3,38000.0,33.29,665.0,1.0,8.0,8758.0,1
35000.0,10.64,1,130000.0,29.85,700.0,0.0,11.0,61660.0,0
14400.0,18.99,4,40000.0,12.24,660.0,0.0,9.0,3083.0,0
21000.0,11.99,2,65000.0,31.69,695.0,0.0,11.0,21730.0,1
6000.0,12.59,2,65000.0,21.38,660.0,0.0,25.0,9325.0,0
35000.0,18.99,4,90000.0,10.84,750.0,0.0,45.0,12851.0,0
10000.0,8.38,1,63000.0,29.39,705.0,0.0,8.0,22579.0,0
35000.0,16.99,3,98000.0,37.07,690.0,0.0,22.0,51333.0,0
4300.0,7.89,0,55000.0,17.94,685.0,0.0,5.0,5023.0,0
3600.0,9.17,1,70000.0,8.08,660.0,0.0,10.0,5059.0,0
23800.0,9.17,1,80000.0,25.83,710.0,0.0,20.0,10270.0,0
15000.0,6.24,0,75000.0,18.27,740.0,0.0,7.0,7377.0,0
23800.0,16.99,3,137280.0,7.0,660.0,1.0,7.0,10749.0,0
5000.0,10.64,1,47000.0,15.37,660.0,1.0,8.0,4301.0,0
7525.0,11.22,1,49700.0,27.94,665.0,1.0,9.0,2350.0,0
15000.0,15.41,3,42000.0,24.77,665.0,0.0,6.0,15347.0,0
7000.0,10.64,1,34500.0,20.87,680.0,2.0,17.0,7805.0,0
11650.0,16.55,3,44000.0,16.23,670.0,0.0,11.0,9460.0,0
5600.0,10.64,1,43000.0,26.77,760.0,0.0,8.0,0.0,0
28000.0,7.26,0,175000.0,10.04,695.0,0.0,7.0,55934.0,0
24000.0,15.41,3,65000.0,21.03,660.0,0.0,18.0,23116.0,0
24000.0,6.89,0,90000.0,18.44,685.0,0.0,13.0,7797.0,0
8000.0,9.76,1,35000.0,33.95,670.0,0.0,13.0,6685.0,0
35000.0,20.99,4,86000.0,19.06,670.0,0.0,10.0,30519.0,1
9600.0,14.48,2,85000.0,25.14,675.0,0.0,14.0,13814.0,1
8650.0,12.59,2,35000.0,28.94,680.0,0.0,6.0,6919.0,0
9000.0,5.32,0,33000.0,22.64,725.0,0.0,13.0,21491.0,1
24100.0,8.38,1,60000.0,17.92,680.0,0.0,14.0,34038.0,0
3000.0,9.76,1,59000.0,16.76,690.0,0.0,8.0,4284.0,0
25000.0,10.64,1,60000.0,21.68,715.0,0.0,12.0,26146.0,0
14000.0,11.99,2,110000.0,15.97,710.0,1.0,9.0,860.0,0
14400.0,11.99,2,125000.0,21.86,695.0,0.0,29.0,48778.0,1
10000.0,10.64,1,59613.0,34.29,700.0,0.0,19.0,11202.0,1
8000.0,9.17,1,51000.0,16.5,670.0,0.0,9.0,9205.0,1
11150.0,16.99,3,63000.0,18.46,660.0,0.0,8.0,10562.0,0
9600.0,15.41,3,33000.0,34.91,660.0,0.0,12.0,6738.0,0
15000.0,13.18,2,55000.0,33.93,675.0,0.0,14.0,13940.0,0
15550.0,14.48,2,45800.0,24.32,675.0,0.0,16.0,15535.0,1
6025.0,11.22,1,57900.0,13.18,665.0,0.0,14.0,15777.0,0
1550.0,16.99,3,17500.0,14.27,685.0,0.0,9.0,5096.0,1
16700.0,19.99,4,38000.0,16.2,695.0,0.0,4.0,3210.0,1
8000.0,9.17,1,42000.0,33.8,665.0,0.0,11.0,3877.0,0
6000.0,9.76,1,25000.0,16.47,660.0,0.0,6.0,10548.0,0
6000.0,9.17,1,33280.0,15.87,690.0,0.0,22.0,8265.0,0
23800.0,18.99,4,59500.0,30.54,745.0,0.0,8.0,8715.0,0
2800.0,9.76,1,65000.0,28.21,660.0,1.0,14.0,38656.0,0
20000.0,11.22,1,67000.0,15.21,685.0,4.0,8.0,3531.0,1
14000.0,8.38,1,42000.0,26.17,670.0,0.0,20.0,16757.0,0
8300.0,12.59,2,86000.0,8.88,660.0,0.0,10.0,9561.0,0
16000.0,7.89,0,82000.0,26.45,705.0,0.0,19.0,14336.0,0
12000.0,13.67,2,75000.0,20.3,665.0,0.0,14.0,17383.0,0
12000.0,12.59,2,47000.0,21.12,675.0,0.0,13.0,13537.0,1
3600.0,13.67,2,28800.0,37.08,690.0,0.0,14.0,84614.0,0
3200.0,11.22,1,36000.0,21.11,690.0,0.0,15.0,2314.0,0
11000.0,13.67,2,39000.0,19.69,670.0,0.0,6.0,6995.0,0
17000.0,11.99,2,60000.0,28.76,705.0,0.0,12.0,15374.0,0
35000.0,14.48,2,100000.0,33.9,690.0,1.0,15.0,7449.0,0
16000.0,14.48,2,56000.0,30.43,695.0,1.0,9.0,35000.0,0
30000.0,9.76,1,115000.0,28.41,700.0,0.0,12.0,45237.0,1
5000.0,13.67,2,15000.0,2.88,700.0,0.0,10.0,930.0,0
25000.0,6.89,0,110000.0,17.07,720.0,0.0,12.0,31264.0,0
21000.0,10.64,1,78000.0,19.52,705.0,0.0,7.0,10477.0,0
6400.0,15.41,3,68000.0,23.16,670.0,0.0,15.0,4997.0,0
24000.0,11.99,2,160000.0,24.08,670.0,0.0,12.0,36835.0,0
6000.0,11.99,2,48000.0,18.95,660.0,0.0,14.0,5464.0,0
5000.0,6.89,0,48000.0,24.28,700.0,0.0,15.0,23344.0,0
14500.0,13.18,2,130000.0,4.19,660.0,0.0,10.0,17169.0,0
7200.0,10.64,1,42848.0,7.11,680.0,0.0,23.0,6821.0,0
20000.0,7.89,0,85000.0,10.76,690.0,1.0,10.0,16123.0,0
15000.0,10.64,1,40000.0,3.3,685.0,0.0,10.0,13165.0,0
18775.0,14.48,2,53000.0,21.9,745.0,0.0,19.0,14952.0,0
8025.0,11.22,1,57000.0,20.44,670.0,2.0,16.0,14977.0,0
22000.0,5.32,0,140000.0,22.94,785.0,0.0,30.0,18526.0,0
2000.0,10.64,1,84000.0,12.77,685.0,0.0,12.0,13230.0,0
13125.0,19.99,4,40000.0,29.19,695.0,0.0,15.0,7831.0,1
8000.0,7.89,0,40000.0,15.36,710.0,0.0,10.0,10575.0,0
5000.0,11.22,1,25000.0,5.71,695.0,0.0,4.0,3982.0,0
5500.0,11.22,1,36000.0,18.87,705.0,0.0,9.0,4343.0,0
11200.0,13.67,2,60000.0,21.08,675.0,0.0,9.0,13761.0,0
14000.0,12.59,2,85000.0,8.75,725.0,0.0,14.0,9755.0,0
3000.0,6.89,0,40000.0,3.36,685.0,8.0,4.0,3221.0,0
30000.0,11.99,2,106000.0,20.25,710.0,0.0,9.0,28540.0,0
7800.0,9.17,1,94000.0,10.24,660.0,0.0,12.0,7665.0,1
25000.0,7.89,0,100000.0,15.69,685.0,0.0,13.0,34819.0,0
7000.0,9.17,1,43500.0,22.57,680.0,0.0,10.0,8362.0,0
4000.0,5.32,0,110000.0,3.89,795.0,0.0,15.0,5490.0,0
27625.0,17.57,3,68000.0,15.94,685.0,0.0,14.0,39953.0,1
18600.0,15.41,3,100000.0,14.95,665.0,1.0,11.0,5314.0,0
13050.0,28.99,6,54427.0,20.57,705.0,0.0,16.0,20602.0,0
6000.0,11.99,2,76000.0,26.73,690.0,0.0,21.0,11081.0,0
30000.0,13.67,2,78000.0,20.54,665.0,0.0,17.0,26939.0,0
8000.0,9.76,1,170000.0,34.88,690.0,0.0,40.0,33067.0,1
10000.0,18.99,4,130000.0,15.93,660.0,0.0,19.0,22151.0,1
12450.0,17.86,3,50000.0,28.59,665.0,0.0,10.0,75975.0,0
7000.0,15.41,3,43200.0,4.06,680.0,0.0,6.0,1460.0,0
6025.0,16.99,3,50000.0,13.83,675.0,0.0,6.0,1337.0,0
26525.0,27.31,6,53072.0,17.48,675.0,0.0,6.0,11510.0,1
15000.0,10.64,1,48500.0,22.72,705.0,0.0,18.0,18999.0,0
8400.0,8.38,1,47000.0,27.91,675.0,0.0,17.0,11788.0,0
12000.0,11.99,2,65000.0,19.07,690.0,0.0,6.0,12768.0,0
1600.0,10.64,1,70000.0,25.46,690.0,0.0,7.0,35693.0,0
1500.0,11.22,1,47000.0,9.7,670.0,0.0,8.0,11534.0,0
20000.0,15.41,3,85000.0,12.58,670.0,0.0,18.0,11868.0,0
3600.0,11.22,1,37700.0,7.01,700.0,0.0,10.0,4914.0,0
9600.0,9.76,1,30000.0,29.24,710.0,0.0,10.0,8424.0,0
35000.0,24.99,5,115000.0,21.32,660.0,0.0,13.0,35786.0,1
12000.0,6.24,0,75000.0,13.83,795.0,0.0,12.0,6838.0,0
30800.0,22.99,5,70000.0,21.02,680.0,0.0,9.0,5376.0,0
12000.0,14.48,2,87000.0,32.57,690.0,0.0,10.0,11985.0,1
11000.0,14.48,2,32000.0,31.72,715.0,0.0,12.0,6791.0,0
16575.0,12.59,2,45628.0,18.15,680.0,0.0,8.0,10355.0,0
5000.0,9.76,1,100500.0,4.97,720.0,0.0,8.0,15946.0,0
8000.0,7.26,0,42000.0,0.71,785.0,0.0,3.0,297.0,0
24000.0,13.18,2,115000.0,13.58,685.0,0.0,11.0,33061.0,0
16000.0,6.24,0,112000.0,28.68,715.0,3.0,19.0,17402.0,1
16000.0,12.59,2,55000.0,34.06,665.0,0.0,16.0,15352.0,0
6000.0,7.89,0,60000.0,18.8,735.0,0.0,16.0,10963.0,0
16800.0,11.22,1,65000.0,38.15,675.0,1.0,18.0,13503.0,0
1500.0,7.26,0,60000.0,25.84,700.0,3.0,21.0,18935.0,0
3250.0,16.99,3,55000.0,17.7,770.0,0.0,7.0,861.0,0
9200.0,17.57,3,28000.0,31.5,665.0,0.0,6.0,6585.0,1
3000.0,11.22,1,60000.0,31.24,675.0,0.0,12.0,20848.0,0
10000.0,12.59,2,55000.0,21.78,710.0,0.0,21.0,5249.0,0
1925.0,8.38,1,50000.0,13.08,675.0,0.0,13.0,2376.0,0
35000.0,12.59,2,115000.0,27.29,690.0,0.0,12.0,41048.0,1
15000.0,12.59,2,42000.0,32.43,660.0,0.0,6.0,7546.0,1
10000.0,7.89,0,60000.0,12.3,710.0,1.0,12.0,1744.0,0
35000.0,17.57,3,140000.0,13.34,665.0,0.0,6.0,17239.0,0
15825.0,5.32,0,148460.0,10.51,755.0,0.0,12.0,56882.0,0
3000.0,15.41,3,36000.0,3.7,670.0,0.0,6.0,2648.0,0
5000.0,11.22,1,119500.0,8.82,665.0,0.0,7.0,4667.0,0
20000.0,5.32,0,88000.0,19.31,780.0,0.0,14.0,15492.0,0
5000.0,5.32,0,125000.0,8.19,775.0,0.0,39.0,14250.0,0
15000.0,12.59,2,75000.0,12.85,680.0,0.0,12.0,7824.0,1
12000.0,9.17,1,80000.0,18.5,695.0,2.0,11.0,14874.0,0
14000.0,11.22,1,100000.0,30.41,665.0,2.0,13.0,32085.0,0
10650.0,14.48,2,145000.0,2.71,675.0,0.0,3.0,15201.0,0
12000.0,8.38,1,47000.0,16.32,705.0,1.0,7.0,4006.0,0
21000.0,11.99,2,42000.0,28.29,695.0,0.0,15.0,19669.0,0
35000.0,7.89,0,98000.0,22.31,710.0,0.0,13.0,84823.0,1
20300.0,16.99,3,96000.0,37.34,670.0,0.0,19.0,46854.0,1
30000.0,9.17,1,135000.0,11.63,720.0,0.0,9.0,17673.0,0
10000.0,8.38,1,25000.0,18.1,670.0,0.0,8.0,16026.0,0
2000.0,7.89,0,38000.0,20.56,735.0,0.0,9.0,6980.0,0
21000.0,13.18,2,75000.0,24.27,695.0,0.0,12.0,40808.0,0
1200.0,6.89,0,22000.0,32.57,820.0,0.0,12.0,1271.0,0
7700.0,16.99,3,67000.0,19.13,670.0,0.0,10.0,2742.0,1
20000.0,7.89,0,85000.0,6.19,685.0,1.0,15.0,7680.0,0
20000.0,9.17,1,100000.0,11.26,660.0,0.0,19.0,22110.0,0
14200.0,20.99,4,48135.62,7.8,665.0,0.0,9.0,1306.0,1
25000.0,17.57,3,90000.0,37.11,660.0,0.0,10.0,12842.0,0
8025.0,16.99,3,20102.0,32.36,695.0,0.0,10.0,14762.0,0
32000.0,16.55,3,550000.0,4.43,670.0,2.0,7.0,7290.0,0
25000.0,13.67,2,90000.0,12.77,685.0,3.0,14.0,24539.0,0
5200.0,11.22,1,27000.0,14.18,665.0,0.0,10.0,9436.0,0
30000.0,7.89,0,122000.0,8.9,800.0,0.0,11.0,23318.0,0
25000.0,13.67,2,65000.0,13.79,670.0,0.0,16.0,20307.0,0
24000.0,9.17,1,98000.0,10.57,685.0,0.0,10.0,26119.0,0
6000.0,17.57,3,26100.0,11.69,675.0,0.0,10.0,8287.0,1
35000.0,8.38,1,105000.0,5.51,755.0,0.0,9.0,4895.0,1
20000.0,13.18,2,98000.0,11.3,670.0,0.0,7.0,25691.0,0
6000.0,6.24,0,40000.0,24.57,755.0,0.0,12.0,10241.0,0
10000.0,17.86,3,20000.0,16.92,685.0,0.0,21.0,4960.0,1
12000.0,7.26,0,124000.0,26.68,680.0,0.0,15.0,14683.0,1
18000.0,7.89,0,46000.0,11.66,745.0,0.0,4.0,10002.0,0
12000.0,7.26,0,72500.0,11.89,680.0,0.0,14.0,8615.0,0
12000.0,7.89,0,65000.0,20.61,715.0,0.0,6.0,33043.0,0
2400.0,16.99,3,62000.0,38.7,680.0,1.0,14.0,4764.0,1
1600.0,6.24,0,50000.0,15.82,790.0,0.0,11.0,1042.0,0
12250.0,17.57,3,35000.0,14.3,660.0,0.0,7.0,15067.0,1
27500.0,12.59,2,139000.0,15.87,675.0,1.0,11.0,6719.0,0
22500.0,9.17,1,63000.0,11.39,680.0,0.0,5.0,23846.0,0
2650.0,20.99,4,63000.0,24.44,685.0,0.0,8.0,350.0,1
10650.0,11.22,1,65000.0,27.79,670.0,1.0,14.0,14895.0,0
10000.0,6.24,0,51000.0,19.4,715.0,0.0,44.0,7357.0,0
12000.0,16.55,3,70000.0,37.72,670.0,0.0,8.0,11361.0,0
34000.0,13.18,2,85500.0,34.53,705.0,0.0,8.0,10331.0,0
2000.0,11.22,1,40000.0,31.73,690.0,0.0,14.0,921.0,0
11425.0,16.99,3,35000.0,28.77,685.0,0.0,8.0,9468.0,0
35000.0,13.67,2,84800.0,17.0,665.0,0.0,6.0,36640.0,0
9600.0,9.76,1,95000.0,11.93,690.0,0.0,6.0,12389.0,0
20000.0,13.18,2,75000.0,24.72,695.0,0.0,10.0,32733.0,0
18000.0,13.67,2,75000.0,27.67,715.0,0.0,9.0,3539.0,1
24000.0,13.18,2,130000.0,24.16,675.0,0.0,18.0,14024.0,0
13250.0,12.59,2,34882.0,18.34,695.0,0.0,7.0,16372.0,1
28000.0,7.26,0,200000.0,17.02,715.0,0.0,10.0,45685.0,0
2500.0,21.99,5,45220.0,26.28,670.0,0.0,14.0,34882.0,0
14400.0,14.48,2,280000.0,9.79,675.0,0.0,18.0,19475.0,0
20000.0,6.89,0,80000.0,14.96,695.0,2.0,14.0,12162.0,1
24000.0,13.67,2,130000.0,31.53,700.0,3.0,33.0,35071.0,0
1500.0,15.41,3,13000.0,31.95,680.0,0.0,4.0,5747.0,0
21200.0,11.22,1,53000.0,17.05,700.0,0.0,11.0,33686.0,0
12475.0,13.67,2,52000.0,18.06,685.0,5.0,11.0,4695.0,0
22000.0,11.99,2,83000.0,24.6,680.0,1.0,13.0,4217.0,0
16000.0,13.67,2,56700.0,21.34,685.0,0.0,15.0,15119.0,0
16000.0,9.17,1,165000.0,16.2,670.0,0.0,19.0,17813.0,1
9000.0,12.59,2,110000.0,12.49,660.0,0.0,4.0,1528.0,0
21000.0,9.76,1,120000.0,12.73,665.0,0.0,7.0,18072.0,0
13000.0,18.2,4,40000.0,28.71,700.0,0.0,10.0,10566.0,0
15825.0,21.99,5,44000.0,3.06,725.0,0.0,5.0,3694.0,0
15000.0,10.64,1,75000.0,36.96,710.0,1.0,14.0,23230.0,0
34000.0,9.17,1,157000.0,12.0,710.0,1.0,11.0,25873.0,0
10000.0,11.99,2,30000.0,6.72,660.0,3.0,9.0,1392.0,0
4200.0,13.67,2,50000.0,26.45,690.0,1.0,14.0,19707.0,0
24000.0,5.32,0,140000.0,9.94,770.0,0.0,9.0,30817.0,0
4250.0,18.2,4,60000.0,20.7,665.0,0.0,7.0,27215.0,0
19450.0,18.2,4,43000.0,26.29,730.0,0.0,10.0,33679.0,0
25000.0,7.89,0,90000.0,25.61,755.0,0.0,14.0,25397.0,0
15000.0,17.57,3,70000.0,9.47,670.0,0.0,7.0,16151.0,1
20225.0,13.67,2,85000.0,7.06,690.0,0.0,14.0,15553.0,0
14875.0,18.99,4,40000.0,11.16,680.0,0.0,17.0,4847.0,1
12000.0,6.24,0,87500.0,27.38,725.0,0.0,18.0,5527.0,0
25000.0,22.99,5,139000.0,14.81,675.0,0.0,15.0,26181.0,0
24000.0,7.89,0,109000.0,13.3,705.0,1.0,7.0,16615.0,0
20000.0,7.89,0,50000.0,7.49,735.0,0.0,18.0,19041.0,0
4500.0,11.99,2,60000.0,18.08,660.0,0.0,15.0,9184.0,0
7125.0,15.41,3,17000.0,34.6,675.0,0.0,14.0,11995.0,1
6000.0,15.41,3,36000.0,9.23,685.0,0.0,5.0,1646.0,0
10000.0,10.64,1,60000.0,25.67,680.0,0.0,18.0,9975.0,0
4000.0,10.64,1,48000.0,27.35,670.0,0.0,13.0,4150.0,0
15000.0,7.89,0,108500.0,5.11,695.0,0.0,7.0,8309.0,0
21825.0,18.99,4,52000.0,30.39,745.0,0.0,27.0,926.0,0
10800.0,9.17,1,42000.0,26.03,720.0,3.0,11.0,2082.0,0
12000.0,11.22,1,69900.0,12.0,660.0,0.0,17.0,11188.0,0
16000.0,12.59,2,160000.0,21.37,660.0,0.0,13.0,19315.0,0
18175.0,15.41,3,50538.8,18.74,705.0,0.0,8.0,24976.0,1
16200.0,19.99,4,45000.0,31.73,675.0,0.0,11.0,20069.0,0
8125.0,9.76,1,55000.0,22.63,705.0,0.0,9.0,11475.0,0
35000.0,18.49,4,88000.0,9.29,785.0,0.0,13.0,3088.0,1
12000.0,9.76,1,86000.0,34.5,710.0,0.0,29.0,21533.0,1
10650.0,14.48,2,37000.0,9.73,695.0,0.0,14.0,9523.0,1
12000.0,13.67,2,39000.0,35.66,705.0,0.0,13.0,11262.0,0
15000.0,14.48,2,60000.0,35.46,670.0,1.0,43.0,12140.0,0
30000.0,7.89,0,210000.0,15.59,735.0,1.0,8.0,5593.0,0
15000.0,18.2,4,51640.0,19.38,675.0,0.0,8.0,8516.0,0
3200.0,16.99,3,33000.0,30.76,690.0,0.0,15.0,11174.0,0
20000.0,6.24,0,70000.0,15.38,755.0,0.0,7.0,10906.0,0
13500.0,13.67,2,56000.0,16.4,670.0,0.0,9.0,12755.0,0
15000.0,16.55,3,70000.0,34.75,675.0,0.0,14.0,24193.0,0
10800.0,15.41,3,27000.0,31.69,660.0,0.0,5.0,8148.0,1
5000.0,6.89,0,41000.0,16.06,700.0,2.0,3.0,6658.0,0
20000.0,13.18,2,115000.0,11.52,695.0,1.0,13.0,14167.0,1
17000.0,13.18,2,55150.0,34.36,660.0,0.0,19.0,12965.0,0
35000.0,11.22,1,125000.0,24.66,700.0,0.0,34.0,68214.0,0
10000.0,6.24,0,82500.0,9.65,700.0,1.0,11.0,7142.0,0
4200.0,12.59,2,34000.0,5.72,690.0,0.0,5.0,6390.0,0
14700.0,12.59,2,45000.0,22.64,680.0,3.0,19.0,5415.0,1
35000.0,16.99,3,130000.0,18.53,675.0,0.0,11.0,10098.0,0
24000.0,7.89,0,66000.0,23.57,685.0,0.0,13.0,32561.0,0
3000.0,7.26,0,65000.0,16.03,680.0,4.0,13.0,12105.0,0
22250.0,22.99,5,53000.0,27.33,685.0,2.0,17.0,9826.0,1
8000.0,9.76,1,42000.0,25.4,715.0,0.0,8.0,3798.0,0
21125.0,12.59,2,45000.0,36.45,695.0,0.0,6.0,22079.0,0
12000.0,7.26,0,110000.0,11.84,680.0,2.0,13.0,28744.0,0
18000.0,17.57,3,45000.0,22.0,670.0,0.0,7.0,4959.0,1
5000.0,13.18,2,35000.0,17.56,720.0,0.0,6.0,4642.0,0
15000.0,13.67,2,44800.0,28.85,680.0,0.0,17.0,21732.0,1
9500.0,13.18,2,57000.0,17.75,660.0,0.0,12.0,12354.0,0
4325.0,19.99,4,12041.0,9.17,700.0,0.0,5.0,3108.0,0
14250.0,14.48,2,45000.0,29.92,665.0,0.0,11.0,2540.0,0
11100.0,9.76,1,31782.0,21.79,700.0,0.0,8.0,12658.0,0
12600.0,15.41,3,40000.0,32.76,685.0,0.0,8.0,4044.0,1
11700.0,8.38,1,58239.0,34.25,710.0,0.0,16.0,31911.0,0
18000.0,13.18,2,91280.0,22.14,740.0,0.0,13.0,11540.0,0
6600.0,11.22,1,13230.0,27.95,765.0,0.0,13.0,16773.0,0
32000.0,14.48,2,95000.0,34.41,700.0,0.0,12.0,31521.0,1
4500.0,10.64,1,41496.0,24.64,700.0,0.0,6.0,3710.0,0
20000.0,16.55,3,65000.0,32.59,680.0,0.0,9.0,24622.0,1
15000.0,5.32,0,110000.0,12.61,750.0,0.0,10.0,64370.0,0
23050.0,20.99,4,60000.0,24.68,670.0,0.0,20.0,23230.0,0
14000.0,11.22,1,65000.0,23.62,695.0,0.0,12.0,3649.0,0
20275.0,18.2,4,110000.0,12.23,665.0,0.0,19.0,16916.0,0
12500.0,8.38,1,70000.0,11.71,665.0,0.0,7.0,5522.0,0
8400.0,11.22,1,26000.0,26.57,670.0,0.0,11.0,5162.0,0
12000.0,8.38,1,110000.0,12.47,660.0,0.0,28.0,6631.0,0
4000.0,14.48,2,65000.0,28.79,660.0,1.0,11.0,4811.0,1
25500.0,11.22,1,93851.0,4.71,725.0,0.0,10.0,4259.0,0
15000.0,8.38,1,320000.0,11.24,675.0,0.0,16.0,55606.0,0
24000.0,17.86,3,79500.0,13.16,670.0,0.0,15.0,24390.0,0
4800.0,16.55,3,50000.0,14.9,660.0,0.0,8.0,4921.0,0
7000.0,7.89,0,50000.0,11.86,715.0,0.0,9.0,6743.0,0
12000.0,11.22,1,70000.0,14.06,670.0,0.0,8.0,6663.0,0
6700.0,9.76,1,32000.0,19.95,695.0,0.0,5.0,6623.0,0
8000.0,9.17,1,66000.0,17.64,660.0,1.0,6.0,4121.0,0
15675.0,12.59,2,41864.0,22.68,690.0,1.0,10.0,11023.0,1
16175.0,14.48,2,36800.0,35.98,670.0,1.0,18.0,20338.0,1
6000.0,11.99,2,108000.0,14.58,665.0,0.0,8.0,14060.0,0
25000.0,7.26,0,350000.0,4.16,760.0,0.0,10.0,16636.0,0
15825.0,16.55,3,35000.0,5.93,660.0,0.0,5.0,4848.0,0
18000.0,5.32,0,95000.0,3.45,705.0,1.0,5.0,15741.0,0
10000.0,9.17,1,67000.0,4.91,700.0,0.0,9.0,10405.0,0
9000.0,12.59,2,45000.0,33.52,695.0,1.0,7.0,9529.0,1
7500.0,10.64,1,52500.0,26.79,665.0,0.0,14.0,13771.0,0
28000.0,18.99,4,90000.0,36.19,670.0,1.0,16.0,73510.0,1
10000.0,7.89,0,42000.0,20.31,730.0,0.0,8.0,9828.0,0
12000.0,9.17,1,68000.0,21.78,680.0,0.0,14.0,23965.0,0
12000.0,11.22,1,63000.0,24.84,665.0,0.0,11.0,10955.0,1
14400.0,16.55,3,40000.0,36.42,665.0,0.0,11.0,13192.0,0
24000.0,11.22,1,85000.0,18.11,755.0,0.0,15.0,22474.0,0
8000.0,9.76,1,34000.0,30.49,675.0,0.0,8.0,13696.0,0
6600.0,9.76,1,40000.0,19.08,765.0,0.0,10.0,2270.0,0
1200.0,6.24,0,38000.0,29.69,810.0,0.0,18.0,10662.0,0
10800.0,20.99,4,40716.0,38.79,735.0,0.0,10.0,1152.0,0
10650.0,17.57,3,63000.0,33.03,705.0,0.0,17.0,23858.0,0
5000.0,13.67,2,52600.0,30.03,715.0,2.0,9.0,1883.0,0
16000.0,10.64,1,160000.0,8.89,760.0,0.0,6.0,187.0,0
15675.0,16.99,3,43600.0,17.63,685.0,0.0,10.0,20533.0,0
13500.0,7.89,0,40000.0,17.72,690.0,0.0,9.0,19957.0,0
6025.0,11.99,2,70000.0,11.04,660.0,0.0,4.0,5647.0,0
4000.0,16.55,3,60000.0,12.56,725.0,0.0,12.0,256.0,0
5000.0,11.22,1,27180.0,26.4,665.0,0.0,6.0,24379.0,1
10000.0,11.22,1,42000.0,14.18,705.0,0.0,7.0,3537.0,1
15000.0,16.55,3,36816.0,39.7,665.0,0.0,8.0,5339.0,1
24000.0,11.22,1,65000.0,10.3,670.0,0.0,7.0,7437.0,0
18000.0,17.86,3,90000.0,13.04,665.0,0.0,9.0,5956.0,1
10000.0,11.99,2,50000.0,15.89,705.0,0.0,15.0,16917.0,1
12000.0,9.17,1,50000.0,19.25,715.0,0.0,8.0,10837.0,0
35000.0,8.38,1,123000.0,16.36,685.0,0.0,15.0,43783.0,0
25000.0,13.67,2,125000.0,5.32,675.0,0.0,11.0,19465.0,0
7200.0,8.38,1,29580.0,10.47,705.0,0.0,7.0,4363.0,0
8475.0,16.99,3,61000.0,9.33,670.0,1.0,16.0,5468.0,0
35000.0,10.64,1,300000.0,24.09,675.0,0.0,18.0,79682.0,0
35000.0,17.86,3,80000.0,24.31,700.0,0.0,10.0,15323.0,1
10525.0,15.41,3,34300.0,35.24,710.0,0.0,12.0,7168.0,0
4575.0,15.41,3,38000.0,16.96,660.0,0.0,6.0,3635.0,0
12650.0,21.99,5,46000.0,22.44,665.0,0.0,10.0,6533.0,1
7800.0,9.17,1,80000.0,12.18,720.0,0.0,16.0,14177.0,0
14400.0,10.64,1,48000.0,21.23,720.0,0.0,9.0,1376.0,0
5000.0,9.76,1,125000.0,25.17,700.0,0.0,16.0,47079.0,0
16000.0,13.67,2,60000.0,3.62,660.0,2.0,7.0,3145.0,0
9900.0,13.67,2,59000.0,15.52,680.0,0.0,10.0,6040.0,1
16000.0,17.86,3,74000.0,26.35,690.0,0.0,7.0,5783.0,1
5000.0,8.38,1,50000.0,23.14,710.0,0.0,9.0,9293.0,0
10000.0,10.64,1,55000.0,26.55,690.0,0.0,16.0,14881.0,0
17725.0,18.49,4,75000.0,34.13,700.0,0.0,16.0,73982.0,1
24000.0,11.99,2,68000.0,26.09,665.0,3.0,19.0,25307.0,1
10000.0,13.67,2,38200.0,28.81,670.0,0.0,8.0,8283.0,1
3600.0,12.59,2,40000.0,19.92,690.0,0.0,6.0,14396.0,0
9000.0,7.26,0,42000.0,19.86,740.0,1.0,14.0,9102.0,1
15525.0,16.99,3,37000.0,32.31,715.0,0.0,10.0,14966.0,0
12000.0,7.89,0,88000.0,27.68,685.0,1.0,24.0,12102.0,0
28000.0,8.38,1,200000.0,21.51,695.0,0.0,15.0,58943.0,0
20000.0,7.89,0,89400.0,19.2,720.0,1.0,31.0,32254.0,0
8500.0,10.64,1,49000.0,25.47,690.0,2.0,10.0,13201.0,0
5000.0,14.48,2,50000.0,34.37,675.0,2.0,19.0,7384.0,0
14000.0,12.59,2,28000.0,21.77,675.0,0.0,6.0,5718.0,0
16000.0,8.38,1,100000.0,34.17,690.0,1.0,8.0,30277.0,0
18950.0,18.49,4,53500.0,31.33,680.0,0.0,15.0,16922.0,1
1700.0,9.17,1,35000.0,18.18,670.0,1.0,8.0,15286.0,0
14400.0,9.17,1,85000.0,12.66,665.0,1.0,18.0,11988.0,0
12000.0,11.99,2,110000.0,7.16,675.0,0.0,11.0,16925.0,0
34025.0,15.41,3,74000.0,23.41,670.0,0.0,5.0,10182.0,0
5000.0,6.24,0,45000.0,27.5,810.0,0.0,17.0,4042.0,0
10000.0,6.89,0,30000.0,9.96,755.0,0.0,5.0,8487.0,0
25000.0,7.89,0,147500.0,9.19,690.0,0.0,7.0,13437.0,1
10900.0,18.99,4,26000.0,23.82,725.0,0.0,10.0,12110.0,1
17275.0,16.55,3,60000.0,27.88,730.0,0.0,10.0,17640.0,1
35000.0,15.41,3,98000.0,23.56,665.0,0.0,17.0,39711.0,0
2800.0,9.76,1,21600.0,28.48,685.0,0.0,6.0,3587.0,0
9000.0,8.38,1,23040.0,28.65,770.0,0.0,9.0,11884.0,0
12000.0,11.99,2,50000.0,36.32,700.0,0.0,12.0,16769.0,0
30800.0,17.57,3,67000.0,18.05,715.0,0.0,9.0,20146.0,0
11750.0,11.99,2,28000.0,29.86,670.0,0.0,5.0,13343.0,1
29350.0,20.99,4,70000.0,12.15,665.0,0.0,5.0,6449.0,0
9000.0,12.59,2,75000.0,22.22,660.0,1.0,7.0,10019.0,0
33600.0,19.99,4,75000.0,7.1,685.0,0.0,10.0,7949.0,1
19775.0,15.41,3,43000.0,24.25,695.0,0.0,9.0,22289.0,1
20000.0,7.89,0,115000.0,8.1,790.0,0.0,11.0,14046.0,0
19200.0,11.99,2,41000.0,12.56,705.0,0.0,8.0,10443.0,0
15000.0,9.76,1,60500.0,9.84,670.0,1.0,13.0,11581.0,0
29500.0,10.64,1,125000.0,17.56,710.0,0.0,10.0,24706.0,0
4000.0,13.67,2,37500.0,33.89,720.0,0.0,14.0,14573.0,0
20150.0,14.48,2,56000.0,29.49,695.0,0.0,6.0,18020.0,0
35000.0,14.48,2,135000.0,21.01,705.0,0.0,11.0,44230.0,0
32000.0,9.17,1,114400.0,10.21,730.0,0.0,17.0,24824.0,0
8000.0,16.99,3,65000.0,20.16,680.0,0.0,5.0,6747.0,0
30000.0,18.2,4,108000.0,16.96,660.0,0.0,22.0,26384.0,1
5500.0,13.67,2,75000.0,11.33,670.0,0.0,8.0,14673.0,0
35000.0,13.67,2,145000.0,21.25,660.0,1.0,17.0,17752.0,0
16000.0,10.64,1,71000.0,14.86,685.0,1.0,7.0,7977.0,0
5000.0,9.17,1,150000.0,5.32,710.0,0.0,8.0,2251.0,0
18000.0,11.99,2,135000.0,13.42,675.0,1.0,22.0,10225.0,1
15175.0,14.48,2,37939.08,19.84,690.0,0.0,7.0,5153.0,1
15000.0,11.99,2,60000.0,36.18,680.0,0.0,13.0,18687.0,0
18000.0,9.76,1,110000.0,0.68,680.0,0.0,5.0,2079.0,0
18000.0,6.24,0,97282.0,12.92,835.0,0.0,7.0,5947.0,0
22500.0,9.17,1,101000.0,8.34,680.0,0.0,8.0,8072.0,1
35000.0,9.17,1,125000.0,8.24,760.0,0.0,11.0,15380.0,0
26800.0,25.99,5,89000.0,3.07,660.0,0.0,6.0,6019.0,0
3000.0,11.99,2,60000.0,4.54,675.0,0.0,8.0,3193.0,0
2000.0,15.41,3,40000.0,10.23,660.0,0.0,8.0,5600.0,0
13000.0,8.38,1,80000.0,27.95,680.0,0.0,14.0,11139.0,0
22100.0,16.55,3,76832.0,33.6,675.0,0.0,21.0,6990.0,1
6000.0,6.24,0,92000.0,6.67,695.0,1.0,3.0,5927.0,0
24000.0,14.48,2,61605.96,34.91,670.0,0.0,16.0,22895.0,1
5000.0,7.26,0,103000.0,13.18,680.0,7.0,9.0,7449.0,0
15000.0,13.18,2,62000.0,17.94,680.0,0.0,17.0,11289.0,0
12000.0,10.64,1,120000.0,6.4,685.0,0.0,7.0,5865.0,0
11750.0,16.55,3,60000.0,4.86,660.0,0.0,9.0,5444.0,1
12000.0,18.99,4,46000.0,16.56,710.0,0.0,4.0,4028.0,1
10000.0,9.17,1,65000.0,8.14,670.0,0.0,10.0,986.0,0
20000.0,16.99,3,62000.0,28.05,660.0,0.0,14.0,12249.0,0
12000.0,12.59,2,50000.0,12.88,680.0,0.0,4.0,19856.0,0
9625.0,15.41,3,22252.0,30.2,695.0,0.0,8.0,7811.0,0
12000.0,6.24,0,106000.0,12.08,755.0,0.0,10.0,13771.0,0
5600.0,9.76,1,55000.0,23.22,725.0,0.0,8.0,3471.0,0
2000.0,9.76,1,50000.0,18.05,740.0,0.0,8.0,6331.0,0
28000.0,27.31,6,70000.0,30.79,675.0,0.0,15.0,32682.0,1
16000.0,7.89,0,175000.0,6.05,770.0,0.0,19.0,23707.0,0
14000.0,9.17,1,50000.0,10.49,705.0,0.0,15.0,3052.0,0
6600.0,7.26,0,16678.9,14.54,685.0,0.0,8.0,5755.0,0
33000.0,13.67,2,102932.0,18.36,700.0,0.0,6.0,31588.0,1
12000.0,5.32,0,72000.0,19.78,795.0,0.0,22.0,16844.0,0
12000.0,11.22,1,100000.0,22.21,680.0,0.0,12.0,13688.0,0
11575.0,14.48,2,79000.0,8.96,695.0,0.0,9.0,11495.0,0
1600.0,16.55,3,53000.0,31.42,770.0,0.0,39.0,3535.0,0
30000.0,10.64,1,99000.0,23.83,725.0,0.0,28.0,15678.0,0
10000.0,13.67,2,30000.0,13.32,665.0,0.0,14.0,8409.0,1
7200.0,25.99,5,40000.0,8.55,680.0,1.0,8.0,8418.0,0
30000.0,8.38,1,140000.0,22.46,700.0,0.0,16.0,63452.0,0
35000.0,19.99,4,360000.0,9.56,660.0,1.0,15.0,44750.0,1
16000.0,5.32,0,130000.0,19.87,745.0,0.0,12.0,12091.0,0
2500.0,16.55,3,33000.0,24.0,660.0,0.0,7.0,8485.0,0
20000.0,10.64,1,43000.0,25.82,680.0,0.0,15.0,19169.0,1
10000.0,11.22,1,60000.0,24.3,740.0,0.0,7.0,6071.0,0
14750.0,16.99,3,41000.0,18.38,720.0,0.0,7.0,8911.0,1
28000.0,13.18,2,68000.0,15.41,685.0,0.0,8.0,35502.0,1
13100.0,13.18,2,66461.0,31.92,715.0,0.0,23.0,28438.0,0
13000.0,12.59,2,54000.0,16.2,705.0,0.0,16.0,5971.0,0
12000.0,11.99,2,65000.0,15.21,670.0,0.0,8.0,9488.0,1
3000.0,7.89,0,38000.0,27.55,700.0,0.0,13.0,5138.0,0
15000.0,10.64,1,80000.0,16.07,715.0,0.0,13.0,52766.0,0
15000.0,18.99,4,82000.0,10.6,675.0,0.0,6.0,1479.0,1
18000.0,6.24,0,120000.0,17.72,750.0,0.0,14.0,42334.0,0
15000.0,15.41,3,49000.0,35.73,665.0,0.0,17.0,23785.0,0
14000.0,8.38,1,102000.0,6.41,690.0,0.0,15.0,5108.0,1
10000.0,18.49,4,45000.0,35.25,680.0,1.0,11.0,6013.0,0
10000.0,16.99,3,50000.0,24.89,685.0,0.0,8.0,4861.0,0
5125.0,12.59,2,40884.0,36.84,710.0,1.0,10.0,3304.0,0
6000.0,6.24,0,24948.0,24.24,715.0,0.0,8.0,17413.0,0
18675.0,18.99,4,110000.0,9.95,670.0,2.0,11.0,18771.0,1
20000.0,13.18,2,87000.0,34.86,705.0,0.0,12.0,20917.0,1
30000.0,13.67,2,70000.0,27.11,675.0,0.0,12.0,30044.0,1
25000.0,17.86,3,85000.0,11.05,675.0,0.0,13.0,18906.0,0
14400.0,10.64,1,98000.0,28.1,725.0,0.0,19.0,34946.0,0
10000.0,10.64,1,43000.0,7.06,715.0,0.0,19.0,10343.0,0
10000.0,13.18,2,38000.0,32.63,665.0,0.0,10.0,3665.0,0
35000.0,10.64,1,106000.0,26.53,710.0,0.0,12.0,19302.0,1
4000.0,11.99,2,61000.0,21.31,675.0,1.0,11.0,3250.0,0
12000.0,18.49,4,35000.0,26.27,665.0,2.0,13.0,3374.0,1
12000.0,9.17,1,85000.0,7.54,660.0,0.0,12.0,11299.0,0
5000.0,16.55,3,65000.0,35.34,670.0,0.0,23.0,19915.0,0
7000.0,11.22,1,50000.0,27.6,670.0,0.0,11.0,3275.0,0
12650.0,12.59,2,51000.0,26.59,705.0,0.0,10.0,69313.0,0
7200.0,9.76,1,60000.0,16.62,670.0,0.0,11.0,18586.0,0
10000.0,7.89,0,110000.0,21.31,690.0,0.0,15.0,23628.0,0
7900.0,17.57,3,54000.0,7.6,665.0,4.0,8.0,2701.0,1
8000.0,9.76,1,42000.0,19.71,720.0,0.0,10.0,4211.0,0
26875.0,18.99,4,80000.0,13.13,685.0,0.0,20.0,15270.0,0
12000.0,6.89,0,93000.0,28.23,730.0,0.0,9.0,13203.0,0
5000.0,13.18,2,25000.0,36.42,675.0,0.0,22.0,9916.0,0
25000.0,10.64,1,73000.0,18.2,705.0,1.0,20.0,19518.0,0
12000.0,9.17,1,175000.0,11.46,675.0,0.0,16.0,15319.0,0
10000.0,9.17,1,60000.0,8.0,660.0,1.0,7.0,7618.0,0
13525.0,12.59,2,51000.0,33.86,710.0,0.0,16.0,12113.0,0
13000.0,6.24,0,56000.0,16.91,680.0,0.0,23.0,16713.0,0
3000.0,16.99,3,34104.0,37.13,705.0,0.0,12.0,13857.0,0
20000.0,7.89,0,84000.0,7.14,695.0,1.0,13.0,19584.0,0
21600.0,13.67,2,60000.0,22.68,700.0,0.0,13.0,15221.0,1
7700.0,18.2,4,45000.0,34.75,725.0,0.0,18.0,16437.0,0
15000.0,13.18,2,60000.0,10.86,660.0,2.0,6.0,15175.0,0
20700.0,13.18,2,45000.0,28.19,715.0,0.0,11.0,4614.0,0
7000.0,7.89,0,50000.0,8.88,680.0,0.0,8.0,6364.0,0
23200.0,13.67,2,58000.0,12.04,665.0,0.0,13.0,21645.0,1
10000.0,7.89,0,45000.0,9.25,720.0,0.0,7.0,2163.0,0
10000.0,8.38,1,78000.0,18.14,740.0,1.0,18.0,4739.0,0
17000.0,9.17,1,82000.0,16.82,695.0,0.0,8.0,14582.0,0
17625.0,20.99,4,42000.0,27.03,675.0,0.0,11.0,9405.0,0
8000.0,10.64,1,60000.0,33.54,665.0,1.0,17.0,14604.0,1
24000.0,7.89,0,82000.0,10.88,755.0,0.0,12.0,31874.0,0
14500.0,7.26,0,100000.0,6.29,715.0,0.0,12.0,11704.0,0
6350.0,15.41,3,27000.0,26.04,660.0,0.0,16.0,7309.0,1
20000.0,5.32,0,162463.0,15.56,795.0,0.0,8.0,18896.0,0
6000.0,13.67,2,50000.0,12.73,660.0,0.0,15.0,13581.0,0
12000.0,7.89,0,594000.0,1.85,665.0,0.0,5.0,7349.0,0
10000.0,9.76,1,60000.0,10.78,660.0,0.0,9.0,10662.0,1
7000.0,11.22,1,55000.0,8.29,680.0,0.0,13.0,5269.0,0
14750.0,19.99,4,65000.0,25.74,665.0,0.0,10.0,5097.0,1
12000.0,11.99,2,101000.0,8.49,710.0,0.0,13.0,10079.0,0
13200.0,18.99,4,55000.0,38.12,660.0,3.0,11.0,11609.0,1
12000.0,11.22,1,50000.0,18.58,695.0,0.0,5.0,15153.0,1
35000.0,9.76,1,300000.0,9.11,805.0,0.0,9.0,123707.0,0
30000.0,11.99,2,95000.0,17.03,660.0,0.0,11.0,20034.0,1
34000.0,7.89,0,110000.0,12.5,755.0,0.0,19.0,32352.0,0
5000.0,10.64,1,81000.0,15.32,660.0,0.0,7.0,7614.0,1
8000.0,9.17,1,56000.0,25.46,665.0,0.0,18.0,12682.0,0
24000.0,7.89,0,162000.0,12.9,725.0,0.0,12.0,14441.0,0
9000.0,6.24,0,61900.0,20.01,735.0,0.0,14.0,13084.0,0
26000.0,13.67,2,75000.0,5.22,685.0,0.0,5.0,5556.0,0
8500.0,12.59,2,51300.0,29.05,660.0,2.0,12.0,24796.0,0
9525.0,7.89,0,80000.0,17.79,695.0,0.0,6.0,13717.0,0
5000.0,12.59,2,75000.0,8.7,670.0,0.0,9.0,3247.0,0
35000.0,18.2,4,120000.0,15.98,660.0,0.0,18.0,36690.0,1
14550.0,17.86,3,37000.0,19.59,670.0,0.0,14.0,9343.0,0
15000.0,7.89,0,85000.0,13.58,715.0,0.0,7.0,20733.0,1
20000.0,12.59,2,105000.0,14.12,680.0,0.0,9.0,33205.0,0
8000.0,9.76,1,65000.0,30.32,705.0,0.0,11.0,8832.0,0
10450.0,21.99,5,38500.0,25.37,715.0,0.0,13.0,16324.0,0
20000.0,7.26,0,150000.0,9.86,795.0,0.0,13.0,11296.0,0
4000.0,7.26,0,51500.0,16.43,680.0,0.0,6.0,5374.0,0
10400.0,14.48,2,65000.0,26.97,690.0,0.0,6.0,4350.0,0
33600.0,16.99,3,78000.0,15.89,725.0,0.0,18.0,30502.0,0
27000.0,11.22,1,210000.0,5.01,680.0,2.0,6.0,4631.0,0
21575.0,17.57,3,85000.0,31.44,670.0,0.0,7.0,14047.0,1
19200.0,10.64,1,51000.0,31.22,700.0,0.0,12.0,30341.0,1
16000.0,9.76,1,220000.0,13.15,795.0,0.0,10.0,37319.0,1
8400.0,10.64,1,46000.0,21.03,680.0,0.0,6.0,14450.0,1
6000.0,6.89,0,32000.0,23.13,700.0,0.0,11.0,9105.0,0
9600.0,10.64,1,70000.0,17.03,665.0,0.0,10.0,11750.0,0
17000.0,9.17,1,67000.0,9.62,720.0,0.0,11.0,5901.0,0
13900.0,22.99,5,72500.0,29.56,670.0,1.0,14.0,3327.0,1
12000.0,15.41,3,80000.0,18.89,695.0,0.0,11.0,7816.0,1
6000.0,5.32,0,88000.0,16.96,745.0,0.0,16.0,34966.0,0
8000.0,7.26,0,78000.0,18.4,725.0,0.0,10.0,21707.0,1
9000.0,10.64,1,22000.0,17.41,690.0,0.0,7.0,11532.0,0
28000.0,9.76,1,140000.0,8.8,675.0,1.0,10.0,44540.0,0
17000.0,7.89,0,65000.0,11.93,680.0,0.0,9.0,11201.0,0
19950.0,16.99,3,68000.0,31.19,660.0,0.0,12.0,22192.0,1
5600.0,13.18,2,50000.0,18.27,695.0,0.0,5.0,4397.0,0
23000.0,15.41,3,46000.0,8.9,775.0,0.0,13.0,8493.0,0
30000.0,8.38,1,122500.0,9.98,700.0,3.0,12.0,18482.0,0
4000.0,13.67,2,63000.0,24.69,660.0,1.0,23.0,20763.0,0
6000.0,14.48,2,60000.0,31.22,695.0,0.0,17.0,29893.0,0
12000.0,10.64,1,56000.0,31.76,700.0,0.0,7.0,24847.0,1
5000.0,13.67,2,22000.0,24.28,670.0,0.0,7.0,1059.0,0
30000.0,9.17,1,228000.0,15.85,705.0,0.0,9.0,53757.0,0
5000.0,17.57,3,20000.0,34.09,670.0,1.0,10.0,4448.0,0
13000.0,7.89,0,60000.0,8.7,775.0,0.0,10.0,1870.0,0
10000.0,16.55,3,70000.0,21.93,680.0,0.0,18.0,19745.0,0
11000.0,8.38,1,32000.0,11.78,695.0,0.0,5.0,6656.0,0
32100.0,19.99,4,112000.0,37.42,685.0,0.0,8.0,26454.0,0
7500.0,12.59,2,90000.0,21.0,695.0,0.0,10.0,6437.0,0
18000.0,5.32,0,90000.0,11.53,685.0,0.0,12.0,13922.0,0
25000.0,12.59,2,110000.0,14.58,695.0,0.0,7.0,26400.0,0
20000.0,16.55,3,63800.0,33.69,675.0,5.0,13.0,15238.0,0
9825.0,13.18,2,53000.0,17.6,705.0,0.0,13.0,8061.0,0
24000.0,13.67,2,109000.0,21.16,680.0,0.0,10.0,8214.0,1
24000.0,16.55,3,72000.0,20.07,770.0,0.0,7.0,8413.0,0
1600.0,8.38,1,75000.0,1.82,665.0,0.0,5.0,2151.0,0
14000.0,18.49,4,59280.0,26.48,695.0,0.0,18.0,20400.0,1
16000.0,9.17,1,81000.0,26.8,660.0,0.0,15.0,7992.0,0
12000.0,19.99,4,65000.0,18.15,665.0,1.0,10.0,11149.0,0
8000.0,14.48,2,50000.0,26.36,675.0,0.0,8.0,8524.0,0
7000.0,11.22,1,15700.0,20.18,675.0,0.0,6.0,9615.0,0
13000.0,13.18,2,35000.0,27.39,670.0,0.0,13.0,10172.0,0
8950.0,23.99,5,28000.0,12.26,660.0,0.0,4.0,4425.0,0
14400.0,7.26,0,116900.0,16.03,680.0,0.0,15.0,24865.0,0
12000.0,11.22,1,102000.0,26.76,670.0,3.0,12.0,14680.0,0
3600.0,11.22,1,33000.0,15.7,680.0,1.0,3.0,7289.0,0
14000.0,6.89,0,85000.0,15.42,725.0,0.0,10.0,15124.0,0
9800.0,11.22,1,36000.0,5.73,715.0,0.0,2.0,9381.0,0
3900.0,15.41,3,40000.0,27.72,730.0,0.0,12.0,12153.0,0
8000.0,10.64,1,100000.0,15.79,690.0,0.0,11.0,7987.0,0
18000.0,11.22,1,96000.0,18.56,695.0,0.0,16.0,13426.0,1
8400.0,8.38,1,80000.0,7.37,690.0,1.0,6.0,3625.0,0
5525.0,18.2,4,55000.0,25.66,665.0,0.0,8.0,8195.0,0
15000.0,13.18,2,82000.0,14.03,740.0,0.0,22.0,12727.0,0
19200.0,12.59,2,79000.0,17.58,700.0,0.0,9.0,13441.0,0
10000.0,12.59,2,43000.0,15.85,675.0,0.0,10.0,16487.0,0
5000.0,15.41,3,99000.0,14.23,665.0,0.0,8.0,11946.0,0
10000.0,10.64,1,67000.0,33.37,735.0,0.0,10.0,24566.0,0
6000.0,13.18,2,40000.0,34.8,675.0,0.0,15.0,5426.0,0
11000.0,6.89,0,135000.0,12.71,740.0,0.0,10.0,4819.0,0
3000.0,8.38,1,41000.0,10.66,675.0,0.0,6.0,2704.0,0
18000.0,11.22,1,95000.0,17.6,690.0,0.0,16.0,24139.0,0
2400.0,15.41,3,22000.0,17.02,660.0,0.0,14.0,3883.0,0
21000.0,15.41,3,42000.0,18.44,725.0,0.0,9.0,8463.0,0
23450.0,17.86,3,51000.0,28.42,715.0,0.0,12.0,7979.0,0
9000.0,11.22,1,47000.0,23.01,670.0,0.0,4.0,1974.0,0
21000.0,11.99,2,50000.0,7.75,690.0,0.0,8.0,11262.0,1
15000.0,11.22,1,80000.0,17.48,670.0,3.0,14.0,462.0,1
17500.0,5.32,0,115000.0,9.94,715.0,0.0,11.0,15941.0,0
15000.0,13.18,2,110403.0,23.58,710.0,0.0,9.0,43751.0,0
8000.0,7.89,0,35000.0,7.27,695.0,0.0,11.0,7221.0,0
10000.0,7.26,0,70000.0,15.14,720.0,1.0,8.0,14284.0,0
8500.0,5.32,0,68000.0,13.12,685.0,0.0,8.0,7447.0,0
9500.0,11.22,1,38000.0,18.22,665.0,0.0,12.0,6456.0,0
21000.0,9.76,1,169000.0,12.16,690.0,0.0,10.0,17916.0,0
15050.0,18.99,4,66500.0,32.14,700.0,0.0,13.0,6317.0,1
20000.0,9.17,1,96000.0,25.33,690.0,0.0,11.0,16861.0,1
14000.0,9.17,1,36000.0,30.14,710.0,0.0,3.0,13331.0,0
5000.0,11.99,2,50000.0,19.8,675.0,1.0,9.0,5178.0,0
5500.0,11.99,2,42000.0,17.97,675.0,1.0,10.0,4857.0,0
25850.0,13.18,2,58000.0,9.39,730.0,0.0,10.0,9169.0,0
17850.0,18.2,4,60000.0,30.7,670.0,3.0,11.0,4439.0,1
33575.0,20.99,4,105000.0,18.26,670.0,0.0,15.0,22135.0,0
25000.0,10.64,1,72000.0,12.67,685.0,0.0,7.0,179.0,0
20400.0,12.59,2,55000.0,9.69,685.0,2.0,10.0,17650.0,0
34075.0,12.59,2,71000.0,15.01,765.0,0.0,27.0,29008.0,0
24000.0,9.76,1,72000.0,31.67,725.0,0.0,17.0,46169.0,0
28000.0,6.89,0,180000.0,13.29,710.0,0.0,16.0,165078.0,0
20750.0,12.59,2,98000.0,24.41,660.0,2.0,30.0,17748.0,0
14575.0,19.99,4,48550.0,32.06,690.0,0.0,13.0,15916.0,1
4000.0,6.24,0,65000.0,19.26,735.0,0.0,9.0,3816.0,0
7500.0,17.86,3,48396.0,33.23,660.0,0.0,14.0,28751.0,0
28000.0,13.18,2,80000.0,15.66,705.0,0.0,8.0,41916.0,1
18200.0,9.76,1,70000.0,28.1,705.0,0.0,19.0,20817.0,1
35000.0,9.76,1,115000.0,11.41,710.0,0.0,16.0,29789.0,1
28000.0,8.38,1,325000.0,9.05,735.0,0.0,45.0,73886.0,0
8000.0,9.76,1,40500.0,30.33,705.0,0.0,8.0,1520.0,0
23000.0,11.99,2,82994.0,7.45,680.0,1.0,10.0,19165.0,0
5000.0,13.67,2,45000.0,37.79,670.0,0.0,10.0,15298.0,0
20000.0,12.59,2,49400.0,22.42,705.0,0.0,7.0,19142.0,0
5000.0,11.99,2,49500.0,9.19,675.0,0.0,8.0,6282.0,1
12000.0,6.89,0,72000.0,27.9,700.0,0.0,17.0,29209.0,0
9600.0,11.22,1,46400.0,11.69,665.0,0.0,7.0,9997.0,0
8175.0,15.41,3,22600.0,28.15,685.0,0.0,6.0,4499.0,0
16375.0,15.41,3,65000.0,19.53,670.0,0.0,7.0,6606.0,0
19200.0,13.67,2,49000.0,24.86,670.0,0.0,14.0,19716.0,1
15000.0,18.2,4,50000.0,28.16,685.0,0.0,6.0,8555.0,1
7000.0,16.99,3,75150.0,1.01,670.0,0.0,5.0,1457.0,1
4600.0,17.57,3,100000.0,20.7,665.0,1.0,10.0,535.0,1
10000.0,11.99,2,78000.0,22.74,670.0,0.0,11.0,10625.0,0
23000.0,15.41,3,85000.0,20.98,690.0,0.0,14.0,14084.0,1
30000.0,18.49,4,95000.0,18.05,660.0,0.0,19.0,13839.0,1
13650.0,16.99,3,44000.0,36.85,710.0,0.0,8.0,4694.0,1
9600.0,15.41,3,38500.0,16.96,660.0,0.0,8.0,11984.0,0
16000.0,7.89,0,60000.0,17.48,720.0,0.0,12.0,12071.0,0
4000.0,17.57,3,84000.0,16.51,695.0,1.0,10.0,3497.0,0
5000.0,11.22,1,300000.0,14.27,735.0,0.0,15.0,166657.0,0
16000.0,11.22,1,72000.0,23.35,695.0,1.0,17.0,10680.0,0
30000.0,13.67,2,100000.0,36.07,750.0,1.0,11.0,1327.0,1
20000.0,7.89,0,62000.0,14.45,725.0,0.0,21.0,18957.0,0
23400.0,7.89,0,78500.0,19.26,720.0,0.0,22.0,11356.0,0
17850.0,17.86,3,63000.0,30.23,660.0,1.0,16.0,12349.0,0
35000.0,7.89,0,149000.0,18.78,730.0,0.0,15.0,19676.0,0
25000.0,9.76,1,60000.0,18.9,695.0,2.0,10.0,14459.0,0
15000.0,11.22,1,75000.0,18.88,700.0,0.0,13.0,10844.0,0
3000.0,12.59,2,66650.0,7.26,660.0,0.0,16.0,12029.0,0
20250.0,10.64,1,55000.0,17.54,740.0,0.0,13.0,32393.0,0
28000.0,7.89,0,75000.0,14.46,715.0,0.0,6.0,41174.0,0
15000.0,10.64,1,65000.0,31.5,680.0,3.0,7.0,10881.0,1
3000.0,16.55,3,35000.0,9.88,665.0,0.0,16.0,6296.0,0
10000.0,20.99,4,80000.0,16.15,660.0,0.0,9.0,5362.0,1
17125.0,11.22,1,72000.0,34.4,685.0,1.0,10.0,12443.0,0
2500.0,9.17,1,50000.0,25.16,760.0,0.0,7.0,24466.0,0
12000.0,9.76,1,74000.0,6.31,705.0,0.0,11.0,17828.0,0
19200.0,13.67,2,46100.0,15.39,670.0,0.0,9.0,9756.0,0
30000.0,18.2,4,123600.0,26.81,685.0,0.0,24.0,23175.0,0
28000.0,5.32,0,400000.0,4.59,695.0,0.0,9.0,14150.0,0
15000.0,15.41,3,40000.0,21.63,700.0,0.0,17.0,10738.0,1
18650.0,14.48,2,45000.0,18.36,680.0,2.0,13.0,6645.0,0
18000.0,7.26,0,79000.0,16.48,715.0,1.0,8.0,16839.0,0
5000.0,10.64,1,40000.0,27.3,690.0,0.0,8.0,765.0,0
24375.0,12.59,2,53000.0,28.57,795.0,0.0,21.0,12485.0,0
2000.0,11.99,2,50000.0,23.81,695.0,0.0,19.0,24845.0,0
20000.0,7.26,0,90000.0,12.64,755.0,1.0,10.0,3463.0,0
10000.0,8.38,1,60000.0,6.56,675.0,0.0,11.0,9816.0,0
28000.0,9.17,1,144800.0,25.82,695.0,0.0,13.0,41551.0,0
8000.0,6.89,0,40000.0,19.68,695.0,1.0,14.0,26093.0,0
11000.0,9.17,1,50000.0,33.01,705.0,0.0,22.0,20726.0,0
19750.0,7.26,0,127000.0,18.57,680.0,0.0,11.0,18422.0,0
20000.0,8.38,1,80000.0,24.93,675.0,0.0,13.0,41318.0,1
6000.0,9.76,1,62000.0,17.63,720.0,0.0,15.0,5038.0,0
12000.0,9.76,1,70000.0,18.38,710.0,0.0,14.0,20802.0,0
12000.0,7.89,0,84000.0,11.9,725.0,0.0,7.0,7896.0,0
8000.0,11.22,1,70000.0,19.85,720.0,1.0,11.0,15498.0,1
28000.0,9.76,1,60000.0,10.42,705.0,0.0,5.0,18327.0,0
15000.0,13.18,2,60000.0,31.82,695.0,0.0,11.0,16678.0,1
11000.0,11.22,1,45000.0,23.6,725.0,0.0,6.0,10570.0,0
24000.0,16.55,3,120000.0,9.59,675.0,1.0,8.0,13909.0,1
1600.0,7.89,0,47000.0,12.31,730.0,0.0,19.0,602.0,0
19000.0,14.48,2,70000.0,9.3,725.0,0.0,6.0,13650.0,1
12000.0,9.17,1,102000.0,9.54,705.0,1.0,15.0,9757.0,0
16000.0,9.17,1,125000.0,30.89,695.0,0.0,20.0,58558.0,0
8975.0,13.67,2,52000.0,18.83,675.0,0.0,8.0,4804.0,1
5000.0,7.26,0,54500.0,16.34,685.0,1.0,10.0,1948.0,0
7775.0,10.64,1,54000.0,32.33,775.0,0.0,14.0,22112.0,0
7200.0,10.64,1,65000.0,7.4,665.0,0.0,8.0,10475.0,0
12000.0,12.59,2,63000.0,26.29,670.0,1.0,6.0,7895.0,0
10000.0,8.38,1,68000.0,11.86,755.0,0.0,11.0,9350.0,0
22000.0,15.41,3,55000.0,17.04,660.0,0.0,17.0,13299.0,1
12000.0,10.64,1,105000.0,12.69,675.0,0.0,10.0,10922.0,0
35000.0,9.76,1,109000.0,24.23,715.0,0.0,13.0,46151.0,0
27600.0,13.67,2,100000.0,11.54,665.0,0.0,17.0,6196.0,0
9000.0,9.76,1,54000.0,22.98,660.0,0.0,15.0,8581.0,1
15000.0,7.26,0,43188.0,27.23,695.0,0.0,10.0,43588.0,0
16000.0,6.24,0,78379.0,7.38,700.0,0.0,18.0,17045.0,0
24000.0,11.22,1,80000.0,19.19,700.0,0.0,10.0,6275.0,0
4800.0,16.99,3,30000.0,31.44,690.0,0.0,7.0,2323.0,0
18000.0,8.38,1,58000.0,9.21,695.0,0.0,14.0,9332.0,0
16000.0,9.17,1,60000.0,31.06,690.0,1.0,8.0,7080.0,0
9000.0,9.76,1,55120.0,8.45,660.0,0.0,12.0,3839.0,0
1450.0,9.76,1,45000.0,26.13,685.0,0.0,19.0,10610.0,0
12000.0,8.38,1,120000.0,7.67,745.0,0.0,18.0,22192.0,0
15000.0,7.89,0,80000.0,16.14,710.0,0.0,6.0,8422.0,0
32400.0,17.57,3,396000.0,7.88,685.0,0.0,7.0,27588.0,0
18000.0,7.26,0,77000.0,10.99,710.0,0.0,8.0,18361.0,0
12000.0,13.18,2,50000.0,27.72,685.0,0.0,11.0,7858.0,0
9225.0,20.99,4,120000.0,11.4,680.0,0.0,8.0,4420.0,0
3000.0,10.64,1,60000.0,30.04,670.0,0.0,18.0,13121.0,0
12000.0,9.17,1,32000.0,7.16,665.0,0.0,7.0,6180.0,0
10000.0,7.89,0,36000.0,14.46,760.0,0.0,13.0,7858.0,0
21000.0,5.32,0,149000.0,10.07,715.0,0.0,16.0,24440.0,0
5800.0,13.67,2,41000.0,2.69,690.0,1.0,6.0,0.0,0
25000.0,7.89,0,80000.0,11.9,685.0,0.0,9.0,23192.0,0
5000.0,11.22,1,53000.0,23.2,670.0,0.0,8.0,13832.0,0
13825.0,13.67,2,38000.0,21.76,685.0,0.0,8.0,7906.0,0
3000.0,15.41,3,30000.0,24.0,675.0,0.0,11.0,18194.0,0
1000.0,6.24,0,100000.0,9.97,815.0,0.0,17.0,19454.0,0
10000.0,8.38,1,50000.0,13.99,670.0,0.0,10.0,9079.0,0
14400.0,7.26,0,68000.0,21.0,695.0,0.0,13.0,23341.0,0
20000.0,15.41,3,88560.0,12.89,705.0,0.0,6.0,2960.0,0
17650.0,12.59,2,78000.0,30.85,720.0,0.0,11.0,18549.0,0
33600.0,9.17,1,102600.0,21.84,775.0,0.0,21.0,35070.0,0
22100.0,17.86,3,65000.0,28.91,740.0,0.0,10.0,7173.0,0
35000.0,15.41,3,150000.0,11.77,670.0,0.0,22.0,26138.0,0
34500.0,16.55,3,75000.0,19.54,710.0,0.0,8.0,24747.0,0
8500.0,7.89,0,48000.0,21.08,720.0,0.0,9.0,14523.0,0
8000.0,7.89,0,35000.0,7.72,665.0,0.0,7.0,6848.0,0
15000.0,18.99,4,92000.0,29.23,690.0,0.0,8.0,13804.0,1
24000.0,6.24,0,180000.0,9.35,700.0,0.0,11.0,28816.0,0
24000.0,5.32,0,85000.0,17.89,745.0,0.0,30.0,130468.0,0
5000.0,9.76,1,70000.0,10.08,670.0,2.0,5.0,2569.0,0
5000.0,11.99,2,45250.0,25.93,680.0,2.0,13.0,2378.0,0
28000.0,19.99,4,95000.0,22.27,705.0,0.0,11.0,19713.0,0
8000.0,10.64,1,47000.0,23.9,690.0,0.0,6.0,14397.0,0
35000.0,11.22,1,150000.0,28.59,690.0,0.0,10.0,124375.0,0
7000.0,13.67,2,57000.0,14.55,670.0,0.0,18.0,6398.0,1
25000.0,7.26,0,150000.0,10.23,805.0,0.0,10.0,0.0,0
7750.0,11.22,1,48000.0,17.68,720.0,0.0,8.0,3957.0,0
24000.0,8.38,1,95000.0,17.57,730.0,1.0,15.0,20692.0,0
1500.0,12.59,2,49500.0,31.61,660.0,1.0,18.0,7821.0,0
18000.0,9.17,1,96000.0,18.76,705.0,0.0,18.0,21891.0,0
23000.0,16.55,3,50000.0,28.47,700.0,0.0,12.0,28054.0,1
12600.0,13.18,2,60000.0,23.43,690.0,0.0,14.0,20912.0,1
35000.0,13.67,2,72000.0,36.98,695.0,0.0,21.0,38336.0,1
35000.0,13.67,2,82000.0,12.26,785.0,0.0,11.0,5529.0,0
10000.0,11.99,2,85000.0,9.42,675.0,0.0,17.0,822.0,0
5600.0,10.64,1,45000.0,29.52,675.0,0.0,7.0,6552.0,0
7250.0,7.26,0,45000.0,12.11,745.0,0.0,6.0,15072.0,0
24000.0,9.17,1,70000.0,16.87,745.0,1.0,12.0,23487.0,0
21000.0,11.99,2,148000.0,29.94,680.0,1.0,17.0,74144.0,0
5300.0,10.64,1,50000.0,15.79,715.0,0.0,5.0,24570.0,0
15000.0,11.22,1,87000.0,15.57,670.0,0.0,13.0,35144.0,0
22000.0,11.22,1,100000.0,22.54,660.0,0.0,9.0,27762.0,0
7800.0,6.24,0,41000.0,26.14,700.0,1.0,13.0,14666.0,1
5000.0,7.26,0,99000.0,29.15,725.0,0.0,16.0,19606.0,0
20000.0,12.59,2,75000.0,16.23,720.0,0.0,8.0,22591.0,0
6550.0,17.86,3,1770.0,999.0,670.0,2.0,10.0,29029.0,0
12000.0,7.89,0,85000.0,15.03,680.0,1.0,15.0,22829.0,0
11200.0,7.89,0,55000.0,24.66,715.0,0.0,16.0,12680.0,0
4000.0,14.48,2,33000.0,15.78,700.0,0.0,15.0,4808.0,0
11200.0,18.99,4,33000.0,36.62,685.0,0.0,16.0,31600.0,1
10000.0,7.89,0,76000.0,10.03,670.0,0.0,6.0,8823.0,0
22675.0,18.99,4,250000.0,11.24,700.0,0.0,18.0,21235.0,0
8200.0,14.48,2,37000.0,17.35,675.0,0.0,21.0,993.0,1
1200.0,7.89,0,80000.0,3.71,750.0,1.0,7.0,2814.0,0
6000.0,10.64,1,31500.0,17.9,675.0,3.0,4.0,0.0,0
8000.0,8.38,1,55000.0,27.73,680.0,0.0,28.0,22218.0,0
20000.0,7.89,0,75000.0,24.19,710.0,0.0,9.0,34002.0,0
18000.0,18.99,4,77000.0,15.06,665.0,1.0,10.0,14375.0,0
15000.0,10.64,1,77546.57,25.21,660.0,3.0,13.0,5081.0,0
15000.0,9.76,1,38000.0,19.43,695.0,0.0,8.0,11612.0,0
15400.0,16.55,3,35000.0,25.0,690.0,0.0,6.0,1631.0,0
34625.0,22.99,5,182000.0,25.54,675.0,0.0,27.0,62033.0,1
11400.0,12.59,2,70000.0,17.93,665.0,0.0,13.0,4196.0,0
35000.0,18.99,4,120000.0,6.47,680.0,0.0,11.0,8172.0,0
12000.0,21.99,5,64199.0,14.68,675.0,0.0,13.0,3795.0,1
9600.0,14.48,2,90000.0,20.96,660.0,0.0,11.0,4231.0,0
15925.0,19.99,4,84840.0,31.5,665.0,1.0,15.0,25540.0,1
25000.0,17.86,3,102000.0,15.87,680.0,0.0,12.0,27455.0,0
20000.0,9.76,1,90000.0,8.67,710.0,0.0,12.0,19805.0,0
24000.0,9.76,1,55272.0,21.8,685.0,0.0,6.0,53694.0,0
6000.0,15.41,3,75000.0,32.45,700.0,0.0,11.0,18943.0,1
15000.0,6.89,0,52500.0,14.79,715.0,0.0,17.0,480.0,0
29000.0,13.18,2,58000.0,23.94,700.0,0.0,10.0,42944.0,0
5000.0,13.18,2,28000.0,26.98,690.0,0.0,9.0,6888.0,0
8000.0,11.99,2,44000.0,12.25,685.0,2.0,11.0,2640.0,0
12000.0,9.76,1,48000.0,15.48,695.0,0.0,5.0,16882.0,0
20000.0,11.22,1,70000.0,0.31,670.0,0.0,6.0,601.0,0
15000.0,10.64,1,75000.0,14.96,670.0,0.0,11.0,12040.0,0
6500.0,6.24,0,16308.0,21.71,760.0,0.0,6.0,15141.0,1
20000.0,13.18,2,80000.0,15.45,705.0,0.0,9.0,5623.0,0
2800.0,9.76,1,65000.0,11.28,685.0,0.0,9.0,9666.0,0
25075.0,23.99,5,66000.0,34.69,660.0,7.0,16.0,12151.0,1
15000.0,7.89,0,60000.0,6.31,685.0,0.0,10.0,7441.0,0
25000.0,6.89,0,75000.0,30.24,760.0,0.0,9.0,21305.0,0
15000.0,9.76,1,76000.0,11.21,725.0,0.0,5.0,11904.0,0
4000.0,14.48,2,80000.0,26.0,685.0,0.0,26.0,20052.0,0
20000.0,11.99,2,175000.0,7.86,690.0,0.0,10.0,16740.0,0
5000.0,8.38,1,63000.0,15.27,685.0,0.0,7.0,38956.0,0
20000.0,11.22,1,114000.0,14.14,670.0,0.0,17.0,14784.0,0
7200.0,8.38,1,56000.0,19.1,670.0,0.0,17.0,4635.0,0
7200.0,5.32,0,58000.0,4.02,775.0,0.0,9.0,7784.0,0
6000.0,6.24,0,34657.2,5.3,700.0,0.0,5.0,5128.0,0
11000.0,10.64,1,50000.0,19.32,695.0,0.0,9.0,15743.0,0
29850.0,13.67,2,73000.0,33.78,800.0,0.0,21.0,22896.0,0
5000.0,7.26,0,44000.0,18.77,720.0,0.0,7.0,8556.0,0
20000.0,7.26,0,93000.0,18.63,740.0,0.0,14.0,19711.0,0
2400.0,13.67,2,49500.0,24.15,695.0,0.0,13.0,10444.0,0
24000.0,7.89,0,140000.0,18.74,675.0,1.0,15.0,22405.0,1
3000.0,11.99,2,51124.0,9.77,695.0,0.0,4.0,3411.0,0
25500.0,19.99,4,75072.0,13.12,760.0,0.0,5.0,2904.0,1
6400.0,13.18,2,34000.0,37.73,670.0,1.0,15.0,15991.0,0
5000.0,9.76,1,50000.0,16.75,690.0,0.0,5.0,15040.0,0
17000.0,14.48,2,100000.0,13.61,690.0,1.0,11.0,27272.0,0
28500.0,18.49,4,71200.0,12.44,705.0,0.0,9.0,15882.0,1
27600.0,7.26,0,60000.0,13.9,710.0,1.0,12.0,17313.0,0
35000.0,11.22,1,250000.0,17.16,665.0,1.0,14.0,50900.0,0
8500.0,7.89,0,58000.0,20.34,665.0,0.0,10.0,10272.0,0
27950.0,13.67,2,81000.0,28.4,710.0,0.0,11.0,15060.0,1
15000.0,7.89,0,49000.0,15.36,680.0,0.0,14.0,8109.0,0
9600.0,11.22,1,48000.0,26.9,665.0,1.0,12.0,9136.0,0
5000.0,14.48,2,56000.0,18.41,700.0,0.0,4.0,1494.0,0
10000.0,13.67,2,60000.0,12.38,660.0,0.0,9.0,4397.0,1
25000.0,16.99,3,61000.0,16.74,685.0,0.0,9.0,1764.0,0
8000.0,11.99,2,70000.0,20.16,675.0,0.0,23.0,12941.0,0
12000.0,8.38,1,191000.0,18.51,680.0,0.0,15.0,54172.0,1
4000.0,13.18,2,84012.0,18.15,680.0,0.0,14.0,24225.0,0
10000.0,8.38,1,63000.0,9.6,675.0,2.0,4.0,3550.0,0
9375.0,17.57,3,38536.0,16.13,695.0,0.0,6.0,2690.0,0
35000.0,11.99,2,205000.0,20.61,775.0,0.0,20.0,23456.0,1
4000.0,11.99,2,42000.0,21.74,715.0,1.0,7.0,7205.0,0
16275.0,17.57,3,86000.0,38.75,700.0,0.0,23.0,58163.0,1
3600.0,9.17,1,100000.0,21.35,685.0,1.0,17.0,13806.0,0
12500.0,7.89,0,42000.0,24.74,680.0,0.0,17.0,17455.0,0
16000.0,18.99,4,70000.0,15.7,660.0,0.0,10.0,11262.0,0
21200.0,15.41,3,53000.0,23.91,665.0,0.0,11.0,10059.0,0
35000.0,13.18,2,105000.0,24.68,680.0,1.0,19.0,39791.0,1
9925.0,16.55,3,21588.0,21.46,685.0,0.0,6.0,9226.0,1
4800.0,16.55,3,39000.0,22.12,690.0,1.0,5.0,5217.0,0
4000.0,11.99,2,130000.0,11.35,660.0,1.0,11.0,8375.0,0
14000.0,5.32,0,130000.0,11.74,740.0,0.0,10.0,22771.0,0
3000.0,9.76,1,60000.0,16.44,665.0,1.0,10.0,7810.0,0
20000.0,9.17,1,100000.0,11.52,675.0,0.0,9.0,8114.0,0
18475.0,18.99,4,70000.0,27.9,670.0,0.0,31.0,35716.0,0
9600.0,12.59,2,92500.0,6.23,670.0,0.0,12.0,10669.0,0
5000.0,13.18,2,60000.0,2.21,685.0,0.0,4.0,3556.0,0
34600.0,14.48,2,82500.0,20.52,695.0,0.0,4.0,8254.0,0
10800.0,18.99,4,50000.0,34.76,705.0,0.0,10.0,40186.0,0
10000.0,9.76,1,34000.0,12.14,765.0,0.0,5.0,15.0,0
18000.0,8.38,1,90000.0,13.2,700.0,0.0,11.0,13728.0,0
20800.0,11.22,1,85000.0,26.12,695.0,0.0,30.0,43316.0,0
6000.0,9.76,1,72000.0,24.36,705.0,0.0,11.0,20062.0,0
17625.0,17.57,3,42000.0,18.86,725.0,0.0,10.0,10383.0,1
16325.0,16.99,3,49000.0,37.11,670.0,0.0,16.0,19432.0,1
8800.0,10.64,1,89000.0,21.36,670.0,0.0,18.0,14206.0,0
9975.0,11.22,1,70000.0,0.45,695.0,0.0,3.0,1199.0,0
1600.0,13.67,2,28000.0,11.53,700.0,0.0,6.0,4136.0,0
12000.0,12.59,2,60000.0,4.66,660.0,0.0,6.0,7659.0,0
29400.0,18.99,4,70000.0,22.14,665.0,2.0,7.0,2988.0,1
5200.0,6.24,0,50000.0,13.32,695.0,1.0,6.0,9819.0,0
35000.0,17.86,3,180000.0,11.57,665.0,0.0,15.0,20377.0,1
20000.0,8.38,1,300000.0,4.58,665.0,2.0,14.0,88784.0,0
12000.0,7.89,0,95000.0,21.49,680.0,5.0,13.0,5297.0,0
8400.0,10.64,1,92000.0,9.37,660.0,2.0,9.0,3721.0,1
5000.0,5.32,0,110000.0,19.7,720.0,0.0,17.0,53108.0,0
12950.0,11.22,1,36000.0,9.67,740.0,0.0,4.0,14037.0,0
21125.0,16.99,3,60000.0,27.44,690.0,0.0,13.0,16749.0,1
4000.0,7.89,0,155500.0,16.88,685.0,3.0,23.0,7688.0,0
5000.0,7.89,0,32000.0,27.64,700.0,0.0,19.0,2724.0,1
6000.0,10.64,1,45500.0,18.83,705.0,0.0,4.0,5208.0,0
2000.0,9.76,1,38000.0,20.66,675.0,0.0,7.0,7258.0,0
10000.0,10.64,1,40000.0,6.6,695.0,0.0,8.0,4826.0,0
5600.0,8.38,1,44000.0,20.92,685.0,0.0,8.0,10416.0,0
20000.0,11.99,2,160000.0,13.98,660.0,1.0,11.0,25267.0,1
15000.0,6.89,0,65000.0,20.09,730.0,0.0,19.0,30030.0,0
4800.0,15.41,3,37812.0,5.57,660.0,0.0,15.0,4466.0,1
7000.0,6.89,0,58000.0,28.88,740.0,0.0,24.0,9761.0,0
7500.0,9.76,1,61000.0,10.92,710.0,0.0,8.0,5877.0,0
25000.0,7.89,0,85000.0,23.49,690.0,0.0,22.0,25761.0,0
1800.0,13.67,2,62897.12,24.39,660.0,3.0,18.0,32650.0,0
30650.0,27.31,6,68000.0,11.45,660.0,1.0,7.0,1653.0,0
17000.0,6.24,0,72000.0,23.88,795.0,0.0,16.0,7364.0,0
16000.0,6.24,0,160000.0,8.36,705.0,1.0,7.0,43590.0,0
2500.0,14.48,2,50000.0,28.72,685.0,0.0,19.0,34139.0,0
10000.0,11.99,2,42000.0,37.37,715.0,0.0,9.0,9056.0,0
5700.0,14.48,2,15000.0,28.32,710.0,0.0,9.0,6203.0,0
24000.0,5.32,0,96000.0,28.49,705.0,0.0,21.0,24103.0,0
35000.0,13.67,2,205639.0,15.51,670.0,2.0,13.0,52958.0,0
3000.0,6.89,0,126000.0,9.12,690.0,2.0,11.0,7433.0,0
32000.0,9.17,1,85000.0,35.35,705.0,0.0,18.0,33420.0,0
3600.0,11.22,1,40000.0,27.54,710.0,0.0,20.0,9967.0,0
7000.0,15.41,3,65000.0,12.19,685.0,0.0,4.0,562.0,1
12000.0,18.49,4,45000.0,29.89,660.0,0.0,15.0,9468.0,1
20000.0,6.89,0,64000.0,18.75,720.0,0.0,14.0,21353.0,0
30000.0,9.76,1,120000.0,19.35,675.0,1.0,17.0,26390.0,1
7200.0,11.22,1,57500.0,36.11,660.0,1.0,13.0,9459.0,0
26750.0,10.64,1,99732.0,30.83,690.0,0.0,17.0,17570.0,0
8000.0,10.64,1,52000.0,19.78,710.0,0.0,10.0,10586.0,0
30000.0,9.76,1,114000.0,16.58,675.0,1.0,11.0,44714.0,0
12000.0,13.67,2,120000.0,10.01,680.0,7.0,9.0,5272.0,0
20000.0,11.99,2,60000.0,13.06,685.0,1.0,11.0,3248.0,0
19275.0,11.99,2,66685.0,29.62,690.0,0.0,13.0,22728.0,0
21000.0,7.89,0,150000.0,11.49,710.0,1.0,8.0,15313.0,0
3400.0,16.99,3,52000.0,6.67,670.0,2.0,22.0,4416.0,0
30000.0,21.99,5,125000.0,18.55,660.0,2.0,20.0,6821.0,0
10000.0,10.64,1,98000.0,18.49,720.0,0.0,10.0,5036.0,0
14400.0,16.55,3,48000.0,21.3,675.0,0.0,15.0,4730.0,0
18000.0,17.57,3,20000.0,44.09,690.0,0.0,6.0,40165.0,0
9500.0,16.55,3,28000.0,11.02,675.0,0.0,8.0,9863.0,1
3600.0,6.89,0,33500.0,21.64,755.0,0.0,31.0,2134.0,0
10000.0,9.17,1,147000.0,1.79,720.0,2.0,13.0,6106.0,0
25000.0,6.89,0,102000.0,1.0,840.0,0.0,10.0,1883.0,0
35000.0,13.67,2,85000.0,14.02,710.0,1.0,11.0,19657.0,0
9325.0,7.89,0,52000.0,22.92,720.0,0.0,22.0,7791.0,0
10000.0,13.18,2,34000.0,28.38,660.0,0.0,6.0,4267.0,1
15000.0,9.76,1,60000.0,23.44,675.0,1.0,16.0,6029.0,0
3000.0,8.38,1,53000.0,32.22,720.0,0.0,19.0,24078.0,0
35000.0,15.41,3,120000.0,9.39,700.0,2.0,8.0,26046.0,1
7000.0,9.76,1,70000.0,28.28,670.0,0.0,32.0,27147.0,1
12000.0,15.41,3,52000.0,31.56,680.0,0.0,17.0,15015.0,1
24875.0,17.57,3,64000.0,31.16,705.0,0.0,15.0,8645.0,0
3000.0,13.18,2,40000.0,16.23,690.0,0.0,12.0,10502.0,0
4350.0,10.64,1,17669.0,26.15,700.0,0.0,6.0,5856.0,1
10825.0,12.59,2,36000.0,10.83,715.0,1.0,7.0,9166.0,1
3000.0,17.57,3,42000.0,30.15,670.0,0.0,11.0,3583.0,1
30000.0,15.41,3,184000.0,29.28,730.0,0.0,6.0,36190.0,0
7200.0,11.99,2,52000.0,13.71,665.0,0.0,8.0,11467.0,0
4500.0,9.17,1,35000.0,18.04,675.0,1.0,9.0,5539.0,0
3750.0,16.55,3,30000.0,35.96,680.0,0.0,16.0,11988.0,1
5100.0,10.64,1,75000.0,6.96,670.0,0.0,10.0,4762.0,0
15000.0,6.89,0,122000.0,9.71,715.0,0.0,10.0,37774.0,0
7000.0,5.32,0,250000.0,10.6,700.0,2.0,18.0,38779.0,0
9900.0,7.26,0,89000.0,13.94,690.0,0.0,8.0,11051.0,0
13625.0,13.18,2,31000.0,21.8,665.0,3.0,21.0,22036.0,1
24000.0,7.26,0,218800.0,14.77,735.0,0.0,7.0,23033.0,0
15000.0,7.26,0,257000.0,9.82,710.0,1.0,23.0,46750.0,0
20000.0,11.22,1,120000.0,19.45,665.0,0.0,11.0,27486.0,0
8000.0,9.17,1,60000.0,13.34,670.0,1.0,17.0,10101.0,0
13575.0,13.67,2,60000.0,16.18,700.0,0.0,8.0,13024.0,0
9600.0,9.76,1,145600.0,3.08,665.0,0.0,3.0,3777.0,0
15000.0,10.64,1,180000.0,24.87,775.0,0.0,13.0,9816.0,0
25000.0,19.99,4,70490.0,14.03,710.0,0.0,9.0,3630.0,1
8075.0,9.17,1,28000.0,28.72,705.0,2.0,11.0,7109.0,0
4000.0,11.99,2,65000.0,12.76,680.0,0.0,6.0,1434.0,0
12000.0,9.76,1,70000.0,31.31,700.0,0.0,28.0,8917.0,1
5000.0,12.59,2,94900.0,24.58,700.0,0.0,18.0,38298.0,1
10000.0,8.38,1,56000.0,38.81,685.0,1.0,6.0,46498.0,0
6000.0,10.64,1,98000.0,34.83,670.0,0.0,21.0,35929.0,0
30000.0,18.49,4,80000.0,18.66,665.0,0.0,20.0,25349.0,0
3600.0,14.48,2,25000.0,16.66,680.0,0.0,9.0,8524.0,0
35000.0,9.76,1,88476.0,15.2,730.0,0.0,18.0,35565.0,0
17025.0,15.41,3,72800.0,34.55,665.0,0.0,21.0,33955.0,1
8000.0,9.76,1,140000.0,23.91,695.0,7.0,6.0,12371.0,1
11325.0,17.86,3,50000.0,18.99,665.0,0.0,13.0,11628.0,0
10000.0,9.76,1,37291.0,23.74,710.0,0.0,8.0,8913.0,0
21600.0,11.99,2,60000.0,16.16,665.0,1.0,21.0,17625.0,0
10950.0,9.17,1,35000.0,14.64,680.0,0.0,6.0,5437.0,0
15000.0,11.22,1,130000.0,9.11,675.0,0.0,14.0,21090.0,0
3000.0,11.22,1,95000.0,8.54,680.0,0.0,6.0,12088.0,0
35000.0,13.67,2,126500.0,14.11,675.0,0.0,19.0,31980.0,0
5400.0,16.99,3,47200.0,25.07,670.0,0.0,10.0,39203.0,1
3425.0,15.41,3,70000.0,11.98,670.0,2.0,7.0,1516.0,0
16000.0,7.89,0,38900.0,24.45,685.0,0.0,4.0,20302.0,0
6725.0,13.67,2,15317.0,19.44,700.0,0.0,7.0,9734.0,1
9325.0,16.99,3,108000.0,31.63,675.0,1.0,13.0,13372.0,0
21000.0,10.64,1,120000.0,16.72,685.0,0.0,13.0,11392.0,0
24000.0,12.59,2,84200.0,25.98,660.0,1.0,27.0,37782.0,0
7000.0,11.22,1,30000.0,15.72,690.0,0.0,6.0,2782.0,0
7050.0,14.48,2,19600.0,34.72,665.0,0.0,9.0,4311.0,0
9000.0,5.32,0,48000.0,18.55,780.0,0.0,22.0,8484.0,0
6000.0,11.99,2,71000.0,26.67,675.0,3.0,10.0,9049.0,0
4000.0,9.17,1,60000.0,8.92,665.0,1.0,13.0,6347.0,0
7000.0,10.64,1,45000.0,28.4,685.0,1.0,10.0,5973.0,0
18225.0,15.41,3,50000.0,34.04,710.0,1.0,22.0,13365.0,0
9000.0,5.32,0,78000.0,30.26,830.0,0.0,19.0,5931.0,0
9600.0,13.67,2,38500.0,22.26,670.0,0.0,9.0,2000.0,1
3950.0,16.99,3,30000.0,18.04,695.0,0.0,7.0,4242.0,0
7500.0,14.48,2,130000.0,18.81,660.0,1.0,13.0,48396.0,0
15000.0,14.48,2,52000.0,26.3,720.0,2.0,9.0,7054.0,1
1000.0,9.17,1,77463.0,16.44,675.0,0.0,13.0,3983.0,0
12000.0,16.55,3,41990.0,31.81,665.0,0.0,15.0,9828.0,1
20950.0,11.99,2,90000.0,33.37,670.0,0.0,12.0,27990.0,0
12000.0,13.67,2,75000.0,17.44,685.0,1.0,16.0,15381.0,1
14600.0,12.59,2,36200.0,28.32,715.0,0.0,6.0,3837.0,0
19825.0,16.99,3,187920.0,24.98,710.0,1.0,16.0,12237.0,1
8000.0,10.64,1,52000.0,21.79,705.0,0.0,14.0,18809.0,0
22800.0,16.55,3,60000.0,32.31,685.0,0.0,14.0,20733.0,0
5000.0,9.17,1,40000.0,18.63,680.0,0.0,6.0,9425.0,0
12800.0,8.38,1,48000.0,34.6,665.0,1.0,14.0,15702.0,0
3250.0,17.86,3,33839.0,27.7,690.0,0.0,11.0,17486.0,0
27000.0,6.89,0,90000.0,20.6,700.0,0.0,9.0,23528.0,0
9600.0,11.99,2,72000.0,35.68,660.0,5.0,17.0,10082.0,0
5500.0,7.26,0,49000.0,3.38,685.0,0.0,10.0,5819.0,0
7725.0,11.22,1,62000.0,17.85,695.0,0.0,13.0,11254.0,0
5000.0,11.22,1,145000.0,25.88,690.0,0.0,20.0,21575.0,0
6400.0,17.57,3,31944.0,22.28,705.0,0.0,8.0,8370.0,0
22000.0,18.2,4,55000.0,19.11,690.0,0.0,11.0,7076.0,0
23450.0,12.59,2,51000.0,16.89,690.0,0.0,7.0,12423.0,0
12000.0,8.38,1,110000.0,9.78,680.0,0.0,12.0,8801.0,0
15000.0,17.86,3,72000.0,33.58,695.0,0.0,13.0,39761.0,0
35000.0,18.49,4,81500.0,26.61,685.0,0.0,16.0,35489.0,0
6000.0,11.99,2,44900.0,6.71,670.0,1.0,20.0,5886.0,0
28000.0,6.24,0,150000.0,19.66,720.0,0.0,11.0,40452.0,0
8000.0,7.89,0,80000.0,11.46,700.0,0.0,13.0,7239.0,0
14000.0,18.2,4,160000.0,20.6,685.0,0.0,15.0,63200.0,1
14800.0,12.59,2,38000.0,32.39,670.0,0.0,17.0,14418.0,0
16000.0,9.76,1,50000.0,11.74,680.0,0.0,16.0,9686.0,0
5000.0,9.76,1,35000.0,13.68,710.0,0.0,7.0,3571.0,0
20000.0,17.86,3,65000.0,20.25,670.0,2.0,11.0,7848.0,1
28100.0,9.17,1,80000.0,22.38,710.0,1.0,18.0,46048.0,0
8000.0,7.26,0,85000.0,21.22,690.0,0.0,10.0,6745.0,1
14400.0,15.41,3,69000.0,11.25,690.0,0.0,7.0,4088.0,1
12000.0,10.64,1,115523.0,15.27,675.0,0.0,10.0,25347.0,0
3600.0,9.17,1,71000.0,20.89,710.0,0.0,8.0,10402.0,0
6000.0,7.89,0,180000.0,2.11,680.0,0.0,9.0,10654.0,0
15000.0,15.41,3,80000.0,36.77,700.0,0.0,13.0,24031.0,1
7500.0,11.99,2,111000.0,14.09,675.0,0.0,9.0,14995.0,1
6000.0,9.17,1,49850.0,25.4,725.0,0.0,13.0,16.0,1
16000.0,15.41,3,105000.0,10.19,660.0,0.0,9.0,16123.0,0
15000.0,5.32,0,82000.0,29.05,760.0,0.0,15.0,15407.0,0
10000.0,8.38,1,145000.0,32.43,680.0,0.0,21.0,14841.0,0
12000.0,13.18,2,50000.0,12.84,680.0,0.0,14.0,10287.0,0
24000.0,15.41,3,103000.0,16.32,675.0,0.0,21.0,30273.0,0
20250.0,17.86,3,103000.0,10.82,750.0,0.0,10.0,2503.0,0
9175.0,13.67,2,65000.0,23.91,660.0,2.0,6.0,1710.0,1
12000.0,9.17,1,52000.0,15.95,665.0,0.0,3.0,2366.0,0
2200.0,13.18,2,29120.0,15.95,685.0,0.0,7.0,13238.0,0
10000.0,5.32,0,400000.0,17.52,705.0,0.0,15.0,415195.0,0
15275.0,17.57,3,78000.0,25.72,670.0,0.0,9.0,14277.0,0
10000.0,12.59,2,110000.0,3.05,660.0,0.0,10.0,6028.0,1
27500.0,21.99,5,99000.0,37.6,660.0,0.0,22.0,54589.0,0
12000.0,11.22,1,66500.0,17.02,690.0,0.0,8.0,8747.0,0
25600.0,6.24,0,75000.0,12.9,700.0,1.0,5.0,657.0,0
3000.0,11.22,1,100000.0,22.56,670.0,0.0,13.0,21088.0,0
16000.0,7.26,0,270000.0,5.55,715.0,0.0,8.0,18756.0,0
20000.0,12.59,2,60000.0,38.72,660.0,0.0,12.0,6598.0,0
18000.0,12.59,2,70500.0,27.51,720.0,0.0,12.0,33453.0,1
26000.0,6.24,0,237510.0,11.1,720.0,0.0,13.0,71146.0,0
35000.0,14.48,2,85000.0,17.14,675.0,1.0,11.0,21319.0,0
15300.0,20.99,4,45000.0,19.49,665.0,0.0,17.0,2531.0,0
20000.0,9.17,1,83370.0,12.88,745.0,0.0,7.0,16328.0,0
19050.0,14.48,2,55000.0,38.12,675.0,0.0,8.0,5435.0,0
15000.0,10.64,1,81200.0,20.48,725.0,1.0,15.0,10424.0,1
2550.0,13.18,2,45000.0,10.99,665.0,0.0,18.0,9257.0,0
27600.0,13.67,2,156000.0,25.46,675.0,0.0,15.0,118187.0,0
14250.0,22.99,5,50000.0,37.25,695.0,0.0,9.0,12382.0,0
32500.0,11.99,2,95700.0,33.33,705.0,1.0,6.0,30105.0,0
7000.0,6.24,0,58000.0,25.06,735.0,0.0,28.0,5871.0,0
5000.0,17.57,3,52000.0,15.09,670.0,0.0,12.0,3235.0,0
28000.0,12.59,2,150000.0,24.87,665.0,0.0,17.0,77243.0,0
5000.0,9.76,1,100000.0,27.35,660.0,0.0,39.0,10975.0,0
27500.0,10.64,1,55000.0,21.69,770.0,0.0,16.0,18914.0,0
10000.0,12.59,2,30000.0,19.4,670.0,0.0,5.0,6660.0,0
12000.0,15.41,3,85000.0,13.16,685.0,0.0,14.0,14756.0,1
12800.0,9.76,1,52000.0,29.75,665.0,0.0,7.0,12119.0,0
6025.0,12.59,2,32000.0,9.45,660.0,0.0,9.0,8642.0,0
21000.0,9.17,1,150000.0,14.28,665.0,2.0,19.0,42617.0,0
23100.0,17.86,3,90000.0,39.99,685.0,0.0,12.0,42312.0,0
5450.0,13.18,2,40000.0,37.59,730.0,0.0,12.0,4230.0,0
7900.0,15.41,3,15800.0,33.93,690.0,0.0,15.0,13629.0,0
21000.0,16.99,3,185000.0,21.54,670.0,2.0,15.0,21692.0,0
7000.0,12.59,2,43900.0,13.59,700.0,0.0,5.0,9211.0,0
25000.0,18.49,4,86000.0,37.5,690.0,5.0,10.0,21331.0,0
8100.0,13.67,2,45000.0,14.67,665.0,1.0,20.0,4183.0,0
6700.0,9.76,1,58000.0,18.46,735.0,0.0,10.0,7191.0,0
30000.0,18.49,4,94000.0,22.66,690.0,0.0,36.0,14370.0,0
10000.0,10.64,1,60000.0,5.72,665.0,0.0,5.0,2178.0,0
9800.0,18.49,4,46500.0,20.8,665.0,1.0,13.0,4445.0,0
12000.0,18.2,4,73000.0,15.44,660.0,0.0,9.0,13584.0,0
15000.0,9.76,1,88000.0,36.21,685.0,0.0,18.0,26785.0,0
22000.0,10.64,1,114000.0,21.43,725.0,0.0,25.0,59172.0,0
15000.0,11.99,2,81825.0,23.85,665.0,1.0,15.0,25123.0,0
25000.0,5.32,0,75000.0,16.48,750.0,0.0,10.0,23591.0,0
15000.0,5.32,0,170000.0,9.37,785.0,0.0,17.0,11175.0,0
24175.0,9.76,1,52575.0,24.88,690.0,0.0,9.0,21882.0,0
15000.0,12.59,2,90000.0,9.33,665.0,1.0,6.0,8436.0,0
15000.0,16.55,3,58000.0,23.13,720.0,0.0,7.0,20906.0,0
6000.0,11.99,2,23452.0,36.59,685.0,0.0,15.0,11165.0,1
8000.0,9.76,1,72000.0,20.22,680.0,0.0,14.0,8016.0,0
16000.0,13.18,2,50000.0,26.98,675.0,0.0,25.0,26504.0,0
15675.0,16.99,3,41000.0,30.71,675.0,0.0,10.0,40372.0,0
10000.0,11.99,2,56160.0,2.18,670.0,0.0,11.0,3499.0,1
4400.0,8.38,1,32000.0,18.38,690.0,0.0,5.0,6211.0,0
10000.0,11.22,1,85000.0,25.02,670.0,0.0,10.0,16997.0,0
32400.0,16.99,3,123519.0,34.27,690.0,0.0,20.0,25183.0,1
3500.0,13.67,2,41000.0,13.5,665.0,0.0,3.0,4882.0,1
19775.0,12.59,2,95000.0,7.4,665.0,0.0,15.0,5229.0,0
2500.0,13.67,2,52000.0,30.26,680.0,3.0,13.0,5388.0,0
15000.0,14.48,2,38400.0,20.29,660.0,0.0,6.0,7840.0,0
7500.0,11.22,1,78000.0,16.03,670.0,1.0,12.0,7891.0,0
3600.0,11.22,1,55000.0,19.86,685.0,0.0,16.0,10057.0,0
3000.0,12.59,2,70000.0,12.53,660.0,0.0,12.0,11564.0,0
8000.0,17.57,3,62776.0,37.76,675.0,0.0,11.0,9396.0,0
7200.0,10.64,1,37000.0,26.14,710.0,1.0,10.0,4412.0,0
35000.0,9.17,1,127000.0,15.95,685.0,0.0,18.0,72298.0,0
2400.0,12.59,2,58250.0,22.46,705.0,0.0,8.0,6316.0,0
13800.0,18.49,4,86000.0,21.2,685.0,0.0,15.0,22413.0,1
3425.0,19.99,4,34000.0,15.3,660.0,0.0,12.0,3725.0,0
31275.0,15.41,3,240000.0,18.12,660.0,3.0,8.0,10030.0,1
10000.0,6.89,0,33000.0,8.11,800.0,0.0,12.0,10224.0,0
28000.0,12.59,2,98000.0,8.53,665.0,0.0,10.0,23450.0,0
10000.0,6.24,0,45700.0,7.41,725.0,0.0,10.0,7522.0,0
34500.0,18.2,4,75000.0,24.98,685.0,0.0,19.0,16719.0,1
5000.0,5.32,0,70000.0,27.24,735.0,0.0,24.0,40110.0,0
17300.0,10.64,1,34601.0,33.06,730.0,0.0,6.0,35398.0,0
8000.0,13.18,2,42000.0,31.09,700.0,0.0,14.0,5704.0,0
23500.0,18.99,4,47000.0,18.18,670.0,1.0,10.0,8657.0,0
18000.0,12.59,2,36000.0,35.87,705.0,5.0,15.0,3340.0,1
9875.0,9.17,1,24720.0,19.17,780.0,0.0,6.0,4721.0,0
18725.0,13.18,2,52900.0,24.07,660.0,0.0,20.0,23973.0,0
16000.0,9.76,1,86000.0,17.09,675.0,8.0,17.0,117024.0,0
21000.0,6.89,0,93000.0,18.18,765.0,0.0,19.0,16291.0,0
22800.0,8.38,1,155000.0,27.57,720.0,0.0,18.0,55032.0,0
12000.0,11.99,2,60000.0,14.12,680.0,0.0,9.0,4858.0,0
3000.0,16.99,3,159000.0,22.47,670.0,0.0,25.0,18414.0,0
8400.0,12.59,2,49000.0,16.39,670.0,1.0,14.0,9476.0,1
7000.0,10.64,1,70000.0,7.27,660.0,0.0,6.0,5806.0,0
11325.0,13.67,2,27000.0,32.23,675.0,0.0,7.0,14487.0,0
12800.0,23.99,5,96000.0,20.44,670.0,1.0,8.0,2792.0,0
10000.0,6.89,0,55000.0,22.45,740.0,0.0,10.0,6590.0,0
4625.0,19.99,4,65000.0,19.44,665.0,0.0,7.0,1787.0,0
1000.0,6.24,0,136000.0,16.78,730.0,0.0,18.0,23951.0,0
18000.0,7.89,0,37442.0,10.93,750.0,0.0,17.0,5431.0,0
7750.0,15.41,3,36000.0,39.77,675.0,1.0,16.0,4698.0,0
7200.0,7.26,0,50000.0,18.77,705.0,0.0,12.0,5867.0,0
15000.0,10.64,1,78800.0,14.32,660.0,0.0,4.0,0.0,0
5000.0,13.18,2,50000.0,34.18,670.0,2.0,5.0,1450.0,0
20450.0,16.99,3,71000.0,30.02,675.0,0.0,22.0,13091.0,0
30000.0,6.24,0,250000.0,13.08,725.0,0.0,8.0,39907.0,0
35000.0,18.49,4,120000.0,16.33,680.0,1.0,14.0,30126.0,0
8500.0,12.59,2,97000.0,7.22,670.0,1.0,17.0,7761.0,0
2000.0,14.48,2,75000.0,12.85,660.0,2.0,17.0,4371.0,1
23000.0,11.99,2,93423.0,17.77,705.0,0.0,14.0,40867.0,0
10000.0,7.26,0,45000.0,8.96,725.0,0.0,5.0,4490.0,0
5475.0,18.2,4,60000.0,36.34,745.0,0.0,10.0,10754.0,0
28000.0,6.89,0,87000.0,22.55,700.0,0.0,28.0,20594.0,0
7000.0,10.64,1,52000.0,22.08,685.0,0.0,6.0,6560.0,0
14400.0,11.99,2,96000.0,15.05,700.0,0.0,17.0,17171.0,0
6000.0,16.99,3,40000.0,26.97,690.0,0.0,12.0,6605.0,0
10000.0,9.76,1,60000.0,24.68,690.0,0.0,18.0,22715.0,0
20000.0,8.38,1,75000.0,16.24,695.0,0.0,14.0,10658.0,0
7900.0,17.57,3,64282.0,36.28,665.0,0.0,14.0,2210.0,1
10500.0,8.38,1,50500.0,33.11,765.0,0.0,18.0,8513.0,0
3375.0,10.64,1,35000.0,14.64,675.0,0.0,5.0,5619.0,0
20000.0,7.89,0,90000.0,29.2,715.0,1.0,14.0,26735.0,0
10000.0,13.18,2,65000.0,20.29,670.0,2.0,3.0,108482.0,1
21000.0,11.99,2,60000.0,17.8,760.0,0.0,10.0,7121.0,0
25000.0,13.18,2,139000.0,6.09,660.0,0.0,14.0,13243.0,1
9000.0,13.18,2,30000.0,21.52,680.0,0.0,17.0,6497.0,0
18000.0,6.89,0,46000.0,26.04,750.0,0.0,20.0,6392.0,0
7500.0,9.76,1,48500.0,19.27,665.0,5.0,14.0,6300.0,0
6500.0,13.18,2,68000.0,22.7,660.0,2.0,18.0,18312.0,0
3000.0,10.64,1,86000.0,22.34,675.0,0.0,12.0,10817.0,0
10000.0,16.99,3,34700.0,30.72,675.0,0.0,14.0,8387.0,0
15000.0,17.57,3,55000.0,9.47,675.0,0.0,4.0,1371.0,0
7450.0,13.18,2,14900.0,28.85,690.0,1.0,13.0,6063.0,0
24000.0,10.64,1,60000.0,23.05,665.0,1.0,11.0,9176.0,0
8525.0,9.17,1,38500.0,28.01,755.0,0.0,14.0,8613.0,0
12150.0,11.99,2,60000.0,9.96,660.0,0.0,17.0,10387.0,1
14000.0,6.89,0,90000.0,15.09,760.0,0.0,10.0,14232.0,0
20000.0,11.22,1,80000.0,20.28,745.0,0.0,13.0,148.0,1
2800.0,14.48,2,34000.0,9.64,665.0,2.0,6.0,976.0,0
14000.0,9.76,1,60000.0,30.42,740.0,0.0,14.0,10199.0,0
12000.0,14.48,2,62000.0,11.17,665.0,0.0,8.0,6713.0,1
18000.0,14.48,2,100000.0,32.74,675.0,0.0,17.0,56574.0,0
15000.0,10.64,1,93811.0,11.94,665.0,0.0,17.0,21129.0,1
6400.0,11.99,2,25000.0,10.18,685.0,0.0,9.0,5538.0,0
25000.0,13.67,2,95000.0,23.88,710.0,0.0,21.0,13277.0,1
14900.0,16.99,3,84358.0,18.52,670.0,0.0,14.0,8375.0,0
35000.0,13.67,2,145000.0,32.14,705.0,0.0,12.0,58374.0,0
16000.0,6.89,0,157000.0,17.3,765.0,0.0,13.0,55803.0,0
11225.0,26.77,6,31200.0,26.31,695.0,0.0,20.0,13942.0,1
9000.0,8.38,1,46500.0,24.73,670.0,0.0,17.0,20960.0,0
8000.0,9.17,1,41198.0,29.8,670.0,0.0,9.0,8239.0,0
10900.0,15.41,3,50000.0,29.0,675.0,0.0,19.0,16355.0,1
10000.0,6.89,0,230000.0,13.63,680.0,1.0,16.0,12412.0,0
11500.0,16.55,3,61459.0,11.64,680.0,0.0,15.0,283.0,1
24000.0,6.89,0,98000.0,28.09,740.0,0.0,14.0,22665.0,0
10000.0,12.59,2,60000.0,30.54,685.0,1.0,11.0,6809.0,0
11900.0,17.86,3,32000.0,17.11,660.0,0.0,6.0,5272.0,0
5000.0,11.22,1,28000.0,7.04,680.0,0.0,10.0,3937.0,0
4825.0,12.59,2,30500.0,6.65,680.0,0.0,18.0,4480.0,0
6000.0,11.22,1,39500.0,11.36,680.0,1.0,24.0,8099.0,0
19200.0,17.57,3,85000.0,19.44,665.0,1.0,11.0,5725.0,0
12000.0,8.38,1,97000.0,10.5,675.0,2.0,22.0,18293.0,0
20000.0,5.32,0,80000.0,25.94,750.0,0.0,27.0,49270.0,0
5000.0,7.89,0,117500.0,7.51,680.0,1.0,9.0,3842.0,0
5000.0,7.89,0,155000.0,24.61,730.0,0.0,20.0,17747.0,0
6000.0,11.99,2,32000.0,29.71,665.0,0.0,8.0,5745.0,0
28000.0,13.67,2,75000.0,33.81,715.0,0.0,13.0,59471.0,0
30000.0,17.57,3,71600.0,23.93,675.0,0.0,12.0,47935.0,0
6000.0,7.26,0,65000.0,16.65,710.0,0.0,12.0,9256.0,0
2150.0,18.99,4,41000.0,31.06,665.0,0.0,16.0,28525.0,0
22500.0,13.67,2,51142.0,25.95,675.0,0.0,15.0,5300.0,0
25000.0,13.18,2,220000.0,9.78,665.0,0.0,18.0,32660.0,1
11275.0,9.17,1,60000.0,20.78,680.0,0.0,13.0,12348.0,0
7500.0,12.59,2,39000.0,13.03,670.0,0.0,6.0,138.0,0
6600.0,8.38,1,56900.0,12.8,670.0,0.0,14.0,14377.0,0
7000.0,9.76,1,71000.0,11.78,705.0,0.0,12.0,6198.0,0
10000.0,18.2,4,75000.0,20.1,660.0,2.0,12.0,8838.0,0
10000.0,11.99,2,120000.0,8.79,660.0,4.0,14.0,37084.0,1
3600.0,9.17,1,16800.0,35.5,730.0,0.0,12.0,7423.0,0
10000.0,5.32,0,43000.0,6.03,755.0,0.0,5.0,7992.0,0
10000.0,12.59,2,58500.0,23.71,665.0,0.0,8.0,5563.0,0
10000.0,12.59,2,50000.0,4.82,675.0,0.0,6.0,12040.0,0
21000.0,11.99,2,52000.0,19.99,685.0,0.0,10.0,22642.0,1
24000.0,5.32,0,190000.0,11.27,730.0,0.0,22.0,29913.0,0
10000.0,5.32,0,82000.0,13.48,785.0,0.0,14.0,15679.0,0
16800.0,5.32,0,106080.0,4.65,725.0,0.0,5.0,6248.0,0
12000.0,7.26,0,36000.0,11.67,695.0,0.0,9.0,10677.0,1
7600.0,14.48,2,65000.0,14.86,660.0,1.0,7.0,5508.0,1
4000.0,13.67,2,59800.0,34.62,700.0,0.0,7.0,14451.0,1
5000.0,7.26,0,37500.0,33.12,725.0,0.0,19.0,3274.0,0
16000.0,11.99,2,85000.0,26.68,665.0,1.0,14.0,31901.0,0
15000.0,11.99,2,35000.0,20.75,720.0,0.0,4.0,27.0,0
16150.0,13.67,2,60000.0,24.46,700.0,0.0,17.0,21298.0,0
20000.0,9.76,1,85000.0,20.29,685.0,0.0,7.0,20705.0,0
4800.0,16.99,3,30000.0,34.32,665.0,0.0,8.0,4624.0,0
12600.0,13.67,2,94000.0,25.04,695.0,0.0,7.0,25185.0,1
15000.0,11.99,2,69000.0,11.81,665.0,2.0,14.0,10896.0,1
12000.0,13.18,2,30000.0,9.04,705.0,0.0,8.0,10512.0,0
24700.0,9.76,1,315000.0,9.89,810.0,0.0,11.0,6483.0,0
5000.0,9.17,1,50000.0,15.15,700.0,1.0,16.0,3540.0,0
17975.0,16.55,3,85000.0,35.58,710.0,2.0,10.0,9705.0,0
30000.0,11.22,1,350000.0,6.92,760.0,0.0,4.0,3050.0,0
18000.0,12.59,2,63000.0,31.64,715.0,1.0,14.0,43290.0,0
10000.0,12.59,2,80000.0,2.43,660.0,1.0,12.0,3289.0,0
14175.0,15.41,3,76000.0,27.03,690.0,0.0,13.0,7881.0,0
10000.0,7.26,0,220000.0,21.95,695.0,1.0,17.0,21154.0,0
15000.0,9.76,1,60000.0,20.8,670.0,2.0,8.0,22557.0,0
9000.0,13.67,2,25000.0,24.87,700.0,0.0,10.0,5276.0,1
5000.0,15.41,3,30000.0,28.96,660.0,0.0,8.0,3031.0,1
8000.0,13.67,2,34000.0,28.24,690.0,0.0,15.0,11213.0,0
24000.0,11.99,2,58000.0,22.02,675.0,1.0,18.0,18365.0,0
12000.0,18.2,4,38000.0,29.88,680.0,0.0,8.0,16382.0,1
4500.0,11.22,1,29000.0,14.98,715.0,0.0,10.0,4543.0,0
11400.0,9.17,1,52000.0,9.07,665.0,3.0,12.0,11419.0,0
13000.0,10.64,1,48000.0,20.02,675.0,0.0,11.0,12057.0,0
10000.0,10.64,1,55000.0,12.46,690.0,0.0,6.0,8874.0,0
24000.0,13.18,2,80000.0,26.88,665.0,0.0,16.0,33823.0,1
12000.0,9.76,1,40000.0,21.03,690.0,0.0,10.0,6018.0,0
10000.0,19.99,4,92000.0,1.81,675.0,0.0,4.0,7579.0,1
24000.0,13.18,2,92000.0,30.92,695.0,1.0,17.0,53300.0,1
24000.0,8.38,1,200000.0,22.29,665.0,0.0,12.0,19180.0,0
17625.0,16.55,3,42000.0,14.42,675.0,0.0,9.0,15229.0,0
17000.0,9.17,1,38000.0,24.48,685.0,0.0,9.0,4720.0,0
7000.0,11.22,1,80000.0,24.37,680.0,4.0,23.0,6323.0,0
35000.0,18.99,4,80000.0,0.9,750.0,0.0,7.0,363.0,0
15000.0,5.32,0,102000.0,7.7,725.0,0.0,15.0,26876.0,0
9000.0,9.76,1,39000.0,20.92,690.0,0.0,7.0,382.0,0
11000.0,17.86,3,100000.0,11.29,705.0,0.0,5.0,21641.0,1
17600.0,13.18,2,40000.0,17.82,685.0,0.0,11.0,21560.0,0
35000.0,11.22,1,95000.0,25.38,670.0,2.0,16.0,36783.0,1
14000.0,13.18,2,131016.44,7.18,660.0,0.0,5.0,9151.0,0
15000.0,10.64,1,46000.0,26.4,680.0,0.0,20.0,7281.0,0
10000.0,9.17,1,80000.0,17.04,695.0,0.0,9.0,12321.0,0
20000.0,9.17,1,110000.0,7.57,660.0,0.0,23.0,17248.0,0
20000.0,7.89,0,100000.0,2.51,700.0,0.0,9.0,10590.0,0
14000.0,14.48,2,62000.0,21.58,680.0,0.0,11.0,12682.0,0
6000.0,13.18,2,80000.0,20.27,665.0,0.0,10.0,6938.0,0
27600.0,16.55,3,60000.0,18.6,730.0,0.0,7.0,5303.0,1
7200.0,6.24,0,50000.0,14.52,680.0,1.0,9.0,8907.0,0
9600.0,12.59,2,45000.0,9.25,680.0,5.0,6.0,1412.0,1
9600.0,14.48,2,65000.0,6.65,675.0,1.0,14.0,5084.0,0
13000.0,11.99,2,65000.0,14.77,675.0,0.0,13.0,9058.0,0
2100.0,10.64,1,68000.0,7.94,670.0,0.0,2.0,960.0,0
2400.0,9.76,1,8328.0,34.58,690.0,0.0,9.0,6284.0,1
14000.0,7.89,0,45000.0,16.88,685.0,0.0,22.0,15725.0,0
2000.0,12.59,2,94000.0,6.19,720.0,0.0,5.0,31314.0,0
9500.0,8.38,1,64000.0,14.57,665.0,0.0,9.0,9808.0,0
8000.0,10.64,1,50000.0,18.77,675.0,0.0,4.0,5298.0,1
8000.0,9.76,1,20000.0,21.41,710.0,0.0,9.0,2168.0,0
11500.0,10.64,1,45000.0,19.81,710.0,0.0,7.0,5849.0,0
6000.0,5.32,0,148000.0,25.93,750.0,0.0,19.0,10179.0,0
7000.0,13.67,2,52000.0,34.25,705.0,0.0,10.0,4840.0,1
6000.0,7.89,0,25000.0,17.67,675.0,0.0,8.0,4669.0,0
10800.0,11.99,2,56000.0,24.3,675.0,0.0,8.0,5549.0,0
16000.0,7.89,0,110000.0,14.75,725.0,0.0,15.0,110958.0,1
8500.0,7.89,0,42500.0,24.12,730.0,0.0,9.0,9815.0,0
8000.0,16.99,3,30000.0,31.64,665.0,0.0,16.0,9329.0,0
6000.0,10.64,1,35000.0,19.41,680.0,0.0,4.0,6554.0,0
23000.0,11.22,1,85900.0,34.42,715.0,1.0,20.0,14332.0,0
12000.0,5.32,0,215000.0,11.17,810.0,0.0,9.0,144515.0,0
5000.0,11.22,1,45000.0,18.43,715.0,0.0,4.0,10092.0,1
16650.0,7.26,0,60000.0,29.4,735.0,0.0,10.0,14901.0,0
2000.0,15.41,3,40000.0,13.41,665.0,4.0,11.0,929.0,0
7950.0,7.89,0,29000.0,20.49,700.0,0.0,8.0,8086.0,0
9000.0,6.24,0,55000.0,25.83,705.0,0.0,9.0,5167.0,0
25000.0,13.67,2,85000.0,10.62,675.0,0.0,6.0,14256.0,0
8975.0,18.49,4,62000.0,33.22,690.0,0.0,11.0,24027.0,1
10000.0,12.59,2,38000.0,4.52,750.0,0.0,9.0,3170.0,0
5000.0,13.18,2,60000.0,26.78,715.0,0.0,16.0,775.0,0
9800.0,14.48,2,35600.0,29.8,705.0,1.0,7.0,1462.0,0
3000.0,8.38,1,50000.0,13.3,780.0,0.0,11.0,643.0,0
15000.0,6.24,0,90000.0,7.11,755.0,0.0,5.0,19419.0,0
15000.0,18.99,4,64000.0,18.58,710.0,0.0,7.0,8062.0,0
21000.0,15.41,3,80100.0,35.49,680.0,1.0,13.0,35942.0,0
20000.0,11.99,2,103000.0,22.0,670.0,0.0,9.0,29915.0,0
12000.0,5.32,0,108000.0,12.25,775.0,0.0,9.0,6765.0,0
10575.0,16.99,3,40704.0,36.67,700.0,0.0,14.0,14430.0,1
7550.0,10.64,1,25480.0,26.19,740.0,0.0,8.0,5731.0,0
6000.0,12.59,2,48500.0,3.74,675.0,0.0,2.0,6311.0,0
25000.0,17.86,3,88000.0,15.25,685.0,0.0,14.0,39878.0,0
12000.0,13.67,2,38000.0,19.24,665.0,0.0,12.0,10380.0,0
9600.0,6.24,0,65000.0,23.19,740.0,0.0,11.0,8634.0,0
9000.0,11.22,1,35000.0,9.5,670.0,0.0,8.0,8281.0,0
20000.0,5.32,0,62000.0,25.71,745.0,0.0,21.0,12779.0,0
6000.0,12.59,2,51000.0,10.37,690.0,0.0,8.0,5846.0,1
8625.0,17.57,3,50000.0,18.19,675.0,0.0,5.0,751.0,0
13625.0,14.48,2,50400.0,36.53,665.0,0.0,9.0,7561.0,0
3825.0,26.77,6,12000.0,21.0,765.0,0.0,5.0,177.0,0
25000.0,9.17,1,140000.0,12.39,710.0,0.0,11.0,21774.0,1
9100.0,5.32,0,57000.0,24.57,725.0,0.0,11.0,10263.0,0
1400.0,10.64,1,45000.0,20.93,660.0,0.0,7.0,1654.0,0
10000.0,8.38,1,90000.0,13.12,695.0,0.0,9.0,10896.0,0
10000.0,9.76,1,51000.0,37.6,700.0,0.0,14.0,17286.0,0
3000.0,5.32,0,120000.0,20.04,800.0,0.0,13.0,7533.0,0
3600.0,11.99,2,100000.0,6.73,700.0,0.0,7.0,101.0,0
35000.0,13.67,2,143000.0,15.5,685.0,0.0,24.0,26001.0,0
5600.0,11.99,2,36512.0,33.14,670.0,0.0,10.0,4777.0,0
6400.0,11.99,2,52000.0,29.82,685.0,0.0,30.0,11817.0,0
8000.0,14.48,2,31000.0,23.53,690.0,0.0,8.0,11862.0,0
9000.0,12.59,2,47000.0,7.14,685.0,0.0,9.0,11698.0,0
7700.0,10.64,1,22176.0,13.2,660.0,0.0,5.0,10259.0,0
29600.0,17.86,3,67300.0,21.18,660.0,1.0,10.0,18589.0,0
24000.0,7.26,0,118000.0,23.83,735.0,0.0,20.0,12277.0,0
7000.0,16.99,3,76529.0,6.35,665.0,0.0,6.0,0.0,0
20000.0,5.32,0,60000.0,9.5,680.0,1.0,17.0,3241.0,0
3600.0,6.89,0,45000.0,19.76,715.0,0.0,16.0,18495.0,0
9450.0,18.2,4,37000.0,17.74,660.0,0.0,9.0,22811.0,0
4500.0,11.22,1,25000.0,31.25,715.0,0.0,5.0,9377.0,0
4800.0,13.67,2,82000.0,28.42,690.0,1.0,13.0,11023.0,0
12000.0,14.48,2,131569.0,20.44,675.0,0.0,16.0,28995.0,1
7000.0,12.59,2,40000.0,17.55,670.0,0.0,17.0,6317.0,0
10000.0,18.99,4,70000.0,23.23,700.0,0.0,8.0,12512.0,0
24000.0,11.22,1,77000.0,29.41,660.0,0.0,16.0,21000.0,1
12000.0,7.26,0,180000.0,16.03,680.0,0.0,14.0,104240.0,0
6000.0,6.24,0,52180.0,16.86,695.0,0.0,16.0,7300.0,0
5000.0,7.89,0,108000.0,16.36,690.0,0.0,9.0,5750.0,0
1600.0,12.59,2,85000.0,15.73,680.0,0.0,15.0,4046.0,1
7975.0,6.89,0,28500.0,15.37,700.0,0.0,6.0,7200.0,0
16150.0,17.86,3,87000.0,32.59,685.0,0.0,15.0,49814.0,1
20000.0,8.38,1,73000.0,34.95,700.0,0.0,20.0,22090.0,0
12350.0,11.99,2,34000.0,34.16,740.0,0.0,17.0,25051.0,0
8000.0,9.17,1,40000.0,28.83,660.0,0.0,11.0,11258.0,0
16000.0,11.22,1,48000.0,14.58,710.0,0.0,9.0,19530.0,0
35000.0,17.57,3,225000.0,20.83,660.0,0.0,26.0,86902.0,1
22925.0,18.2,4,65000.0,31.89,720.0,0.0,10.0,16327.0,0
14075.0,16.55,3,32000.0,36.27,710.0,0.0,5.0,16944.0,0
22750.0,13.18,2,270000.0,9.95,670.0,0.0,7.0,54470.0,1
16000.0,10.64,1,47600.0,16.46,675.0,0.0,11.0,22114.0,0
5000.0,10.64,1,80000.0,35.7,660.0,1.0,14.0,27720.0,0
4400.0,16.99,3,39000.0,36.25,675.0,2.0,11.0,10872.0,0
12000.0,8.38,1,37500.0,14.21,740.0,0.0,12.0,11267.0,0
25000.0,10.64,1,75000.0,16.37,685.0,1.0,4.0,16036.0,0
20000.0,10.64,1,52000.0,13.02,690.0,0.0,13.0,18611.0,0
3700.0,18.99,4,53000.0,33.02,690.0,0.0,8.0,4989.0,0
1000.0,12.59,2,30600.0,17.76,665.0,0.0,20.0,488.0,0
17500.0,10.64,1,85000.0,32.3,685.0,0.0,18.0,26338.0,0
6000.0,13.18,2,20000.0,10.44,695.0,0.0,7.0,4674.0,0
4425.0,15.41,3,40000.0,14.76,790.0,0.0,6.0,84.0,0
4000.0,11.99,2,85000.0,5.92,690.0,2.0,5.0,871.0,1
16000.0,9.76,1,90000.0,20.87,670.0,8.0,14.0,6954.0,1
15000.0,7.89,0,137790.0,27.66,705.0,0.0,17.0,23184.0,0
4450.0,15.41,3,23892.0,28.47,675.0,0.0,24.0,6780.0,1
8000.0,8.38,1,475000.0,13.0,675.0,1.0,21.0,73862.0,1
35000.0,10.64,1,86984.0,16.93,755.0,0.0,15.0,29675.0,0
2500.0,13.18,2,60000.0,13.82,715.0,1.0,4.0,305.0,0
12000.0,9.76,1,60000.0,15.52,700.0,1.0,13.0,8103.0,0
11200.0,18.2,4,35000.0,24.52,660.0,0.0,6.0,3228.0,1
12000.0,13.67,2,78000.0,13.31,660.0,0.0,10.0,17330.0,1
28000.0,13.67,2,85000.0,7.45,695.0,0.0,7.0,22765.0,1
8000.0,10.64,1,80000.0,21.2,665.0,0.0,15.0,23840.0,1
5550.0,16.55,3,54600.0,7.47,680.0,0.0,5.0,1443.0,0
13200.0,14.48,2,73000.0,16.34,675.0,0.0,8.0,4357.0,1
15000.0,11.99,2,75000.0,27.3,715.0,0.0,15.0,4553.0,0
12775.0,18.99,4,37600.0,26.68,670.0,0.0,12.0,24289.0,0
10000.0,12.59,2,80000.0,20.03,700.0,0.0,18.0,12181.0,0
12000.0,9.76,1,70000.0,11.01,690.0,0.0,12.0,12956.0,0
1000.0,16.55,3,65000.0,31.78,695.0,0.0,6.0,24293.0,0
20000.0,5.32,0,65000.0,12.49,770.0,0.0,13.0,77365.0,0
3600.0,9.76,1,13300.0,23.71,660.0,0.0,10.0,7020.0,0
28000.0,5.32,0,205000.0,18.87,720.0,0.0,22.0,61906.0,0
7000.0,12.59,2,85000.0,22.05,705.0,0.0,10.0,35007.0,1
35000.0,17.86,3,130000.0,16.31,685.0,0.0,10.0,35974.0,0
12325.0,15.41,3,39700.0,31.32,680.0,0.0,12.0,17937.0,0
10000.0,10.64,1,60000.0,12.96,680.0,0.0,9.0,9009.0,0
21850.0,14.48,2,55000.0,15.27,690.0,1.0,15.0,28533.0,0
15000.0,7.89,0,52000.0,26.17,715.0,1.0,14.0,21558.0,0
6450.0,18.99,4,22000.0,15.88,765.0,0.0,7.0,977.0,0
19000.0,6.89,0,61000.0,30.45,750.0,0.0,10.0,15778.0,0
8000.0,12.59,2,75238.0,8.79,665.0,0.0,8.0,4628.0,1
10950.0,17.57,3,28500.0,22.44,670.0,0.0,8.0,6831.0,0
5850.0,16.55,3,38000.0,7.99,660.0,0.0,10.0,3554.0,0
20000.0,13.18,2,90000.0,10.45,700.0,0.0,9.0,16872.0,1
3000.0,9.17,1,61000.0,13.9,690.0,0.0,9.0,6151.0,0
10000.0,15.41,3,88000.0,29.92,695.0,2.0,13.0,8466.0,0
6000.0,11.99,2,85000.0,32.5,670.0,5.0,8.0,72365.0,0
10000.0,7.89,0,109000.0,13.57,750.0,0.0,7.0,9481.0,0
8400.0,9.17,1,60000.0,13.6,660.0,3.0,12.0,6774.0,0
10000.0,13.18,2,44000.0,13.07,665.0,3.0,11.0,1796.0,0
25975.0,10.64,1,96600.0,35.8,755.0,0.0,19.0,87801.0,0
6000.0,10.64,1,50000.0,38.54,685.0,3.0,36.0,10278.0,1
8000.0,13.18,2,59550.0,11.25,700.0,1.0,7.0,3892.0,0
3600.0,18.99,4,40000.0,12.54,660.0,1.0,12.0,4657.0,0
35000.0,13.67,2,280000.0,6.43,665.0,0.0,8.0,9705.0,1
8000.0,7.89,0,80000.0,10.49,685.0,0.0,10.0,8559.0,0
9500.0,10.64,1,21600.0,14.61,765.0,0.0,14.0,11154.0,0
2500.0,10.64,1,60000.0,6.78,745.0,0.0,9.0,15018.0,0
10000.0,9.76,1,177000.0,17.93,670.0,0.0,14.0,10025.0,1
20000.0,10.64,1,82000.0,17.27,735.0,0.0,14.0,18380.0,1
24000.0,9.76,1,64800.0,20.37,700.0,0.0,13.0,26814.0,0
16000.0,7.26,0,64000.0,14.72,760.0,0.0,5.0,14133.0,0
16800.0,16.55,3,66500.0,34.08,690.0,0.0,12.0,29591.0,0
7325.0,17.86,3,36000.0,16.23,665.0,0.0,4.0,10071.0,0
5075.0,13.18,2,18000.0,26.67,680.0,0.0,5.0,1448.0,1
33000.0,6.89,0,70000.0,16.27,700.0,0.0,7.0,31661.0,0
10000.0,13.67,2,65000.0,16.21,670.0,0.0,11.0,4336.0,0
32000.0,10.64,1,500000.0,9.41,680.0,1.0,15.0,118115.0,0
33600.0,14.48,2,135000.0,22.94,670.0,0.0,25.0,21186.0,1
24000.0,11.22,1,80000.0,16.25,675.0,0.0,12.0,24058.0,1
12800.0,10.64,1,74000.0,19.46,680.0,0.0,9.0,5057.0,1
8800.0,17.57,3,20000.0,36.79,695.0,5.0,13.0,7998.0,1
20000.0,11.22,1,40000.0,18.87,665.0,0.0,8.0,12846.0,0
11000.0,12.59,2,66000.0,15.47,665.0,1.0,10.0,6460.0,0
3600.0,16.55,3,158000.0,1.59,755.0,0.0,5.0,5346.0,1
35000.0,12.59,2,190000.0,34.0,680.0,0.0,16.0,99338.0,0
19200.0,15.41,3,88000.0,12.51,665.0,0.0,12.0,9278.0,0
10000.0,9.76,1,41000.0,26.11,690.0,0.0,9.0,9776.0,0
22000.0,12.59,2,76000.0,17.74,695.0,0.0,8.0,673.0,0
9000.0,12.59,2,28000.0,13.46,660.0,0.0,7.0,8482.0,0
15000.0,5.32,0,75519.0,8.02,780.0,0.0,27.0,10755.0,0
6000.0,12.59,2,35000.0,14.33,660.0,1.0,9.0,5374.0,0
9000.0,7.26,0,40000.0,17.55,760.0,0.0,12.0,10559.0,0
10000.0,12.59,2,25000.0,3.74,680.0,0.0,8.0,535.0,0
5000.0,14.48,2,15700.0,33.99,665.0,0.0,24.0,7763.0,0
6000.0,14.48,2,50000.0,21.15,670.0,0.0,7.0,9886.0,0
22575.0,13.67,2,96300.0,39.5,680.0,0.0,15.0,11008.0,0
5000.0,10.64,1,27040.0,28.35,660.0,1.0,11.0,5175.0,0
15000.0,11.99,2,55000.0,11.63,700.0,0.0,4.0,13969.0,0
11400.0,18.49,4,30000.0,36.04,665.0,0.0,11.0,11267.0,1
11400.0,10.64,1,76000.0,24.43,665.0,0.0,16.0,14777.0,0
16000.0,18.2,4,120000.0,10.57,705.0,0.0,8.0,293.0,0
33000.0,12.59,2,88500.0,29.63,685.0,0.0,13.0,11616.0,1
10000.0,6.24,0,42000.0,3.89,680.0,0.0,7.0,2445.0,0
8400.0,16.55,3,35000.0,39.63,685.0,1.0,14.0,15671.0,0
5000.0,16.99,3,80000.0,7.67,660.0,0.0,13.0,6157.0,1
12000.0,7.26,0,55000.0,17.93,710.0,0.0,12.0,14028.0,0
16000.0,11.22,1,77000.0,31.28,665.0,0.0,8.0,15473.0,0
10000.0,11.99,2,40000.0,32.34,665.0,0.0,19.0,13594.0,0
5500.0,5.32,0,60000.0,13.86,725.0,0.0,7.0,4886.0,0
6000.0,6.89,0,45000.0,18.04,765.0,0.0,8.0,3524.0,0
9000.0,11.99,2,175000.0,15.31,670.0,0.0,17.0,20205.0,0
5000.0,10.64,1,47000.0,23.75,670.0,0.0,14.0,7043.0,1
3600.0,11.22,1,43000.0,23.16,665.0,3.0,25.0,5375.0,0
25000.0,6.24,0,147000.0,24.0,705.0,0.0,24.0,60786.0,0
4000.0,9.76,1,38000.0,27.83,780.0,0.0,11.0,3202.0,0
18550.0,17.57,3,58000.0,21.62,680.0,5.0,8.0,11962.0,1
7000.0,10.64,1,40000.0,26.85,690.0,0.0,12.0,9915.0,0
30000.0,18.2,4,110000.0,13.89,725.0,0.0,14.0,29722.0,0
4750.0,13.18,2,13200.0,29.64,775.0,0.0,13.0,229.0,0
7425.0,11.99,2,37000.0,25.69,680.0,0.0,11.0,43636.0,0
3475.0,18.49,4,29000.0,22.85,670.0,0.0,3.0,11977.0,0
15000.0,24.99,5,43300.0,14.48,660.0,0.0,14.0,3567.0,1
10000.0,15.41,3,35000.0,10.37,660.0,0.0,6.0,10428.0,0
23000.0,14.48,2,57000.0,32.69,690.0,1.0,8.0,4719.0,0
6000.0,7.89,0,73000.0,7.89,685.0,0.0,16.0,8793.0,0
25000.0,13.67,2,55000.0,22.87,670.0,3.0,9.0,8762.0,1
19650.0,11.99,2,58000.0,21.99,740.0,1.0,10.0,8304.0,0
20000.0,11.22,1,69000.0,8.3,660.0,0.0,7.0,15409.0,0
9625.0,6.89,0,20664.0,32.4,710.0,0.0,6.0,9746.0,0
15000.0,16.55,3,54000.0,23.87,695.0,0.0,7.0,916.0,1
23100.0,9.76,1,51200.0,33.97,745.0,0.0,17.0,17252.0,0
35000.0,7.26,0,87000.0,8.39,785.0,0.0,22.0,40556.0,0
6750.0,16.55,3,100000.0,7.69,670.0,0.0,6.0,2153.0,1
20000.0,7.89,0,59000.0,27.32,685.0,1.0,14.0,9723.0,0
9800.0,10.64,1,51250.0,12.18,675.0,0.0,12.0,12442.0,0
3250.0,20.99,4,70000.0,9.36,665.0,0.0,13.0,7986.0,0
4800.0,13.18,2,50000.0,20.36,660.0,0.0,9.0,12216.0,1
8000.0,7.26,0,105000.0,15.21,710.0,0.0,15.0,22063.0,0
7000.0,8.38,1,72000.0,13.18,710.0,1.0,10.0,6617.0,0
15000.0,7.26,0,70000.0,10.78,715.0,0.0,8.0,15860.0,0
35000.0,16.55,3,100000.0,33.79,685.0,0.0,22.0,63959.0,1
35000.0,17.57,3,75000.0,22.16,710.0,0.0,7.0,13159.0,1
24000.0,7.89,0,96000.0,14.53,700.0,1.0,10.0,16964.0,0
6300.0,6.89,0,45000.0,10.8,700.0,0.0,23.0,6824.0,0
15000.0,13.18,2,65000.0,25.81,675.0,1.0,13.0,16309.0,0
7000.0,8.38,1,50000.0,7.35,715.0,0.0,13.0,5986.0,0
5000.0,5.32,0,125000.0,22.21,720.0,0.0,19.0,34472.0,0
30000.0,18.49,4,73000.0,17.01,660.0,0.0,8.0,26697.0,1
13625.0,12.59,2,31000.0,18.51,695.0,0.0,8.0,15988.0,0
18075.0,17.57,3,75000.0,37.23,680.0,0.0,28.0,40286.0,0
10000.0,18.99,4,62000.0,20.48,690.0,1.0,16.0,9604.0,1
7000.0,10.64,1,50400.0,30.45,690.0,0.0,5.0,8234.0,0
20000.0,5.32,0,103000.0,18.91,700.0,0.0,16.0,7551.0,0
18000.0,9.17,1,67000.0,20.47,710.0,0.0,18.0,20630.0,0
14000.0,10.64,1,86000.0,20.82,695.0,0.0,11.0,13752.0,1
5000.0,11.99,2,60000.0,25.76,675.0,0.0,18.0,13929.0,0
5600.0,12.59,2,75000.0,34.93,710.0,0.0,22.0,16523.0,0
8125.0,13.18,2,69000.0,24.54,705.0,0.0,10.0,9152.0,0
10350.0,14.48,2,40000.0,17.64,690.0,1.0,6.0,3639.0,1
15000.0,14.48,2,80000.0,17.49,670.0,0.0,10.0,6655.0,0
10000.0,6.24,0,90000.0,20.79,710.0,0.0,15.0,9249.0,0
7775.0,17.86,3,20000.0,32.47,665.0,0.0,9.0,10158.0,0
14000.0,7.26,0,45000.0,26.64,700.0,0.0,5.0,5379.0,0
6000.0,9.76,1,50000.0,13.42,670.0,1.0,5.0,5553.0,1
30000.0,13.67,2,80000.0,36.05,665.0,0.0,13.0,28340.0,0
9500.0,9.17,1,95000.0,9.36,685.0,0.0,8.0,7295.0,1
15000.0,7.26,0,50000.0,12.77,745.0,0.0,10.0,4544.0,0
11000.0,13.18,2,50000.0,18.77,675.0,2.0,8.0,11277.0,0
10000.0,9.76,1,40600.0,15.4,670.0,0.0,12.0,17047.0,0
3500.0,5.32,0,135000.0,4.03,700.0,0.0,7.0,3832.0,0
14400.0,10.64,1,70000.0,16.89,680.0,0.0,9.0,15751.0,0
10000.0,6.24,0,153000.0,19.95,695.0,0.0,31.0,13642.0,0
3100.0,17.86,3,33000.0,13.85,725.0,0.0,6.0,5698.0,0
12000.0,11.99,2,108000.0,12.91,680.0,1.0,9.0,5824.0,0
8000.0,9.76,1,70000.0,15.4,700.0,1.0,10.0,7926.0,0
7500.0,12.59,2,75000.0,15.44,665.0,0.0,7.0,5720.0,0
16000.0,18.49,4,35000.0,22.64,680.0,0.0,14.0,13578.0,0
24000.0,20.99,4,90000.0,13.01,670.0,0.0,12.0,8911.0,0
24000.0,14.48,2,171000.0,8.98,705.0,0.0,12.0,35131.0,1
8525.0,17.57,3,36000.0,39.37,725.0,0.0,8.0,4187.0,1
30800.0,16.55,3,70000.0,15.73,680.0,0.0,10.0,37176.0,1
24000.0,18.2,4,50000.0,39.63,690.0,0.0,9.0,11186.0,0
19800.0,17.57,3,45000.0,20.77,700.0,0.0,9.0,15658.0,0
2400.0,10.64,1,38946.0,5.24,670.0,0.0,19.0,2144.0,0
6025.0,13.67,2,90000.0,38.4,685.0,1.0,16.0,37399.0,0
5000.0,16.55,3,16000.0,20.86,670.0,0.0,20.0,10312.0,0
12000.0,10.64,1,58000.0,19.1,690.0,0.0,17.0,5203.0,0
18000.0,6.24,0,82234.0,31.29,695.0,0.0,39.0,36168.0,0
7000.0,5.32,0,133000.0,3.41,730.0,1.0,16.0,13040.0,0
10000.0,9.76,1,62000.0,9.69,665.0,0.0,9.0,10868.0,1
10000.0,5.32,0,125000.0,11.51,720.0,0.0,12.0,8693.0,0
25000.0,7.89,0,90000.0,26.73,695.0,0.0,10.0,25560.0,0
10000.0,10.64,1,31000.0,23.62,730.0,0.0,8.0,16120.0,1
6000.0,9.17,1,51000.0,21.93,665.0,0.0,6.0,4833.0,0
10000.0,11.22,1,55000.0,8.23,685.0,1.0,15.0,7819.0,0
22400.0,8.38,1,59000.0,13.89,690.0,0.0,4.0,3250.0,0
4000.0,11.99,2,96000.0,11.31,660.0,0.0,9.0,19293.0,0
35000.0,9.76,1,85000.0,9.77,745.0,1.0,12.0,2762.0,0
4600.0,12.59,2,96000.0,7.45,700.0,0.0,3.0,1333.0,0
4000.0,10.64,1,60000.0,27.62,685.0,0.0,11.0,37348.0,0
7000.0,11.99,2,75000.0,20.24,680.0,1.0,11.0,3794.0,0
10000.0,12.59,2,65000.0,16.43,680.0,0.0,17.0,9566.0,0
1600.0,13.67,2,60000.0,32.2,685.0,0.0,10.0,21707.0,0
5500.0,9.76,1,51000.0,18.47,660.0,0.0,5.0,798.0,0
16200.0,9.17,1,36000.0,26.67,695.0,0.0,16.0,15451.0,0
9000.0,12.59,2,26000.0,32.13,670.0,0.0,16.0,5810.0,0
18000.0,5.32,0,80000.0,13.28,760.0,0.0,14.0,18502.0,0
9550.0,17.86,3,39000.0,11.14,710.0,0.0,3.0,5368.0,0
24000.0,7.89,0,80000.0,17.31,720.0,0.0,18.0,36324.0,0
35000.0,11.99,2,148000.0,9.86,745.0,0.0,19.0,25036.0,0
25000.0,11.99,2,80000.0,23.82,710.0,0.0,11.0,30094.0,0
16500.0,10.64,1,95000.0,23.29,695.0,1.0,18.0,19551.0,0
9500.0,7.89,0,28000.0,14.52,780.0,0.0,5.0,5184.0,0
26550.0,16.99,3,68100.0,26.36,700.0,0.0,12.0,58244.0,0
23150.0,16.55,3,75000.0,17.82,660.0,0.0,31.0,20561.0,0
35000.0,18.2,4,105000.0,35.18,660.0,1.0,18.0,48229.0,0
1400.0,13.67,2,49000.0,25.07,660.0,0.0,12.0,19979.0,0
16075.0,15.41,3,33500.0,3.38,735.0,0.0,10.0,5857.0,1
6450.0,5.32,0,68000.0,21.96,725.0,0.0,25.0,7844.0,0
12000.0,13.67,2,70000.0,24.86,695.0,0.0,9.0,18887.0,1
12000.0,8.38,1,60000.0,4.4,690.0,1.0,8.0,7523.0,0
8000.0,7.26,0,45000.0,37.95,685.0,2.0,12.0,10475.0,0
35000.0,9.17,1,130000.0,25.81,720.0,0.0,18.0,27014.0,0
24000.0,10.64,1,106080.0,11.04,680.0,0.0,13.0,21246.0,0
18000.0,11.99,2,52800.0,31.82,665.0,1.0,20.0,25198.0,0
15000.0,15.41,3,70000.0,24.6,660.0,0.0,23.0,9319.0,0
12300.0,14.48,2,56000.0,15.84,680.0,2.0,10.0,30182.0,0
6000.0,6.24,0,40000.0,7.68,770.0,0.0,9.0,6785.0,0
11500.0,12.59,2,38393.0,9.91,675.0,2.0,9.0,8966.0,0
28000.0,5.32,0,105000.0,23.67,695.0,0.0,14.0,37943.0,0
4200.0,13.67,2,30000.0,24.24,680.0,1.0,6.0,1248.0,0
3500.0,6.89,0,50000.0,9.34,735.0,0.0,4.0,11398.0,0
24000.0,13.18,2,203000.0,11.88,675.0,1.0,20.0,32971.0,0
30000.0,7.26,0,94000.0,29.31,720.0,0.0,18.0,29661.0,0
1000.0,14.48,2,120000.0,20.34,660.0,0.0,17.0,22504.0,0
9000.0,7.89,0,150000.0,8.2,670.0,0.0,7.0,21340.0,0
18000.0,8.38,1,50147.0,13.28,695.0,0.0,7.0,26016.0,0
10000.0,14.48,2,25000.0,19.64,675.0,0.0,8.0,11211.0,0
19875.0,9.76,1,55000.0,30.05,725.0,0.0,33.0,33541.0,0
30000.0,17.86,3,92000.0,20.66,665.0,0.0,8.0,17441.0,0
4200.0,11.99,2,45000.0,17.6,665.0,0.0,4.0,3710.0,0
29900.0,13.18,2,65000.0,23.2,695.0,0.0,8.0,16196.0,0
12000.0,15.41,3,81000.0,27.78,700.0,0.0,11.0,38650.0,1
24000.0,11.22,1,75000.0,24.56,660.0,1.0,12.0,24077.0,1
15000.0,11.22,1,54000.0,19.42,680.0,0.0,10.0,15966.0,0
10000.0,9.17,1,73000.0,2.76,705.0,0.0,6.0,8873.0,0
5000.0,13.18,2,48972.0,25.09,670.0,0.0,12.0,6684.0,0
13200.0,9.17,1,30000.0,19.28,705.0,0.0,10.0,10918.0,0
35000.0,17.86,3,50000.0,35.17,670.0,0.0,23.0,32042.0,0
30650.0,18.99,4,73000.0,29.13,670.0,1.0,14.0,22174.0,0
18850.0,27.31,6,62000.0,20.44,665.0,2.0,13.0,7652.0,0
9000.0,6.24,0,70000.0,27.7,730.0,0.0,15.0,32809.0,0
3800.0,11.99,2,25196.0,10.62,670.0,0.0,9.0,3227.0,0
27000.0,13.67,2,90000.0,18.11,695.0,0.0,12.0,25105.0,0
17375.0,17.86,3,48266.0,10.12,680.0,0.0,14.0,3365.0,1
19200.0,14.48,2,115000.0,24.11,670.0,0.0,15.0,7479.0,0
11000.0,8.38,1,55000.0,20.27,700.0,0.0,8.0,623.0,0
9600.0,11.22,1,45000.0,11.2,715.0,0.0,5.0,12879.0,0
35000.0,9.76,1,120000.0,18.79,755.0,0.0,13.0,6830.0,0
1400.0,9.76,1,83000.0,17.03,725.0,0.0,18.0,2434.0,0
6650.0,11.22,1,18500.0,7.38,700.0,0.0,24.0,5061.0,0
6000.0,12.59,2,51000.0,6.68,710.0,0.0,4.0,1451.0,0
30000.0,10.64,1,70000.0,15.11,705.0,0.0,7.0,24213.0,0
10000.0,10.64,1,87000.0,12.23,680.0,1.0,6.0,12128.0,0
12000.0,7.26,0,87319.0,21.55,730.0,0.0,18.0,3962.0,0
15000.0,11.22,1,110000.0,19.9,685.0,0.0,15.0,121663.0,0
30000.0,13.18,2,77300.0,2.87,660.0,0.0,6.0,7326.0,0
25000.0,7.26,0,80000.0,19.44,695.0,0.0,9.0,17775.0,1
16000.0,5.32,0,100000.0,23.62,715.0,0.0,13.0,19966.0,0
14000.0,13.18,2,62434.0,18.22,670.0,1.0,9.0,7199.0,1
12000.0,8.38,1,62000.0,8.69,680.0,0.0,7.0,12955.0,0
10000.0,18.2,4,65000.0,13.81,675.0,0.0,23.0,11905.0,1
25000.0,6.24,0,102500.0,11.92,780.0,0.0,8.0,14071.0,0
6000.0,9.17,1,55000.0,16.02,660.0,1.0,7.0,7528.0,1
20000.0,7.26,0,103000.0,12.27,725.0,0.0,15.0,15655.0,0
15000.0,11.22,1,65000.0,23.5,740.0,0.0,20.0,13961.0,0
24000.0,13.67,2,75000.0,25.42,675.0,0.0,27.0,17181.0,0
6400.0,8.38,1,52000.0,23.68,660.0,2.0,6.0,4221.0,0
10000.0,6.89,0,52000.0,3.0,690.0,0.0,5.0,3164.0,0
7000.0,7.26,0,74976.0,15.84,715.0,0.0,21.0,14423.0,0
20000.0,9.17,1,50000.0,17.16,670.0,0.0,9.0,10921.0,0
25000.0,7.89,0,280000.0,6.25,795.0,0.0,23.0,11881.0,0
4500.0,6.24,0,84500.0,6.93,755.0,0.0,3.0,10614.0,0
18700.0,18.49,4,52000.0,21.62,685.0,0.0,3.0,3093.0,1
25000.0,15.41,3,80000.0,28.8,670.0,0.0,20.0,31578.0,0
8400.0,17.86,3,42000.0,31.04,660.0,1.0,22.0,19657.0,0
3500.0,9.76,1,40000.0,16.74,675.0,0.0,5.0,2397.0,0
18000.0,17.57,3,85000.0,9.81,700.0,0.0,8.0,15779.0,0
30000.0,7.26,0,103000.0,13.11,705.0,0.0,7.0,53697.0,0
11000.0,7.89,0,53000.0,11.39,720.0,0.0,11.0,13880.0,0
1200.0,9.17,1,49000.0,1.22,680.0,0.0,5.0,2400.0,0
11000.0,9.76,1,40000.0,9.93,670.0,0.0,5.0,10740.0,0
25200.0,13.18,2,74000.0,19.22,685.0,0.0,10.0,20200.0,0
1000.0,8.38,1,26000.0,7.99,735.0,0.0,3.0,5874.0,0
6400.0,8.38,1,80000.0,12.83,790.0,0.0,17.0,4783.0,0
8000.0,16.55,3,60000.0,12.24,700.0,0.0,4.0,1091.0,1
6000.0,13.18,2,50000.0,21.63,665.0,2.0,9.0,3328.0,0
16000.0,9.76,1,95000.0,18.6,690.0,0.0,16.0,6671.0,0
20000.0,5.32,0,100000.0,13.32,780.0,0.0,17.0,11017.0,0
30000.0,8.38,1,176000.0,5.47,700.0,0.0,13.0,29404.0,0
8000.0,12.59,2,35000.0,20.34,660.0,1.0,6.0,7008.0,0
12000.0,7.89,0,99905.0,22.07,685.0,0.0,18.0,23408.0,0
5625.0,17.57,3,100000.0,25.56,670.0,0.0,19.0,13567.0,0
24000.0,6.24,0,230000.0,14.62,680.0,1.0,14.0,178329.0,0
3600.0,14.48,2,24000.0,8.15,695.0,0.0,7.0,2851.0,0
12000.0,9.76,1,250000.0,1.59,710.0,0.0,4.0,10183.0,0
20000.0,16.99,3,75000.0,35.92,715.0,0.0,40.0,30616.0,1
17000.0,10.64,1,47500.0,18.06,705.0,0.0,10.0,21548.0,0
10000.0,7.89,0,55000.0,12.2,705.0,1.0,8.0,10173.0,0
16000.0,5.32,0,125000.0,12.71,740.0,0.0,16.0,7383.0,0
10000.0,11.99,2,23400.0,34.56,695.0,0.0,8.0,12389.0,1
9600.0,8.38,1,45508.0,38.53,755.0,0.0,12.0,20863.0,0
35000.0,12.59,2,78000.0,20.63,695.0,0.0,11.0,18204.0,0
28000.0,5.32,0,300000.0,7.13,750.0,0.0,14.0,55326.0,0
20000.0,7.89,0,70000.0,22.42,700.0,0.0,9.0,44089.0,0
15000.0,5.32,0,69214.5,17.44,740.0,0.0,27.0,18864.0,0
3000.0,14.48,2,20000.0,23.65,715.0,0.0,9.0,4505.0,0
6200.0,13.67,2,42000.0,27.46,675.0,0.0,7.0,7495.0,0
6000.0,10.64,1,55000.0,33.25,670.0,0.0,5.0,7041.0,0
7500.0,19.99,4,61000.0,18.24,695.0,0.0,12.0,9383.0,1
24000.0,12.59,2,175000.0,10.67,720.0,1.0,14.0,14008.0,0
35000.0,14.48,2,115000.0,12.9,705.0,0.0,9.0,22867.0,0
15000.0,8.38,1,66000.0,31.88,685.0,0.0,13.0,17391.0,0
5650.0,8.38,1,50000.0,21.6,660.0,0.0,23.0,5661.0,0
1750.0,14.48,2,44156.0,13.37,660.0,0.0,2.0,429.0,1
6000.0,16.55,3,26400.0,36.04,680.0,0.0,11.0,2636.0,1
3000.0,9.17,1,32500.0,14.19,680.0,0.0,10.0,2398.0,0
30000.0,10.64,1,100000.0,19.47,770.0,0.0,21.0,1633.0,0
35000.0,13.67,2,120000.0,26.94,720.0,0.0,20.0,32737.0,1
22400.0,13.67,2,100000.0,11.8,680.0,0.0,8.0,10037.0,0
10500.0,9.17,1,32000.0,37.4,680.0,0.0,14.0,7450.0,0
9000.0,7.89,0,36180.0,23.88,700.0,0.0,9.0,21940.0,0
14700.0,16.99,3,35000.0,31.31,660.0,0.0,7.0,11412.0,0
14000.0,7.26,0,175000.0,5.79,715.0,0.0,8.0,22613.0,0
8150.0,19.99,4,30000.0,28.28,665.0,0.0,8.0,1832.0,0
7925.0,13.67,2,70000.0,23.93,660.0,0.0,10.0,15002.0,1
8800.0,18.2,4,60507.0,18.39,660.0,1.0,12.0,3048.0,0
16800.0,10.64,1,40000.0,13.83,695.0,0.0,10.0,11023.0,0
1500.0,11.99,2,40000.0,10.66,690.0,1.0,10.0,1830.0,0
20000.0,5.32,0,110000.0,19.21,745.0,0.0,9.0,22989.0,0
3600.0,18.2,4,25000.0,24.58,665.0,0.0,10.0,3876.0,1
31600.0,8.38,1,125000.0,17.61,690.0,0.0,17.0,38862.0,0
27800.0,10.64,1,61000.0,12.63,720.0,0.0,9.0,17822.0,0
6500.0,15.41,3,39582.0,20.04,660.0,0.0,9.0,6469.0,0
5000.0,6.89,0,65000.0,30.67,710.0,1.0,11.0,13933.0,0
16450.0,14.48,2,34320.0,19.09,685.0,0.0,16.0,21894.0,1
28000.0,9.17,1,306000.0,11.29,695.0,0.0,9.0,54426.0,0
9000.0,15.41,3,150000.0,13.4,670.0,0.0,17.0,15902.0,0
19000.0,11.99,2,38000.0,23.78,695.0,0.0,7.0,13120.0,0
12000.0,5.32,0,170000.0,10.85,730.0,4.0,13.0,15972.0,0
6650.0,16.55,3,81000.0,11.45,695.0,1.0,11.0,3997.0,1
20000.0,13.18,2,55000.0,21.65,730.0,0.0,36.0,41737.0,0
6000.0,16.55,3,95000.0,16.76,660.0,4.0,9.0,2402.0,1
10000.0,11.22,1,102000.0,18.38,705.0,1.0,17.0,35812.0,0
13000.0,8.38,1,38000.0,14.28,695.0,0.0,15.0,9440.0,0
30000.0,13.67,2,82000.0,31.54,705.0,0.0,18.0,23053.0,1
12000.0,5.32,0,145000.0,27.81,740.0,0.0,10.0,14129.0,0
15300.0,27.31,6,45000.0,14.91,695.0,1.0,8.0,8056.0,0
1000.0,9.76,1,47000.0,13.53,720.0,0.0,5.0,21281.0,0
35000.0,7.26,0,220000.0,13.6,730.0,0.0,10.0,72294.0,0
6025.0,13.18,2,66000.0,9.64,690.0,0.0,5.0,3387.0,0
30000.0,9.17,1,120000.0,16.47,700.0,0.0,21.0,13928.0,0
10000.0,12.59,2,30000.0,25.48,665.0,0.0,8.0,11613.0,0
3600.0,13.67,2,32000.0,23.17,695.0,1.0,7.0,2014.0,0
10000.0,6.24,0,45000.0,13.76,740.0,1.0,18.0,10376.0,0
20000.0,19.99,4,50000.0,25.92,685.0,0.0,37.0,21259.0,1
16000.0,9.17,1,40000.0,31.14,715.0,0.0,8.0,2975.0,1
6500.0,5.32,0,37500.0,29.95,705.0,0.0,12.0,11083.0,0
10000.0,8.38,1,35000.0,8.68,695.0,0.0,16.0,8320.0,0
14900.0,9.76,1,55000.0,19.83,705.0,1.0,8.0,17167.0,0
18000.0,12.59,2,86000.0,24.5,715.0,0.0,10.0,13802.0,0
16500.0,11.22,1,70400.0,12.89,670.0,0.0,10.0,16077.0,0
1125.0,17.86,3,3800.0,34.81,660.0,0.0,4.0,3604.0,0
9600.0,8.38,1,54000.0,23.09,715.0,0.0,13.0,21361.0,0
18000.0,11.99,2,50000.0,20.4,690.0,0.0,18.0,21006.0,0
10000.0,8.38,1,43000.0,31.34,720.0,0.0,17.0,7850.0,0
2500.0,6.89,0,81500.0,19.32,745.0,0.0,17.0,30408.0,0
6000.0,8.38,1,22000.0,32.95,670.0,0.0,9.0,6524.0,0
15000.0,10.64,1,108000.0,5.87,670.0,0.0,17.0,8689.0,0
20000.0,22.99,5,70000.0,14.98,665.0,2.0,7.0,8566.0,1
9000.0,6.89,0,33000.0,7.96,700.0,0.0,6.0,7422.0,0
6000.0,13.67,2,80000.0,16.01,685.0,0.0,13.0,14232.0,0
30000.0,16.55,3,100000.0,27.75,670.0,1.0,9.0,20238.0,0
14000.0,9.17,1,72277.0,35.81,750.0,1.0,13.0,6406.0,0
7000.0,9.17,1,35000.0,16.15,660.0,0.0,8.0,8902.0,0
7500.0,8.38,1,125000.0,24.18,665.0,1.0,18.0,84536.0,0
6000.0,15.41,3,61900.0,20.32,665.0,0.0,23.0,15439.0,0
12000.0,9.76,1,62000.0,27.91,710.0,1.0,15.0,12239.0,0
10000.0,11.99,2,110000.0,20.59,670.0,2.0,18.0,30920.0,0
16000.0,12.59,2,90000.0,14.95,770.0,0.0,19.0,8590.0,0
12000.0,11.99,2,40000.0,29.79,695.0,0.0,9.0,27603.0,0
1000.0,15.41,3,35000.0,28.57,660.0,0.0,4.0,6011.0,0
2525.0,19.99,4,51000.0,12.66,665.0,0.0,9.0,3942.0,0
5775.0,25.99,5,38300.0,9.77,660.0,0.0,12.0,5675.0,1
8300.0,13.67,2,66000.0,16.73,670.0,0.0,8.0,3521.0,0
8000.0,10.64,1,29088.0,16.21,670.0,0.0,9.0,5315.0,0
6400.0,13.18,2,78000.0,22.71,660.0,0.0,10.0,7669.0,0
7000.0,6.89,0,72000.0,17.3,715.0,1.0,9.0,5666.0,0
35000.0,8.38,1,97379.0,14.44,710.0,0.0,20.0,42703.0,0
9000.0,9.76,1,90000.0,26.73,725.0,0.0,20.0,24735.0,0
8000.0,7.89,0,30000.0,25.44,680.0,0.0,17.0,10707.0,0
16500.0,13.18,2,85000.0,17.2,725.0,0.0,19.0,8422.0,0
19675.0,10.64,1,78000.0,19.63,705.0,0.0,14.0,23800.0,0
20000.0,9.17,1,225000.0,6.72,680.0,3.0,11.0,80582.0,0
13675.0,18.99,4,38000.0,23.37,680.0,0.0,11.0,1746.0,0
12600.0,11.99,2,35000.0,32.51,830.0,0.0,6.0,1418.0,0
21500.0,5.32,0,137000.0,6.73,730.0,0.0,11.0,20203.0,0
5000.0,9.17,1,21600.0,19.89,690.0,0.0,6.0,3163.0,0
18000.0,5.32,0,60000.0,29.89,795.0,0.0,13.0,8263.0,0
30225.0,15.41,3,250000.0,29.49,675.0,1.0,6.0,1353.0,1
14000.0,8.38,1,32000.0,32.26,720.0,2.0,9.0,9867.0,0
24000.0,13.67,2,80000.0,17.18,680.0,0.0,11.0,13857.0,1
15000.0,7.26,0,70000.0,8.93,705.0,0.0,26.0,18919.0,0
12000.0,9.17,1,40000.0,22.92,670.0,1.0,10.0,17886.0,0
16500.0,8.38,1,67000.0,15.06,675.0,0.0,14.0,7301.0,0
1500.0,14.48,2,43000.0,17.11,705.0,0.0,9.0,4944.0,0
25000.0,5.32,0,71400.0,18.24,760.0,0.0,18.0,25222.0,0
10000.0,17.57,3,35000.0,22.94,675.0,0.0,10.0,12807.0,1
8000.0,6.24,0,60000.0,22.0,735.0,0.0,19.0,8185.0,0
5000.0,5.32,0,82000.0,23.39,695.0,0.0,27.0,12059.0,0
20000.0,7.26,0,50000.0,14.04,705.0,0.0,11.0,24127.0,0
18000.0,7.89,0,80000.0,19.72,705.0,0.0,9.0,5910.0,0
6000.0,8.38,1,32000.0,26.97,670.0,0.0,5.0,8227.0,0
4000.0,13.67,2,47000.0,30.44,680.0,0.0,21.0,10127.0,0
12000.0,9.17,1,225000.0,12.35,670.0,0.0,14.0,20708.0,0
8000.0,7.89,0,50000.0,28.9,670.0,0.0,20.0,15023.0,0
12000.0,16.99,3,97000.0,13.65,680.0,0.0,11.0,14664.0,0
10500.0,10.64,1,35000.0,23.56,705.0,0.0,9.0,8886.0,1
1925.0,9.76,1,80000.0,2.19,660.0,2.0,10.0,215.0,0
35000.0,17.57,3,95000.0,7.76,675.0,0.0,8.0,19731.0,1
5000.0,12.59,2,30000.0,13.4,665.0,0.0,7.0,6996.0,0
15025.0,18.49,4,54000.0,24.71,720.0,0.0,16.0,10466.0,0
9000.0,14.48,2,25000.0,35.06,670.0,0.0,9.0,22691.0,1
14000.0,13.67,2,100000.0,22.45,675.0,0.0,10.0,2599.0,1
10000.0,9.17,1,35000.0,23.01,665.0,0.0,9.0,8200.0,0
5000.0,13.67,2,50000.0,11.98,705.0,0.0,9.0,2664.0,0
22000.0,11.99,2,108500.0,25.98,680.0,0.0,18.0,17450.0,0
19000.0,9.17,1,135000.0,14.04,735.0,0.0,4.0,25684.0,1
30000.0,19.99,4,60000.0,36.99,700.0,0.0,10.0,32392.0,0
14000.0,11.22,1,37000.0,18.56,700.0,0.0,22.0,9896.0,0
35000.0,17.57,3,129999.0,27.4,665.0,1.0,39.0,10296.0,1
35000.0,11.22,1,135537.0,9.35,670.0,1.0,9.0,45270.0,0
2800.0,11.99,2,71000.0,22.23,685.0,0.0,4.0,575.0,0
23000.0,9.17,1,84000.0,11.8,665.0,1.0,9.0,29691.0,0
12300.0,28.49,6,59000.0,20.89,665.0,0.0,9.0,3200.0,1
6000.0,9.76,1,40000.0,13.08,700.0,1.0,19.0,9483.0,0
21000.0,7.26,0,105000.0,29.36,685.0,0.0,14.0,15194.0,0
12000.0,12.59,2,30000.0,36.92,685.0,0.0,7.0,10110.0,0
8200.0,7.89,0,22000.0,25.75,705.0,0.0,9.0,11621.0,0
9600.0,7.26,0,82000.0,12.47,715.0,0.0,15.0,18833.0,0
5275.0,11.22,1,61620.0,21.15,740.0,0.0,19.0,12989.0,0
15000.0,9.17,1,125000.0,10.57,675.0,0.0,12.0,13624.0,0
14000.0,18.2,4,71000.0,25.58,700.0,0.0,22.0,17232.0,1
8000.0,11.99,2,65000.0,7.7,680.0,1.0,9.0,3448.0,0
7000.0,10.64,1,95000.0,14.55,720.0,0.0,7.0,8823.0,0
13200.0,7.89,0,80000.0,12.82,740.0,0.0,12.0,15008.0,0
5000.0,11.22,1,78000.0,6.88,760.0,0.0,12.0,5612.0,0
3500.0,11.22,1,36000.0,29.96,695.0,0.0,18.0,16677.0,0
12000.0,12.59,2,74000.0,22.54,700.0,0.0,9.0,11649.0,0
1000.0,16.99,3,88000.0,10.38,685.0,0.0,5.0,26995.0,0
15000.0,10.64,1,52000.0,19.11,670.0,0.0,7.0,13836.0,0
19775.0,9.76,1,43000.0,14.7,710.0,0.0,9.0,23400.0,0
12000.0,7.26,0,45000.0,31.39,680.0,0.0,11.0,22212.0,0
10000.0,11.99,2,63000.0,23.19,660.0,0.0,13.0,8927.0,0
28000.0,14.48,2,75000.0,33.95,695.0,1.0,11.0,13898.0,0
9000.0,8.38,1,72000.0,9.56,715.0,0.0,5.0,9298.0,0
6400.0,9.76,1,51000.0,20.64,720.0,0.0,26.0,3114.0,0
4775.0,16.55,3,52000.0,22.43,665.0,0.0,5.0,1690.0,0
24000.0,13.18,2,75085.0,18.94,660.0,4.0,12.0,5697.0,1
26000.0,5.32,0,181000.0,10.0,760.0,0.0,10.0,32158.0,0
10350.0,15.41,3,51646.0,25.8,680.0,0.0,6.0,5879.0,0
3075.0,11.22,1,85000.0,13.05,665.0,0.0,8.0,6222.0,0
2500.0,12.59,2,170000.0,17.17,700.0,0.0,22.0,28109.0,0
12000.0,13.18,2,60000.0,23.98,710.0,0.0,9.0,1439.0,0
17875.0,21.99,5,85000.0,19.84,675.0,0.0,15.0,10096.0,1
16000.0,10.64,1,75000.0,14.34,690.0,0.0,8.0,2293.0,0
16575.0,13.18,2,95000.0,17.16,675.0,3.0,16.0,8773.0,0
6500.0,9.17,1,60000.0,24.34,660.0,0.0,8.0,8749.0,0
16000.0,6.24,0,105000.0,31.02,695.0,2.0,11.0,24234.0,0
7500.0,13.18,2,60000.0,30.8,720.0,0.0,7.0,5883.0,1
5875.0,17.57,3,69250.0,10.17,660.0,0.0,7.0,3739.0,0
1000.0,13.67,2,20000.0,33.79,685.0,1.0,7.0,1390.0,0
14400.0,6.89,0,150000.0,8.47,700.0,0.0,9.0,21532.0,0
18000.0,8.38,1,95000.0,20.5,670.0,0.0,25.0,29252.0,0
10000.0,6.89,0,52000.0,1.86,785.0,0.0,8.0,843.0,0
10000.0,11.22,1,26000.0,17.82,670.0,0.0,6.0,2932.0,0
10000.0,10.64,1,40000.0,30.56,670.0,0.0,9.0,15739.0,1
35000.0,17.57,3,100000.0,23.73,670.0,0.0,16.0,12272.0,1
1000.0,11.22,1,40000.0,34.41,675.0,0.0,9.0,12272.0,0
12000.0,8.38,1,175000.0,19.09,670.0,0.0,11.0,4116.0,0
6050.0,7.89,0,52000.0,24.11,740.0,0.0,24.0,12551.0,0
5000.0,9.17,1,75000.0,16.06,720.0,0.0,9.0,1055.0,1
20000.0,8.38,1,88000.0,24.74,715.0,0.0,10.0,14662.0,0
9600.0,6.89,0,36000.0,29.37,775.0,0.0,14.0,10698.0,0
10000.0,6.89,0,125000.0,13.27,735.0,0.0,10.0,11926.0,0
16000.0,5.32,0,50000.0,7.78,790.0,0.0,12.0,10656.0,0
8175.0,16.99,3,22750.0,1.85,790.0,0.0,3.0,455.0,0
30000.0,7.89,0,110000.0,21.58,700.0,0.0,10.0,27950.0,0
6000.0,15.41,3,35000.0,16.9,700.0,0.0,3.0,481.0,0
28000.0,7.89,0,123000.0,7.29,690.0,2.0,9.0,8424.0,0
12475.0,13.67,2,55000.0,0.72,705.0,1.0,5.0,1365.0,0
6000.0,10.64,1,29000.0,17.8,670.0,0.0,14.0,7671.0,0
28000.0,13.18,2,130000.0,18.12,670.0,2.0,14.0,38038.0,1
10000.0,12.59,2,55000.0,33.65,660.0,1.0,21.0,6461.0,0
35000.0,18.49,4,100000.0,31.36,685.0,1.0,11.0,8475.0,1
5000.0,13.67,2,63000.0,20.63,695.0,0.0,7.0,1612.0,0
24000.0,5.32,0,108000.0,9.44,760.0,0.0,13.0,18715.0,0
32975.0,17.86,3,70000.0,32.28,700.0,0.0,16.0,18367.0,0
5000.0,8.38,1,45000.0,17.95,670.0,0.0,9.0,5292.0,0
8500.0,10.64,1,45000.0,17.55,665.0,3.0,7.0,6476.0,0
17000.0,16.55,3,50000.0,4.03,670.0,0.0,8.0,3889.0,0
6000.0,9.17,1,45000.0,14.53,670.0,0.0,6.0,3953.0,0
18000.0,10.64,1,85000.0,19.96,690.0,0.0,15.0,27266.0,0
8550.0,13.67,2,55000.0,8.68,710.0,0.0,11.0,2734.0,0
8500.0,8.38,1,73000.0,12.43,685.0,0.0,5.0,8165.0,0
17325.0,16.99,3,262000.0,0.46,660.0,1.0,5.0,4622.0,0
18000.0,12.59,2,60000.0,14.58,705.0,0.0,7.0,13951.0,0
3375.0,6.24,0,10980.0,14.43,790.0,0.0,15.0,3383.0,0
7000.0,11.22,1,36200.0,14.16,665.0,0.0,10.0,6648.0,0
5000.0,13.67,2,48000.0,10.53,685.0,0.0,6.0,1503.0,0
8000.0,7.26,0,75000.0,19.52,700.0,0.0,6.0,12106.0,0
7500.0,12.59,2,47000.0,20.45,680.0,1.0,27.0,7242.0,0
8000.0,11.22,1,38500.0,17.86,660.0,0.0,17.0,8004.0,1
21125.0,9.17,1,80000.0,29.87,800.0,0.0,16.0,26656.0,0
24000.0,18.99,4,59000.0,19.89,710.0,0.0,13.0,19765.0,0
20000.0,11.99,2,82000.0,22.44,730.0,0.0,9.0,4481.0,0
12000.0,5.32,0,120000.0,15.99,760.0,0.0,16.0,19738.0,0
12000.0,10.64,1,45000.0,24.16,665.0,5.0,12.0,13306.0,1
25000.0,11.99,2,210000.0,10.59,695.0,0.0,8.0,20359.0,0
15000.0,9.76,1,83000.0,30.89,675.0,0.0,17.0,25587.0,0
3600.0,9.17,1,54704.0,9.7,670.0,1.0,5.0,3975.0,0
12000.0,8.38,1,40000.0,13.86,675.0,0.0,14.0,14878.0,0
10000.0,6.24,0,45000.0,4.16,775.0,0.0,4.0,4619.0,0
15600.0,14.48,2,46500.0,34.79,680.0,0.0,18.0,9162.0,1
21000.0,6.89,0,109000.0,13.41,680.0,0.0,11.0,22041.0,0
10000.0,9.76,1,94000.0,9.46,680.0,0.0,10.0,11948.0,0
16800.0,7.26,0,65000.0,10.3,715.0,0.0,6.0,10482.0,0
30000.0,9.17,1,125000.0,21.74,710.0,0.0,19.0,12019.0,0
15000.0,11.22,1,42000.0,23.74,675.0,1.0,9.0,11088.0,0
15000.0,6.89,0,125000.0,3.24,715.0,0.0,7.0,15063.0,0
6000.0,17.57,3,20000.0,11.52,665.0,1.0,4.0,3925.0,0
6800.0,13.18,2,20000.0,20.77,700.0,0.0,7.0,9179.0,1
5000.0,9.17,1,55000.0,15.67,685.0,0.0,24.0,12749.0,0
8525.0,18.99,4,65000.0,15.77,665.0,0.0,16.0,3523.0,0
3000.0,11.22,1,90000.0,6.53,660.0,1.0,12.0,7079.0,0
5000.0,13.67,2,38000.0,29.63,660.0,0.0,30.0,9654.0,1
16000.0,9.76,1,100000.0,8.32,670.0,1.0,6.0,14634.0,0
10000.0,9.17,1,45000.0,3.84,685.0,0.0,10.0,6744.0,0
21000.0,11.22,1,86000.0,10.97,700.0,0.0,13.0,11274.0,0
