loan_amnt,dti,emp_length,accepted
3600.0,5.91,10+ years,1
24700.0,16.06,10+ years,1
20000.0,10.78,10+ years,1
10400.0,25.37,3 years,1
11950.0,10.2,4 years,1
20000.0,14.67,10+ years,1
20000.0,17.61,10+ years,1
10000.0,13.07,6 years,1
8000.0,34.8,10+ years,1
1400.0,34.95,3 years,1
18000.0,9.39,7 years,1
28000.0,21.6,10+ years,1
9600.0,22.44,8 years,1
25000.0,26.02,10+ years,1
18000.0,8.68,10+ years,1
8650.0,25.49,8 years,1
29900.0,21.77,10+ years,1
16000.0,33.18,10+ years,1
28000.0,7.49,2 years,1
5000.0,12.7,2 years,1
6000.0,13.28,10+ years,1
4225.0,15.22,5 years,1
20000.0,18.83,9 years,1
16000.0,23.35,< 1 year,1
17600.0,26.59,< 1 year,1
15000.0,15.34,10+ years,1
16000.0,18.96,10+ years,1
24250.0,20.84,4 years,1
12000.0,24.04,1 year,1
25000.0,34.53,9 years,1
7000.0,13.06,10+ years,1
21000.0,14.47,< 1 year,1
27500.0,6.79,10+ years,1
7200.0,8.47,10+ years,1
20000.0,12.45,6 years,1
20000.0,22.21,5 years,1
10000.0,35.7,2 years,1
20000.0,23.45,5 years,1
8650.0,7.28,< 1 year,1
21000.0,12.14,2 years,1
7200.0,17.35,< 1 year,1
8800.0,5.18,10+ years,1
2500.0,17.6,10+ years,1
11000.0,21.34,10+ years,1
10000.0,9.44,4 years,1
28000.0,31.88,10+ years,1
35000.0,6.46,10+ years,1
7200.0,19.25,10+ years,1
10000.0,10.81,2 years,1
16000.0,9.6,1 year,1
21875.0,17.76,< 1 year,1
14025.0,18.0,10+ years,1
35000.0,17.36,7 years,1
20000.0,12.28,10+ years,1
14000.0,24.29,2 years,1
20000.0,16.9,10+ years,1
4200.0,26.21,10+ years,1
19000.0,13.09,9 years,1
15850.0,34.85,10+ years,1
30000.0,18.5,2 years,1
1500.0,16.11,,1
25000.0,9.54,1 year,1
20200.0,34.84,4 years,1
23975.0,33.2,10+ years,1
15000.0,29.28,10+ years,1
10000.0,15.78,3 years,1
15000.0,13.24,6 years,1
23100.0,20.43,2 years,1
27300.0,25.63,10+ years,1
25000.0,4.65,10+ years,1
15000.0,10.17,1 year,1
10000.0,30.84,< 1 year,1
18500.0,13.2,10+ years,1
5000.0,13.73,6 years,1
9000.0,11.98,1 year,1
11000.0,15.0,10+ years,1
20000.0,29.15,6 years,1
15000.0,20.18,,1
12000.0,15.3,4 years,1
8000.0,21.23,< 1 year,1
12000.0,31.95,3 years,1
18000.0,25.65,5 years,1
3600.0,17.44,< 1 year,1
7200.0,13.21,9 years,1
15000.0,18.17,4 years,1
5000.0,6.52,6 years,1
11550.0,21.07,5 years,1
33600.0,14.01,8 years,1
17475.0,23.58,2 years,1
9000.0,8.43,8 years,1
12000.0,23.84,10+ years,1
4000.0,15.83,2 years,1
10500.0,8.51,3 years,1
14000.0,15.97,4 years,1
6000.0,14.45,10+ years,1
15000.0,13.89,3 years,1
12000.0,26.32,4 years,1
10000.0,21.75,2 years,1
4200.0,31.02,2 years,1
35000.0,35.69,8 years,1
5475.0,33.47,10+ years,1
6000.0,23.26,3 years,1
24000.0,10.11,10+ years,1
10000.0,3.3,< 1 year,1
6900.0,9.57,10+ years,1
15975.0,20.45,4 years,1
21600.0,17.64,9 years,1
14400.0,17.02,3 years,1
8000.0,23.26,< 1 year,1
7000.0,21.96,2 years,1
20000.0,36.94,< 1 year,1
25825.0,31.68,6 years,1
24575.0,24.16,10+ years,1
3200.0,20.61,10+ years,1
22875.0,32.3,10+ years,1
35000.0,24.19,< 1 year,1
2400.0,28.38,2 years,1
25000.0,13.83,,1
8800.0,35.52,2 years,1
2500.0,38.06,,1
8000.0,14.86,1 year,1
20000.0,27.1,10+ years,1
35000.0,13.39,10+ years,1
15000.0,10.67,,1
16000.0,8.78,1 year,1
10800.0,26.13,3 years,1
7500.0,37.2,10+ years,1
16000.0,35.19,5 years,1
9000.0,21.63,10+ years,1
9500.0,27.95,10+ years,1
10000.0,29.91,2 years,1
6000.0,17.92,10+ years,1
15600.0,15.37,10+ years,1
35000.0,13.36,< 1 year,1
5000.0,21.21,9 years,1
20400.0,38.65,2 years,1
8000.0,11.52,,1
16000.0,13.74,3 years,1
18000.0,15.56,10+ years,1
35000.0,25.07,1 year,1
13150.0,20.25,1 year,1
5600.0,19.85,8 years,1
23000.0,17.09,9 years,1
12600.0,11.75,1 year,1
11000.0,16.85,8 years,1
4000.0,12.9,3 years,1
20000.0,22.62,5 years,1
10000.0,32.7,10+ years,1
18850.0,15.56,< 1 year,1
21000.0,15.07,10+ years,1
10500.0,15.39,4 years,1
4575.0,10.03,5 years,1
5000.0,27.9,1 year,1
8000.0,15.15,,1
5000.0,9.16,1 year,1
9075.0,8.39,10+ years,1
12500.0,6.83,10+ years,1
19600.0,18.99,8 years,1
35000.0,10.97,2 years,1
28000.0,24.83,1 year,1
14000.0,19.24,1 year,1
16000.0,6.97,,1
14000.0,6.73,4 years,1
24000.0,22.8,8 years,1
35000.0,18.19,6 years,1
8000.0,31.06,< 1 year,1
3600.0,26.45,1 year,1
10500.0,30.73,10+ years,1
3000.0,12.09,10+ years,1
16000.0,17.11,2 years,1
8000.0,25.01,10+ years,1
19500.0,13.74,< 1 year,1
2000.0,6.78,8 years,1
16000.0,14.45,8 years,1
3500.0,17.97,8 years,1
24000.0,26.89,3 years,1
6000.0,3.98,2 years,1
24000.0,26.83,9 years,1
14875.0,36.3,3 years,1
10000.0,37.55,7 years,1
15000.0,14.86,2 years,1
10000.0,14.61,10+ years,1
24000.0,7.23,10+ years,1
23525.0,13.33,5 years,1
11000.0,12.69,10+ years,1
24000.0,20.16,2 years,1
16000.0,14.68,10+ years,1
15000.0,17.07,5 years,1
5000.0,19.56,8 years,1
15000.0,10.14,3 years,1
15000.0,25.56,10+ years,1
3500.0,17.65,10+ years,1
20000.0,12.77,2 years,1
35000.0,14.48,9 years,1
2000.0,12.66,10+ years,1
12000.0,25.43,2 years,1
8000.0,18.92,1 year,1
10000.0,10.55,10+ years,1
35000.0,19.43,10+ years,1
25600.0,10.88,3 years,1
4325.0,16.96,10+ years,1
6000.0,33.78,10+ years,1
18200.0,29.28,8 years,1
10000.0,19.38,3 years,1
30000.0,12.03,5 years,1
13200.0,15.45,2 years,1
10000.0,4.76,5 years,1
3000.0,22.82,5 years,1
20000.0,19.04,10+ years,1
13875.0,23.53,10+ years,1
18000.0,14.4,10+ years,1
15225.0,21.21,3 years,1
16000.0,21.16,6 years,1
21000.0,6.2,7 years,1
13000.0,16.74,< 1 year,1
20000.0,4.99,5 years,1
31075.0,17.18,10+ years,1
18000.0,14.88,10+ years,1
5000.0,33.39,,1
4675.0,34.07,< 1 year,1
6000.0,14.42,4 years,1
12000.0,12.62,10+ years,1
13000.0,9.9,10+ years,1
1800.0,20.38,10+ years,1
4475.0,8.36,10+ years,1
14400.0,16.32,8 years,1
5875.0,9.53,5 years,1
20000.0,25.1,7 years,1
10000.0,23.26,5 years,1
34100.0,29.14,8 years,1
24000.0,12.37,3 years,1
5200.0,8.0,7 years,1
16800.0,5.76,< 1 year,1
10000.0,10.95,7 years,1
22000.0,22.34,10+ years,1
28000.0,29.88,10+ years,1
7200.0,20.68,10+ years,1
18000.0,38.35,9 years,1
8400.0,29.2,1 year,1
5000.0,31.08,2 years,1
5000.0,10.93,10+ years,1
2400.0,24.14,5 years,1
15000.0,21.48,9 years,1
6075.0,27.37,9 years,1
20000.0,22.58,2 years,1
6025.0,21.32,10+ years,1
8400.0,12.96,2 years,1
15000.0,21.17,2 years,1
12000.0,3.61,< 1 year,1
28800.0,6.68,8 years,1
5000.0,19.22,10+ years,1
5000.0,30.24,7 years,1
31500.0,10.55,10+ years,1
24000.0,13.05,10+ years,1
20000.0,23.89,< 1 year,1
24000.0,20.82,2 years,1
21850.0,12.74,10+ years,1
9500.0,8.67,10+ years,1
20000.0,16.7,10+ years,1
20000.0,26.92,10+ years,1
20000.0,16.93,< 1 year,1
12000.0,20.12,10+ years,1
10000.0,14.73,10+ years,1
12000.0,18.91,10+ years,1
12000.0,6.4,8 years,1
6425.0,2.87,1 year,1
12700.0,34.32,3 years,1
35000.0,9.23,10+ years,1
15000.0,31.29,2 years,1
20550.0,26.38,10+ years,1
25000.0,25.48,10+ years,1
14000.0,13.36,10+ years,1
16925.0,22.09,10+ years,1
4700.0,17.64,3 years,1
5000.0,13.63,,1
12000.0,17.66,2 years,1
12000.0,12.61,10+ years,1
15000.0,4.66,1 year,1
4900.0,25.6,2 years,1
18000.0,16.82,< 1 year,1
18000.0,19.76,5 years,1
25000.0,21.33,10+ years,1
15000.0,13.92,10+ years,1
3600.0,18.93,1 year,1
33000.0,20.68,5 years,1
14950.0,31.36,10+ years,1
15000.0,35.77,10+ years,1
7000.0,25.68,2 years,1
35000.0,18.93,4 years,1
8000.0,5.9,,1
20000.0,22.84,8 years,1
14375.0,37.32,< 1 year,1
21000.0,10.51,< 1 year,1
3700.0,20.81,10+ years,1
8400.0,26.77,10+ years,1
7200.0,23.57,1 year,1
16800.0,17.27,8 years,1
9000.0,0.63,7 years,1
6000.0,31.87,6 years,1
34000.0,13.32,7 years,1
16000.0,11.78,10+ years,1
11200.0,15.88,10+ years,1
6000.0,19.42,10+ years,1
9100.0,15.57,4 years,1
10000.0,29.15,10+ years,1
30000.0,17.73,1 year,1
8450.0,15.09,10+ years,1
8775.0,20.37,10+ years,1
6000.0,17.08,5 years,1
10000.0,5.17,10+ years,1
10000.0,36.23,4 years,1
7200.0,38.63,3 years,1
20000.0,18.76,5 years,1
20000.0,19.14,2 years,1
5000.0,10.44,8 years,1
15000.0,23.47,< 1 year,1
23950.0,18.41,3 years,1
15000.0,24.79,10+ years,1
2250.0,16.88,< 1 year,1
14000.0,37.39,1 year,1
14000.0,5.04,2 years,1
18000.0,7.93,3 years,1
12000.0,2.71,3 years,1
5600.0,13.18,10+ years,1
35000.0,25.52,1 year,1
8000.0,22.48,3 years,1
2400.0,16.39,3 years,1
35000.0,19.74,< 1 year,1
7000.0,37.22,10+ years,1
8000.0,33.78,2 years,1
6125.0,17.36,4 years,1
10400.0,18.51,10+ years,1
30000.0,17.1,5 years,1
4000.0,8.18,5 years,1
10000.0,19.92,10+ years,1
16000.0,24.41,< 1 year,1
24000.0,29.07,10+ years,1
19225.0,18.21,< 1 year,1
13000.0,5.51,5 years,1
2000.0,8.51,3 years,1
19200.0,19.24,< 1 year,1
10000.0,9.99,10+ years,1
35000.0,18.89,4 years,1
15000.0,36.4,10+ years,1
35000.0,16.85,< 1 year,1
18000.0,27.17,< 1 year,1
8000.0,25.15,6 years,1
15000.0,30.08,10+ years,1
17400.0,7.04,10+ years,1
35000.0,14.98,10+ years,1
12000.0,12.13,3 years,1
24000.0,23.98,10+ years,1
8000.0,29.22,5 years,1
16775.0,29.91,1 year,1
8000.0,15.15,3 years,1
21000.0,29.75,< 1 year,1
10000.0,21.59,< 1 year,1
6000.0,18.45,< 1 year,1
6000.0,23.96,,1
8400.0,13.92,< 1 year,1
10000.0,23.23,10+ years,1
6000.0,2.8,2 years,1
20000.0,12.51,10+ years,1
4600.0,14.79,,1
20000.0,33.75,10+ years,1
15000.0,31.62,2 years,1
12000.0,23.98,4 years,1
5000.0,16.7,10+ years,1
6000.0,18.34,< 1 year,1
6000.0,20.37,10+ years,1
28000.0,37.26,10+ years,1
15000.0,16.95,3 years,1
10500.0,27.58,10+ years,1
10000.0,11.19,3 years,1
3600.0,22.42,< 1 year,1
10000.0,26.9,10+ years,1
30000.0,13.54,10+ years,1
8000.0,10.12,2 years,1
15000.0,10.17,1 year,1
21600.0,17.42,2 years,1
12000.0,16.86,10+ years,1
28000.0,21.05,8 years,1
6400.0,15.6,10+ years,1
15000.0,12.2,10+ years,1
13000.0,26.32,2 years,1
10000.0,15.56,3 years,1
24800.0,14.76,10+ years,1
12000.0,25.98,10+ years,1
15000.0,17.56,1 year,1
24000.0,15.82,3 years,1
2000.0,10.17,10+ years,1
22600.0,25.31,3 years,1
13500.0,25.3,10+ years,1
6000.0,19.96,10+ years,1
5000.0,29.15,10+ years,1
20000.0,12.18,10+ years,1
12000.0,18.54,10+ years,1
32000.0,19.13,10+ years,1
15200.0,14.52,10+ years,1
12500.0,16.98,< 1 year,1
21000.0,17.19,4 years,1
16000.0,24.49,3 years,1
24650.0,22.64,10+ years,1
11000.0,28.73,3 years,1
22400.0,18.69,10+ years,1
15125.0,25.38,10+ years,1
8000.0,23.76,10+ years,1
8000.0,11.86,2 years,1
11000.0,19.18,2 years,1
28500.0,29.37,< 1 year,1
25000.0,21.3,5 years,1
7000.0,16.1,5 years,1
12000.0,12.07,< 1 year,1
5875.0,25.65,10+ years,1
18000.0,15.54,10+ years,1
28000.0,23.69,1 year,1
35000.0,5.71,10+ years,1
31800.0,24.15,< 1 year,1
25000.0,22.57,10+ years,1
16000.0,20.73,6 years,1
35000.0,14.95,5 years,1
18000.0,11.52,1 year,1
10000.0,15.05,< 1 year,1
8000.0,20.54,2 years,1
15000.0,8.75,,1
20000.0,22.47,4 years,1
14000.0,14.39,10+ years,1
20500.0,18.56,,1
4700.0,14.21,4 years,1
28000.0,14.47,4 years,1
12000.0,24.86,10+ years,1
7200.0,11.07,< 1 year,1
11000.0,37.56,,1
11000.0,5.7,5 years,1
3500.0,22.29,1 year,1
23850.0,13.58,3 years,1
3600.0,14.33,3 years,1
16500.0,2.56,10+ years,1
8275.0,38.05,,1
35000.0,15.77,< 1 year,1
20000.0,20.04,< 1 year,1
22800.0,21.96,6 years,1
10000.0,33.54,4 years,1
19000.0,18.42,10+ years,1
6000.0,10.8,2 years,1
35000.0,27.22,10+ years,1
6000.0,12.55,10+ years,1
16000.0,33.12,< 1 year,1
5000.0,14.28,,1
3000.0,32.18,1 year,1
20000.0,33.29,10+ years,1
24000.0,35.7,6 years,1
20000.0,27.2,10+ years,1
8000.0,22.05,< 1 year,1
5000.0,38.61,< 1 year,1
20000.0,15.9,10+ years,1
5000.0,24.66,6 years,1
12000.0,16.27,5 years,1
19675.0,8.09,< 1 year,1
24000.0,2.96,3 years,1
12000.0,24.06,2 years,1
12000.0,29.87,4 years,1
28000.0,11.95,2 years,1
14000.0,26.66,7 years,1
9975.0,21.14,9 years,1
10000.0,16.42,8 years,1
3600.0,29.79,5 years,1
27850.0,26.18,10+ years,1
14000.0,25.43,4 years,1
12475.0,28.49,2 years,1
24000.0,22.7,1 year,1
22400.0,20.45,3 years,1
26000.0,26.03,6 years,1
25000.0,6.39,,1
14000.0,11.99,10+ years,1
10000.0,13.16,8 years,1
11550.0,18.41,,1
14000.0,19.34,6 years,1
9000.0,9.28,10+ years,1
8000.0,25.36,3 years,1
11000.0,28.36,2 years,1
11200.0,14.79,2 years,1
21000.0,21.56,2 years,1
35000.0,19.75,10+ years,1
20000.0,23.85,3 years,1
24000.0,17.15,10+ years,1
19800.0,23.47,3 years,1
30000.0,24.39,9 years,1
28000.0,21.6,3 years,1
27300.0,17.02,4 years,1
24000.0,19.76,10+ years,1
1450.0,18.59,2 years,1
4000.0,5.79,2 years,1
1000.0,20.64,10+ years,1
24950.0,15.95,5 years,1
25000.0,9.14,10+ years,1
6000.0,16.17,10+ years,1
21000.0,22.5,< 1 year,1
2950.0,16.58,,1
33100.0,23.77,10+ years,1
6000.0,23.03,10+ years,1
10500.0,23.62,1 year,1
12000.0,20.82,5 years,1
20000.0,16.8,10+ years,1
10000.0,14.89,1 year,1
9525.0,30.96,6 years,1
20000.0,14.68,2 years,1
14450.0,2.86,7 years,1
21600.0,20.73,3 years,1
12600.0,5.56,1 year,1
14800.0,20.55,7 years,1
20000.0,15.29,1 year,1
9600.0,13.83,10+ years,1
11900.0,32.83,3 years,1
20800.0,29.6,< 1 year,1
30000.0,22.99,10+ years,1
12000.0,30.04,3 years,1
5000.0,8.28,2 years,1
15000.0,30.95,2 years,1
18900.0,30.45,5 years,1
5000.0,36.53,10+ years,1
19850.0,17.2,7 years,1
8000.0,19.74,2 years,1
20000.0,20.0,4 years,1
20000.0,23.24,10+ years,1
28000.0,17.73,8 years,1
12000.0,20.31,3 years,1
15000.0,4.96,4 years,1
30000.0,9.82,3 years,1
17000.0,9.21,5 years,1
15750.0,21.96,8 years,1
5000.0,30.98,10+ years,1
24000.0,17.71,10+ years,1
15000.0,16.93,10+ years,1
30000.0,12.08,10+ years,1
4200.0,24.85,10+ years,1
6025.0,6.82,7 years,1
14850.0,13.57,10+ years,1
10000.0,16.45,10+ years,1
10000.0,36.81,2 years,1
35000.0,4.3,1 year,1
15000.0,34.58,< 1 year,1
5000.0,19.27,8 years,1
11000.0,21.88,3 years,1
5500.0,25.55,2 years,1
2500.0,12.48,< 1 year,1
21150.0,26.17,5 years,1
20000.0,25.7,1 year,1
5875.0,10.48,3 years,1
24000.0,15.15,10+ years,1
12000.0,27.42,1 year,1
19200.0,23.81,10+ years,1
8000.0,19.85,,1
28000.0,28.35,8 years,1
13500.0,14.45,10+ years,1
11000.0,27.87,10+ years,1
15000.0,30.65,3 years,1
20000.0,21.31,3 years,1
35000.0,22.42,10+ years,1
10000.0,22.74,10+ years,1
9000.0,6.31,2 years,1
8400.0,13.27,3 years,1
20000.0,16.49,10+ years,1
22500.0,14.34,10+ years,1
20000.0,18.48,8 years,1
21000.0,28.69,5 years,1
18700.0,30.81,< 1 year,1
35000.0,33.8,2 years,1
21000.0,24.0,10+ years,1
30000.0,14.19,5 years,1
14000.0,23.73,,1
24000.0,0.7,2 years,1
35000.0,19.26,10+ years,1
3225.0,24.01,5 years,1
28000.0,14.63,3 years,1
7200.0,24.6,10+ years,1
12000.0,18.28,5 years,1
35000.0,21.53,10+ years,1
12000.0,14.06,< 1 year,1
5000.0,11.78,7 years,1
25000.0,11.11,6 years,1
8750.0,46.71,1 year,1
6600.0,7.04,4 years,1
10000.0,28.37,2 years,1
12500.0,27.11,10+ years,1
26250.0,26.9,10+ years,1
24000.0,8.29,10+ years,1
15000.0,14.89,9 years,1
13750.0,36.36,10+ years,1
35000.0,16.82,< 1 year,1
7000.0,6.68,10+ years,1
5600.0,30.79,10+ years,1
21000.0,13.09,8 years,1
15000.0,13.56,4 years,1
6400.0,14.4,6 years,1
8400.0,20.42,10+ years,1
20000.0,11.66,6 years,1
15000.0,31.44,,1
13600.0,2.87,10+ years,1
18000.0,17.49,3 years,1
35000.0,14.65,10+ years,1
20000.0,31.24,10+ years,1
20000.0,9.24,10+ years,1
11200.0,11.96,10+ years,1
25000.0,27.24,2 years,1
2500.0,21.19,6 years,1
16000.0,19.44,1 year,1
5600.0,28.73,10+ years,1
10000.0,13.3,10+ years,1
3200.0,18.05,,1
28000.0,8.56,4 years,1
15000.0,26.24,10+ years,1
21600.0,15.84,1 year,1
10000.0,3.86,9 years,1
5000.0,16.01,10+ years,1
12000.0,14.75,3 years,1
15175.0,7.57,2 years,1
21000.0,14.69,< 1 year,1
7000.0,12.87,,1
12000.0,6.92,3 years,1
3200.0,25.91,10+ years,1
7200.0,39.21,10+ years,1
13200.0,32.56,10+ years,1
20000.0,17.38,,1
18000.0,6.42,2 years,1
18000.0,14.69,6 years,1
7500.0,9.74,3 years,1
15000.0,23.7,10+ years,1
2400.0,11.67,10+ years,1
2000.0,15.61,10+ years,1
10000.0,16.18,10+ years,1
30000.0,22.36,< 1 year,1
25000.0,16.87,10+ years,1
11925.0,28.44,10+ years,1
3000.0,13.38,10+ years,1
13200.0,10.03,1 year,1
5000.0,17.48,10+ years,1
9000.0,22.64,10+ years,1
10000.0,12.39,3 years,1
1000.0,35.72,10+ years,1
12000.0,32.68,10+ years,1
24000.0,22.55,10+ years,1
8500.0,5.88,1 year,1
3500.0,19.03,8 years,1
16100.0,15.96,10+ years,1
10000.0,12.73,< 1 year,1
6000.0,26.06,4 years,1
5000.0,30.53,10+ years,1
18000.0,10.49,10+ years,1
1000.0,31.08,10+ years,1
3850.0,22.59,< 1 year,1
2000.0,4.01,4 years,1
10175.0,20.28,3 years,1
10000.0,21.79,< 1 year,1
20000.0,17.75,5 years,1
35000.0,25.38,10+ years,1
20000.0,13.95,10+ years,1
20000.0,12.63,2 years,1
12250.0,34.1,4 years,1
15000.0,16.91,8 years,1
10000.0,5.27,10+ years,1
3600.0,9.48,7 years,1
5000.0,16.36,10+ years,1
35000.0,26.84,10+ years,1
13000.0,25.89,10+ years,1
4000.0,11.45,5 years,1
22450.0,33.18,10+ years,1
4800.0,10.29,1 year,1
21275.0,32.79,4 years,1
15000.0,15.76,10+ years,1
12000.0,9.44,4 years,1
9650.0,15.18,< 1 year,1
24000.0,15.46,10+ years,1
35000.0,23.09,10+ years,1
25000.0,6.66,10+ years,1
9100.0,12.57,10+ years,1
25000.0,25.97,2 years,1
18000.0,35.0,6 years,1
10800.0,23.62,10+ years,1
9600.0,5.54,2 years,1
3600.0,14.1,3 years,1
12000.0,12.31,10+ years,1
12000.0,19.24,10+ years,1
18000.0,13.88,8 years,1
22925.0,31.04,< 1 year,1
8000.0,4.91,3 years,1
7000.0,29.75,3 years,1
4500.0,22.82,5 years,1
11500.0,39.16,,1
5000.0,24.79,4 years,1
5000.0,25.58,2 years,1
2800.0,6.34,7 years,1
12000.0,14.11,8 years,1
16075.0,13.29,3 years,1
21000.0,14.65,4 years,1
20000.0,12.31,10+ years,1
28000.0,19.6,5 years,1
15000.0,19.5,2 years,1
15000.0,39.87,7 years,1
24000.0,8.91,10+ years,1
35000.0,13.34,4 years,1
17125.0,17.44,4 years,1
30000.0,19.9,9 years,1
8000.0,11.98,2 years,1
5000.0,26.45,3 years,1
9100.0,25.6,5 years,1
1800.0,8.28,10+ years,1
4850.0,6.15,< 1 year,1
24000.0,12.07,10+ years,1
8000.0,15.62,10+ years,1
10000.0,11.69,3 years,1
9600.0,10.48,4 years,1
20000.0,26.93,1 year,1
10000.0,12.15,10+ years,1
6000.0,13.5,10+ years,1
22000.0,7.21,,1
28000.0,10.57,1 year,1
5000.0,14.3,4 years,1
18000.0,18.44,10+ years,1
10000.0,25.73,10+ years,1
11200.0,7.78,< 1 year,1
2150.0,11.74,3 years,1
9000.0,17.29,10+ years,1
12500.0,12.18,10+ years,1
6000.0,15.82,< 1 year,1
20000.0,26.02,6 years,1
21000.0,12.09,10+ years,1
35000.0,13.33,< 1 year,1
30000.0,33.15,10+ years,1
6000.0,23.84,3 years,1
28000.0,17.76,10+ years,1
6000.0,25.04,10+ years,1
15000.0,32.33,10+ years,1
30800.0,33.98,10+ years,1
12000.0,19.13,10+ years,1
2000.0,27.73,6 years,1
4275.0,28.55,1 year,1
6000.0,16.11,2 years,1
18000.0,10.48,1 year,1
25000.0,23.21,10+ years,1
6000.0,19.81,3 years,1
9900.0,21.71,10+ years,1
35000.0,21.72,5 years,1
18250.0,27.52,1 year,1
12000.0,16.19,,1
30000.0,21.38,10+ years,1
21000.0,23.42,4 years,1
1000.0,39.11,10+ years,1
3600.0,27.93,10+ years,1
12000.0,33.1,3 years,1
20000.0,7.1,1 year,1
15000.0,25.25,< 1 year,1
7000.0,19.79,4 years,1
30000.0,19.07,10+ years,1
2000.0,27.61,10+ years,1
13000.0,26.64,10+ years,1
15000.0,7.24,10+ years,1
17000.0,21.02,9 years,1
14000.0,15.22,5 years,1
10500.0,29.55,8 years,1
15000.0,24.61,7 years,1
12600.0,21.58,7 years,1
12000.0,17.73,9 years,1
28000.0,35.91,1 year,1
11750.0,22.16,1 year,1
24000.0,8.32,2 years,1
8300.0,9.46,,1
15000.0,29.6,10+ years,1
8000.0,20.13,5 years,1
24000.0,14.44,4 years,1
35000.0,19.13,10+ years,1
12000.0,22.87,7 years,1
13050.0,22.79,10+ years,1
8400.0,21.79,10+ years,1
9600.0,15.15,8 years,1
10000.0,10.55,4 years,1
1800.0,13.42,1 year,1
15000.0,13.21,5 years,1
6000.0,16.99,1 year,1
10000.0,19.44,< 1 year,1
25000.0,18.47,10+ years,1
8675.0,33.93,,1
14000.0,20.05,2 years,1
16000.0,5.76,10+ years,1
21700.0,24.74,10+ years,1
2800.0,18.6,2 years,1
3600.0,28.08,10+ years,1
20000.0,19.02,10+ years,1
30000.0,18.47,10+ years,1
20000.0,9.71,4 years,1
30000.0,7.96,< 1 year,1
10000.0,14.16,1 year,1
30000.0,20.72,< 1 year,1
3350.0,23.49,,1
12000.0,21.87,< 1 year,1
6000.0,29.05,10+ years,1
19200.0,15.5,< 1 year,1
12000.0,4.9,5 years,1
20000.0,21.6,10+ years,1
13200.0,15.42,1 year,1
35000.0,13.77,4 years,1
14400.0,27.96,< 1 year,1
3000.0,15.73,5 years,1
23200.0,18.84,< 1 year,1
18250.0,24.55,,1
14000.0,16.03,3 years,1
12000.0,29.15,10+ years,1
3000.0,17.24,2 years,1
4000.0,2.17,5 years,1
5000.0,18.52,2 years,1
12425.0,6.62,,1
31325.0,30.13,1 year,1
28000.0,12.67,10+ years,1
2500.0,16.73,10+ years,1
5000.0,6.46,< 1 year,1
1400.0,20.24,10+ years,1
8200.0,0.76,3 years,1
5400.0,26.23,2 years,1
25000.0,14.03,10+ years,1
20000.0,4.94,10+ years,1
25500.0,16.37,7 years,1
13475.0,19.79,10+ years,1
7200.0,13.54,4 years,1
30000.0,15.61,6 years,1
15000.0,24.76,< 1 year,1
21600.0,19.93,5 years,1
15000.0,7.58,3 years,1
11000.0,0.94,10+ years,1
6400.0,27.44,10+ years,1
10000.0,24.67,4 years,1
5725.0,12.67,3 years,1
15600.0,17.59,5 years,1
20000.0,31.23,9 years,1
4550.0,26.08,5 years,1
11000.0,10.78,4 years,1
26825.0,31.61,10+ years,1
8375.0,7.5,10+ years,1
25000.0,22.37,3 years,1
15000.0,21.87,9 years,1
19200.0,17.84,8 years,1
16000.0,26.16,5 years,1
24000.0,16.58,,1
12000.0,7.54,2 years,1
14400.0,12.47,10+ years,1
4325.0,14.79,2 years,1
7500.0,26.76,3 years,1
25000.0,39.3,6 years,1
14000.0,12.52,,1
3525.0,25.63,1 year,1
5400.0,18.17,2 years,1
24000.0,24.75,6 years,1
17000.0,12.29,2 years,1
10000.0,16.28,10+ years,1
35000.0,25.11,10+ years,1
12000.0,12.02,< 1 year,1
21600.0,13.58,4 years,1
4000.0,38.02,1 year,1
18000.0,13.57,7 years,1
20900.0,18.96,2 years,1
20825.0,24.59,10+ years,1
10175.0,28.03,3 years,1
12000.0,22.96,10+ years,1
20000.0,21.09,6 years,1
4000.0,19.59,10+ years,1
15000.0,13.57,10+ years,1
16000.0,15.73,10+ years,1
14000.0,25.38,10+ years,1
4175.0,9.16,4 years,1
5000.0,26.2,8 years,1
20000.0,10.45,,1
30000.0,11.65,10+ years,1
5500.0,21.15,3 years,1
30000.0,16.21,3 years,1
24000.0,14.42,3 years,1
9800.0,14.69,10+ years,1
12000.0,24.61,3 years,1
15000.0,22.77,10+ years,1
24000.0,27.58,6 years,1
10000.0,31.8,< 1 year,1
19800.0,13.12,7 years,1
8000.0,29.2,3 years,1
5600.0,30.98,10+ years,1
20000.0,15.83,3 years,1
10000.0,7.37,6 years,1
3000.0,6.74,< 1 year,1
9525.0,18.39,3 years,1
10000.0,18.69,3 years,1
10000.0,26.02,8 years,1
15500.0,12.63,10+ years,1
3000.0,1.94,10+ years,1
1000.0,3.07,10+ years,1
20000.0,8.39,4 years,1
16275.0,18.72,1 year,1
16000.0,34.41,2 years,1
10000.0,22.83,3 years,1
4000.0,19.07,< 1 year,1
4000.0,15.53,10+ years,1
10650.0,11.41,6 years,1
6950.0,24.13,10+ years,1
8000.0,5.68,7 years,1
8000.0,12.29,7 years,1
8000.0,38.63,8 years,1
7500.0,21.84,1 year,1
22350.0,35.79,9 years,1
10000.0,10.94,7 years,1
6000.0,20.62,< 1 year,1
15000.0,21.19,10+ years,1
4900.0,20.5,3 years,1
13450.0,25.07,8 years,1
5000.0,18.65,< 1 year,1
28000.0,19.34,8 years,1
9600.0,7.19,10+ years,1
14000.0,14.27,3 years,1
30000.0,18.97,10+ years,1
17600.0,39.23,< 1 year,1
5000.0,30.94,5 years,1
35000.0,16.93,9 years,1
5000.0,22.09,< 1 year,1
30000.0,19.87,10+ years,1
31075.0,6.8,6 years,1
15000.0,15.48,7 years,1
24000.0,19.88,8 years,1
24000.0,10.06,6 years,1
6225.0,34.16,10+ years,1
9500.0,9.63,4 years,1
7800.0,12.02,2 years,1
14400.0,28.8,10+ years,1
35000.0,17.64,5 years,1
35000.0,31.27,6 years,1
15350.0,19.83,10+ years,1
12125.0,38.16,,1
12000.0,21.61,10+ years,1
18000.0,31.23,10+ years,1
14100.0,15.97,< 1 year,1
20000.0,13.83,10+ years,1
12000.0,15.75,8 years,1
8000.0,12.67,1 year,1
5525.0,17.58,< 1 year,1
3600.0,13.03,10+ years,1
9600.0,8.76,3 years,1
14225.0,11.33,5 years,1
1500.0,22.4,10+ years,1
24000.0,16.89,10+ years,1
20000.0,19.26,< 1 year,1
24800.0,14.17,5 years,1
35000.0,16.04,10+ years,1
28000.0,11.36,,1
21500.0,30.26,10+ years,1
10000.0,11.44,3 years,1
10400.0,21.46,8 years,1
2800.0,30.92,< 1 year,1
24000.0,22.69,9 years,1
28000.0,8.59,8 years,1
5000.0,8.69,2 years,1
10000.0,21.75,5 years,1
32000.0,14.92,3 years,1
10000.0,12.28,3 years,1
18625.0,7.78,10+ years,1
6000.0,18.8,10+ years,1
15000.0,33.6,10+ years,1
5000.0,24.03,10+ years,1
15000.0,23.15,10+ years,1
15000.0,26.88,10+ years,1
35000.0,20.47,10+ years,1
15000.0,6.27,10+ years,1
3000.0,10.11,,1
18000.0,17.39,10+ years,1
5000.0,3.82,7 years,1
10000.0,11.28,10+ years,1
20000.0,14.31,6 years,1
8000.0,22.32,8 years,1
6000.0,24.52,1 year,1
8000.0,10.44,1 year,1
9000.0,34.95,2 years,1
35000.0,21.9,10+ years,1
21000.0,16.91,9 years,1
6400.0,18.53,5 years,1
12000.0,23.26,10+ years,1
15000.0,24.32,3 years,1
22000.0,22.79,2 years,1
30000.0,28.48,10+ years,1
18000.0,8.59,5 years,1
5500.0,20.06,10+ years,1
10000.0,15.12,10+ years,1
10000.0,29.01,10+ years,1
31500.0,29.82,10+ years,1
20000.0,12.06,10+ years,1
3600.0,34.66,10+ years,1
25000.0,27.03,10+ years,1
24000.0,11.66,10+ years,1
22950.0,10.66,8 years,1
35000.0,13.25,10+ years,1
3600.0,12.92,6 years,1
18000.0,21.39,2 years,1
15000.0,33.86,5 years,1
28000.0,11.12,10+ years,1
3850.0,6.23,4 years,1
35000.0,4.64,9 years,1
9000.0,19.32,10+ years,1
35000.0,26.47,7 years,1
7000.0,18.33,10+ years,1
4500.0,9.65,10+ years,1
8000.0,9.37,5 years,1
20550.0,27.88,2 years,1
9000.0,18.16,10+ years,1
35000.0,17.39,2 years,1
18000.0,18.68,8 years,1
35000.0,18.15,3 years,1
24000.0,23.2,10+ years,1
7000.0,23.19,10+ years,1
4000.0,27.34,10+ years,1
7775.0,13.41,9 years,1
10000.0,31.04,10+ years,1
13350.0,12.74,3 years,1
17500.0,35.12,10+ years,1
9600.0,18.97,< 1 year,1
10000.0,14.61,10+ years,1
5575.0,32.9,,1
7100.0,22.04,2 years,1
9000.0,8.2,9 years,1
7000.0,25.18,6 years,1
10850.0,0.0,10+ years,1
25000.0,26.64,< 1 year,1
20000.0,14.18,10+ years,1
12000.0,14.4,2 years,1
10000.0,25.89,6 years,1
28000.0,37.32,3 years,1
5000.0,16.36,1 year,1
12000.0,11.76,9 years,1
4000.0,24.98,10+ years,1
28000.0,11.51,6 years,1
15000.0,33.13,7 years,1
10000.0,22.92,9 years,1
3000.0,8.16,4 years,1
17000.0,17.21,9 years,1
5200.0,20.21,5 years,1
5400.0,5.74,10+ years,1
8000.0,17.23,1 year,1
10800.0,35.84,3 years,1
8000.0,14.5,9 years,1
4800.0,25.16,10+ years,1
7200.0,12.62,< 1 year,1
2500.0,28.11,8 years,1
15000.0,13.7,4 years,1
9000.0,26.97,4 years,1
15000.0,14.24,2 years,1
14425.0,12.93,10+ years,1
6400.0,21.56,1 year,1
8000.0,26.71,10+ years,1
12000.0,31.37,< 1 year,1
14075.0,18.23,10+ years,1
12000.0,4.26,1 year,1
30000.0,19.87,10+ years,1
14000.0,24.15,1 year,1
26575.0,31.55,10+ years,1
30000.0,21.44,10+ years,1
28000.0,31.83,3 years,1
30000.0,21.73,10+ years,1
18000.0,13.46,1 year,1
28000.0,34.81,10+ years,1
2000.0,18.84,5 years,1
19500.0,10.17,10+ years,1
11875.0,26.96,10+ years,1
25000.0,19.17,10+ years,1
8000.0,34.14,10+ years,1
5000.0,14.66,10+ years,1
25000.0,17.03,< 1 year,1
8000.0,31.81,10+ years,1
17000.0,12.2,9 years,1
5000.0,25.85,10+ years,1
8000.0,19.71,< 1 year,1
9000.0,19.7,10+ years,1
4800.0,20.77,2 years,1
16550.0,21.84,8 years,1
10000.0,15.55,10+ years,1
3200.0,13.6,4 years,1
21825.0,29.35,10+ years,1
28000.0,9.49,1 year,1
11000.0,16.32,4 years,1
7850.0,7.18,1 year,1
7075.0,10.73,1 year,1
8000.0,28.1,< 1 year,1
28500.0,27.11,< 1 year,1
13000.0,7.47,4 years,1
3600.0,12.94,10+ years,1
10000.0,12.94,10+ years,1
8600.0,28.76,10+ years,1
13000.0,21.21,3 years,1
5000.0,27.9,1 year,1
28100.0,14.97,10+ years,1
25000.0,17.11,,1
25000.0,31.8,10+ years,1
15000.0,29.79,10+ years,1
19350.0,33.54,< 1 year,1
10000.0,11.83,4 years,1
24000.0,24.05,,1
5000.0,14.75,6 years,1
24000.0,9.8,2 years,1
9500.0,12.69,10+ years,1
7500.0,17.31,< 1 year,1
14000.0,33.47,< 1 year,1
18000.0,26.01,1 year,1
12000.0,13.82,1 year,1
5000.0,11.7,10+ years,1
16000.0,14.84,1 year,1
13600.0,13.92,4 years,1
12000.0,8.72,10+ years,1
9000.0,11.24,10+ years,1
13000.0,7.83,9 years,1
10000.0,15.83,10+ years,1
16275.0,35.19,10+ years,1
10650.0,31.89,< 1 year,1
15000.0,29.84,10+ years,1
15000.0,18.82,3 years,1
16000.0,23.33,,1
35000.0,25.62,3 years,1
12000.0,13.56,,1
23250.0,19.51,10+ years,1
5000.0,17.25,,1
11450.0,12.35,10+ years,1
15000.0,31.61,2 years,1
6600.0,17.46,6 years,1
10000.0,3.34,8 years,1
12000.0,26.51,10+ years,1
5250.0,17.71,10+ years,1
12000.0,11.33,10+ years,1
16000.0,10.83,6 years,1
3775.0,8.75,10+ years,1
20000.0,15.95,10+ years,1
15000.0,15.3,3 years,1
30000.0,25.57,4 years,1
15000.0,7.03,1 year,1
35000.0,7.19,10+ years,1
14400.0,12.5,7 years,1
16000.0,7.62,10+ years,1
11775.0,20.05,2 years,1
6000.0,26.76,10+ years,1
5000.0,19.99,3 years,1
20000.0,25.15,< 1 year,1
16000.0,15.41,10+ years,1
16000.0,21.72,4 years,1
8000.0,4.74,2 years,1
14000.0,15.74,< 1 year,1
5600.0,19.7,< 1 year,1
2700.0,34.45,2 years,1
16000.0,22.86,10+ years,1
1000.0,10.52,3 years,1
8000.0,9.03,10+ years,1
10000.0,25.06,10+ years,1
5000.0,13.2,2 years,1
17500.0,24.17,10+ years,1
6950.0,15.38,,1
3000.0,25.74,< 1 year,1
12000.0,25.25,10+ years,1
11200.0,25.98,< 1 year,1
10000.0,13.9,10+ years,1
7200.0,26.64,8 years,1
26500.0,25.84,< 1 year,1
7325.0,36.16,10+ years,1
21000.0,7.05,9 years,1
12500.0,14.38,< 1 year,1
8000.0,3.23,1 year,1
13000.0,31.73,10+ years,1
24000.0,26.88,10+ years,1
20000.0,7.37,10+ years,1
2800.0,3.76,3 years,1
12000.0,19.45,10+ years,1
25000.0,10.5,9 years,1
4200.0,8.85,10+ years,1
24000.0,14.91,3 years,1
20000.0,16.65,< 1 year,1
7200.0,27.33,10+ years,1
9000.0,21.51,10+ years,1
23700.0,32.98,4 years,1
7500.0,17.05,10+ years,1
6400.0,24.64,10+ years,1
2000.0,23.11,4 years,1
20000.0,19.32,< 1 year,1
6000.0,15.3,1 year,1
11000.0,16.3,8 years,1
10000.0,15.44,2 years,1
29650.0,29.51,2 years,1
3300.0,10.77,2 years,1
10000.0,7.33,10+ years,1
8000.0,6.05,10+ years,1
19200.0,18.33,< 1 year,1
8000.0,13.95,10+ years,1
4500.0,3.17,< 1 year,1
13500.0,13.27,< 1 year,1
5000.0,16.96,2 years,1
12000.0,10.9,4 years,1
28000.0,24.41,10+ years,1
5000.0,13.2,3 years,1
10000.0,16.85,2 years,1
4000.0,14.43,< 1 year,1
20800.0,8.5,1 year,1
5500.0,12.68,7 years,1
12000.0,18.54,10+ years,1
14500.0,29.41,< 1 year,1
11725.0,19.99,5 years,1
11375.0,13.58,< 1 year,1
23275.0,31.11,3 years,1
20150.0,26.03,10+ years,1
20000.0,21.53,10+ years,1
2400.0,11.73,8 years,1
10000.0,21.14,7 years,1
15000.0,20.05,10+ years,1
21000.0,30.58,3 years,1
18500.0,21.63,10+ years,1
5000.0,7.04,2 years,1
11200.0,6.54,10+ years,1
10000.0,17.89,10+ years,1
5000.0,20.97,< 1 year,1
20000.0,19.37,2 years,1
9600.0,10.16,4 years,1
10100.0,13.64,2 years,1
2000.0,23.43,2 years,1
24000.0,16.42,4 years,1
35000.0,21.45,2 years,1
5000.0,6.62,10+ years,1
23500.0,3.18,< 1 year,1
30000.0,22.73,10+ years,1
28000.0,32.58,9 years,1
28000.0,12.25,< 1 year,1
8000.0,14.52,2 years,1
28000.0,14.58,< 1 year,1
3000.0,12.42,7 years,1
5400.0,29.69,4 years,1
15000.0,12.34,9 years,1
16400.0,27.53,3 years,1
20800.0,21.21,2 years,1
10000.0,29.31,10+ years,1
20000.0,24.89,10+ years,1
15000.0,1.61,2 years,1
6800.0,13.32,2 years,1
8400.0,1.45,10+ years,1
4500.0,4.85,7 years,1
4000.0,12.82,10+ years,1
25000.0,5.43,1 year,1
6000.0,10.47,1 year,1
30000.0,18.53,4 years,1
5000.0,30.57,4 years,1
12000.0,1.89,,1
7200.0,22.98,9 years,1
20000.0,28.89,,1
3000.0,28.53,10+ years,1
16000.0,10.12,10+ years,1
10000.0,31.8,3 years,1
9000.0,24.52,2 years,1
11950.0,4.33,5 years,1
18000.0,27.34,8 years,1
16800.0,24.56,3 years,1
35000.0,3.04,10+ years,1
6125.0,16.6,1 year,1
11400.0,23.64,5 years,1
20000.0,14.56,1 year,1
2000.0,29.46,7 years,1
15000.0,25.06,3 years,1
22400.0,18.07,10+ years,1
24000.0,14.3,10+ years,1
29500.0,20.08,10+ years,1
31000.0,24.11,5 years,1
5000.0,29.18,10+ years,1
11200.0,26.78,10+ years,1
16000.0,30.62,10+ years,1
7000.0,6.64,5 years,1
7400.0,28.41,6 years,1
2000.0,15.17,10+ years,1
12300.0,0.81,< 1 year,1
8500.0,5.4,,1
7300.0,18.29,1 year,1
10075.0,18.88,2 years,1
9600.0,23.35,5 years,1
24000.0,34.77,10+ years,1
5875.0,16.78,9 years,1
13975.0,17.56,1 year,1
14575.0,27.53,10+ years,1
16225.0,28.53,4 years,1
10000.0,22.43,4 years,1
7450.0,17.26,10+ years,1
17000.0,12.58,7 years,1
15000.0,18.28,< 1 year,1
20000.0,24.87,10+ years,1
5000.0,21.3,6 years,1
20000.0,9.89,10+ years,1
5000.0,11.61,3 years,1
8000.0,16.62,2 years,1
12000.0,11.23,10+ years,1
18000.0,14.5,3 years,1
35000.0,21.43,10+ years,1
12000.0,13.27,3 years,1
15000.0,28.43,< 1 year,1
6000.0,25.25,< 1 year,1
12000.0,3.38,10+ years,1
10000.0,17.44,10+ years,1
11175.0,9.3,5 years,1
6400.0,5.1,3 years,1
35000.0,7.13,10+ years,1
27000.0,25.12,1 year,1
6000.0,7.73,< 1 year,1
7500.0,18.8,10+ years,1
30000.0,15.92,8 years,1
16000.0,13.98,1 year,1
9600.0,24.31,10+ years,1
24000.0,37.97,10+ years,1
15000.0,18.24,10+ years,1
8000.0,16.76,7 years,1
34000.0,16.49,10+ years,1
20000.0,24.78,8 years,1
5000.0,16.36,1 year,1
8675.0,27.22,9 years,1
7000.0,27.0,,1
15000.0,9.33,,1
12000.0,19.31,10+ years,1
20000.0,15.49,2 years,1
20000.0,11.76,10+ years,1
4875.0,26.01,10+ years,1
24000.0,23.12,10+ years,1
35000.0,18.2,10+ years,1
14250.0,22.45,5 years,1
30000.0,22.97,7 years,1
28800.0,12.78,10+ years,1
6000.0,36.3,6 years,1
16000.0,23.06,10+ years,1
4850.0,18.37,5 years,1
25000.0,18.12,10+ years,1
13200.0,8.49,10+ years,1
20000.0,7.59,4 years,1
25000.0,16.57,10+ years,1
8000.0,21.57,6 years,1
10000.0,21.24,10+ years,1
14075.0,22.51,10+ years,1
6500.0,29.27,< 1 year,1
5000.0,20.75,10+ years,1
15000.0,13.75,10+ years,1
9150.0,10.62,6 years,1
6000.0,15.2,< 1 year,1
10000.0,13.11,7 years,1
3500.0,29.95,3 years,1
11000.0,26.32,10+ years,1
5000.0,13.34,10+ years,1
6000.0,20.37,10+ years,1
35000.0,6.59,3 years,1
6000.0,11.71,10+ years,1
7500.0,4.5,10+ years,1
18000.0,25.36,10+ years,1
8700.0,2.19,6 years,1
10800.0,32.18,6 years,1
6000.0,25.58,9 years,1
10000.0,28.24,3 years,1
6000.0,5.02,3 years,1
32450.0,30.94,5 years,1
17150.0,27.5,,1
24000.0,32.28,6 years,1
24000.0,11.8,1 year,1
6000.0,21.72,10+ years,1
14150.0,26.9,3 years,1
6000.0,15.87,,1
5750.0,14.32,4 years,1
11000.0,9.35,1 year,1
35000.0,26.21,10+ years,1
17850.0,30.25,< 1 year,1
1000.0,18.57,4 years,1
5600.0,16.41,2 years,1
19500.0,15.17,4 years,1
8000.0,8.2,8 years,1
18800.0,19.28,10+ years,1
10525.0,38.42,5 years,1
6700.0,25.76,,1
6500.0,18.52,< 1 year,1
20000.0,16.42,9 years,1
16000.0,11.57,10+ years,1
25000.0,28.91,10+ years,1
15000.0,27.53,7 years,1
15000.0,16.58,8 years,1
17600.0,16.45,9 years,1
7675.0,31.59,3 years,1
4800.0,20.51,10+ years,1
4000.0,4.58,,1
12000.0,6.38,10+ years,1
30000.0,15.61,9 years,1
20000.0,10.97,9 years,1
11000.0,7.63,10+ years,1
22500.0,16.28,10+ years,1
10000.0,33.77,4 years,1
1000.0,24.95,10+ years,1
8000.0,36.18,3 years,1
5000.0,9.53,10+ years,1
16800.0,20.51,,1
16000.0,21.45,10+ years,1
15500.0,20.34,9 years,1
10000.0,31.17,3 years,1
21000.0,18.02,10+ years,1
10200.0,17.76,2 years,1
18000.0,20.39,2 years,1
28000.0,31.77,10+ years,1
28000.0,23.83,4 years,1
17000.0,24.74,3 years,1
5000.0,26.36,1 year,1
16700.0,19.25,3 years,1
10000.0,15.05,10+ years,1
10000.0,16.95,4 years,1
28000.0,18.53,4 years,1
10000.0,29.93,2 years,1
10000.0,3.67,10+ years,1
20000.0,13.24,10+ years,1
20000.0,6.61,10+ years,1
11000.0,29.64,10+ years,1
25000.0,21.9,10+ years,1
21000.0,14.44,5 years,1
8000.0,36.6,10+ years,1
30000.0,15.14,1 year,1
21275.0,20.19,6 years,1
12000.0,16.44,5 years,1
32000.0,25.63,10+ years,1
15000.0,38.24,10+ years,1
16000.0,7.77,10+ years,1
11300.0,32.41,8 years,1
14075.0,14.4,10+ years,1
12000.0,13.46,3 years,1
3225.0,14.18,< 1 year,1
6500.0,34.58,,1
15000.0,18.11,< 1 year,1
15000.0,22.58,,1
6000.0,33.25,10+ years,1
17250.0,6.54,1 year,1
21000.0,22.44,< 1 year,1
3500.0,1.3,8 years,1
6000.0,38.56,5 years,1
4000.0,11.66,10+ years,1
8000.0,23.52,2 years,1
26900.0,27.57,5 years,1
24000.0,29.26,7 years,1
12000.0,16.25,10+ years,1
10500.0,8.51,2 years,1
10000.0,13.63,1 year,1
18000.0,22.55,10+ years,1
11000.0,11.88,10+ years,1
7000.0,11.59,8 years,1
25000.0,9.28,,1
24000.0,18.43,10+ years,1
3000.0,38.86,< 1 year,1
20000.0,7.0,10+ years,1
15000.0,19.98,5 years,1
5000.0,21.46,,1
1800.0,23.2,2 years,1
10000.0,8.19,10+ years,1
10000.0,10.68,10+ years,1
5000.0,28.8,8 years,1
12000.0,17.99,6 years,1
27000.0,17.75,10+ years,1
20000.0,22.4,6 years,1
25200.0,22.91,,1
17975.0,20.61,,1
15000.0,15.37,6 years,1
16525.0,33.66,3 years,1
10000.0,11.13,8 years,1
30000.0,16.85,10+ years,1
8000.0,23.19,10+ years,1
35000.0,10.97,10+ years,1
3000.0,28.52,4 years,1
10000.0,5.09,4 years,1
20000.0,16.64,9 years,1
14000.0,31.1,6 years,1
12000.0,8.88,1 year,1
15000.0,22.87,< 1 year,1
13200.0,20.92,3 years,1
20000.0,23.47,2 years,1
15000.0,14.28,3 years,1
24000.0,16.84,10+ years,1
2400.0,12.99,8 years,1
26575.0,26.28,1 year,1
17650.0,24.7,5 years,1
8000.0,17.66,2 years,1
10000.0,22.18,10+ years,1
12300.0,24.28,10+ years,1
7025.0,17.71,2 years,1
12050.0,12.88,10+ years,1
8425.0,2.78,< 1 year,1
6000.0,9.66,< 1 year,1
17500.0,24.61,4 years,1
29125.0,25.75,2 years,1
15000.0,23.04,10+ years,1
28000.0,23.26,10+ years,1
30000.0,21.01,< 1 year,1
14400.0,20.06,< 1 year,1
2400.0,32.47,3 years,1
35000.0,19.09,5 years,1
20000.0,30.81,10+ years,1
28000.0,9.38,10+ years,1
15000.0,12.77,,1
6150.0,39.71,< 1 year,1
35000.0,7.53,2 years,1
15000.0,15.09,10+ years,1
35000.0,13.44,< 1 year,1
4000.0,20.94,7 years,1
28800.0,26.56,9 years,1
15000.0,3.4,8 years,1
20000.0,17.54,9 years,1
16000.0,19.14,5 years,1
7200.0,20.72,2 years,1
10000.0,8.51,2 years,1
13875.0,4.01,4 years,1
35000.0,20.66,9 years,1
31525.0,14.65,10+ years,1
16725.0,39.18,8 years,1
18000.0,18.11,3 years,1
19000.0,31.48,3 years,1
5050.0,4.65,2 years,1
4900.0,10.76,< 1 year,1
21000.0,14.99,1 year,1
15000.0,6.96,3 years,1
28000.0,21.03,10+ years,1
6000.0,26.99,9 years,1
12000.0,15.25,4 years,1
13200.0,27.89,3 years,1
6500.0,1.98,10+ years,1
5600.0,23.33,6 years,1
11900.0,4.23,10+ years,1
19425.0,10.19,5 years,1
6000.0,18.99,10+ years,1
24000.0,29.12,8 years,1
8000.0,17.41,6 years,1
12500.0,23.09,,1
4800.0,33.03,< 1 year,1
15000.0,22.71,3 years,1
13000.0,29.2,9 years,1
9600.0,37.81,< 1 year,1
11200.0,15.81,10+ years,1
8000.0,26.56,2 years,1
35000.0,19.61,10+ years,1
11200.0,38.78,4 years,1
24000.0,23.22,10+ years,1
32000.0,20.47,,1
8000.0,17.42,10+ years,1
20000.0,29.54,,1
20000.0,7.51,< 1 year,1
19200.0,18.79,3 years,1
16725.0,34.52,10+ years,1
32325.0,24.56,< 1 year,1
4800.0,6.05,< 1 year,1
22400.0,14.5,9 years,1
18525.0,21.6,3 years,1
32400.0,25.92,10+ years,1
15000.0,8.78,9 years,1
12000.0,23.44,5 years,1
22000.0,25.52,8 years,1
15000.0,3.19,8 years,1
10000.0,7.33,6 years,1
9000.0,16.2,10+ years,1
8400.0,34.06,10+ years,1
17000.0,11.37,10+ years,1
6400.0,10.62,< 1 year,1
12000.0,5.42,5 years,1
5000.0,21.52,10+ years,1
2000.0,28.08,< 1 year,1
6000.0,30.21,10+ years,1
14275.0,29.2,< 1 year,1
6000.0,12.8,9 years,1
9000.0,6.72,,1
10000.0,14.16,10+ years,1
18000.0,11.86,5 years,1
18400.0,22.93,10+ years,1
10000.0,24.1,10+ years,1
7000.0,1.41,5 years,1
4550.0,28.74,4 years,1
20000.0,17.06,2 years,1
8000.0,23.38,10+ years,1
27000.0,21.78,2 years,1
14000.0,21.2,< 1 year,1
21000.0,19.37,10+ years,1
12000.0,28.73,,1
9600.0,14.71,10+ years,1
12000.0,18.5,6 years,1
3000.0,11.86,3 years,1
15000.0,24.68,10+ years,1
25000.0,14.77,10+ years,1
15000.0,10.66,10+ years,1
24200.0,31.52,10+ years,1
5000.0,18.46,9 years,1
14000.0,6.37,6 years,1
10000.0,10.37,3 years,1
24000.0,34.98,9 years,1
9100.0,10.88,10+ years,1
25000.0,9.05,10+ years,1
15000.0,29.77,< 1 year,1
12000.0,32.7,10+ years,1
12000.0,33.08,10+ years,1
9000.0,9.47,< 1 year,1
6500.0,24.61,8 years,1
30000.0,26.23,10+ years,1
9000.0,12.45,1 year,1
20000.0,3.4,1 year,1
4875.0,17.98,2 years,1
9050.0,13.61,2 years,1
18000.0,30.99,< 1 year,1
11050.0,38.36,10+ years,1
20000.0,16.74,,1
13200.0,23.39,2 years,1
7250.0,29.42,,1
18000.0,23.96,10+ years,1
15000.0,1.87,3 years,1
9600.0,18.82,4 years,1
11500.0,11.57,< 1 year,1
2825.0,8.35,10+ years,1
4500.0,28.79,2 years,1
16000.0,26.74,4 years,1
18000.0,19.52,4 years,1
10000.0,10.77,10+ years,1
30000.0,14.76,2 years,1
8400.0,37.08,3 years,1
35000.0,24.71,4 years,1
15000.0,16.69,10+ years,1
6000.0,10.12,10+ years,1
23900.0,12.0,10+ years,1
15200.0,28.13,< 1 year,1
6600.0,24.79,1 year,1
14000.0,8.63,9 years,1
10000.0,28.09,1 year,1
15300.0,12.0,10+ years,1
32000.0,20.75,< 1 year,1
16325.0,19.89,10+ years,1
24000.0,26.97,3 years,1
15000.0,14.31,10+ years,1
21000.0,23.53,10+ years,1
7800.0,14.97,3 years,1
9000.0,13.12,3 years,1
15000.0,34.89,2 years,1
35000.0,29.89,3 years,1
20000.0,8.59,5 years,1
15000.0,15.87,5 years,1
6000.0,15.06,2 years,1
30000.0,8.52,6 years,1
35000.0,8.87,10+ years,1
20000.0,14.06,2 years,1
8000.0,16.93,2 years,1
13000.0,30.7,10+ years,1
5000.0,28.62,4 years,1
3800.0,39.69,3 years,1
10000.0,22.73,10+ years,1
3200.0,32.92,,1
12000.0,27.36,4 years,1
2650.0,28.79,6 years,1
21600.0,33.25,10+ years,1
15000.0,16.85,10+ years,1
6000.0,4.51,10+ years,1
4000.0,14.94,10+ years,1
25000.0,15.2,10+ years,1
35000.0,28.64,1 year,1
35000.0,18.67,10+ years,1
23800.0,17.92,10+ years,1
10900.0,15.98,1 year,1
15000.0,25.04,3 years,1
6400.0,23.24,10+ years,1
4000.0,12.26,5 years,1
2500.0,16.45,10+ years,1
18000.0,31.66,10+ years,1
25000.0,34.56,7 years,1
18000.0,23.25,< 1 year,1
22000.0,30.03,10+ years,1
12650.0,17.8,10+ years,1
9000.0,11.62,,1
24000.0,17.44,10+ years,1
5000.0,17.88,10+ years,1
35000.0,16.45,9 years,1
28000.0,14.35,10+ years,1
2025.0,12.18,10+ years,1
10800.0,13.57,3 years,1
28025.0,17.17,10+ years,1
18850.0,4.25,< 1 year,1
18000.0,5.63,8 years,1
30000.0,22.62,< 1 year,1
20000.0,33.37,5 years,1
24000.0,39.05,10+ years,1
12800.0,23.93,< 1 year,1
18000.0,26.26,9 years,1
7525.0,31.6,3 years,1
23100.0,22.24,10+ years,1
20000.0,20.2,10+ years,1
21125.0,11.35,10+ years,1
3000.0,21.63,10+ years,1
27275.0,14.75,6 years,1
2400.0,28.35,10+ years,1
18000.0,18.41,6 years,1
3500.0,32.53,4 years,1
13000.0,19.2,< 1 year,1
12000.0,33.38,3 years,1
15000.0,13.59,< 1 year,1
1500.0,12.15,10+ years,1
17000.0,24.45,1 year,1
5000.0,9.34,,1
16000.0,29.71,3 years,1
5400.0,24.94,6 years,1
14650.0,26.4,10+ years,1
10525.0,8.11,10+ years,1
4475.0,3.22,1 year,1
16800.0,16.78,3 years,1
16500.0,34.36,10+ years,1
11000.0,11.66,10+ years,1
20000.0,25.44,3 years,1
21000.0,21.88,10+ years,1
20000.0,26.17,10+ years,1
21000.0,14.44,< 1 year,1
15000.0,20.54,10+ years,1
9800.0,13.03,,1
15000.0,20.21,1 year,1
18000.0,11.58,10+ years,1
1600.0,16.42,10+ years,1
20000.0,17.8,10+ years,1
27300.0,23.23,< 1 year,1
10000.0,18.63,5 years,1
35000.0,27.43,10+ years,1
10000.0,11.57,10+ years,1
6025.0,33.6,,1
15000.0,15.76,8 years,1
12000.0,32.34,2 years,1
23000.0,17.31,10+ years,1
6000.0,12.7,2 years,1
1500.0,7.68,6 years,1
8000.0,5.46,6 years,1
15000.0,25.81,3 years,1
25000.0,16.93,2 years,1
2000.0,24.77,< 1 year,1
20000.0,15.43,3 years,1
8400.0,6.42,3 years,1
20000.0,11.32,3 years,1
4250.0,15.59,3 years,1
10000.0,12.96,2 years,1
18000.0,24.29,10+ years,1
10000.0,23.9,2 years,1
5800.0,17.49,4 years,1
16000.0,6.05,7 years,1
10000.0,21.49,4 years,1
12000.0,31.68,4 years,1
20000.0,14.86,10+ years,1
24000.0,12.46,3 years,1
10000.0,30.29,2 years,1
17000.0,18.36,1 year,1
7000.0,18.12,6 years,1
3500.0,33.95,4 years,1
9500.0,25.13,5 years,1
4525.0,15.44,3 years,1
20000.0,23.66,2 years,1
6000.0,15.92,,1
8000.0,25.55,2 years,1
2000.0,29.01,10+ years,1
20000.0,28.84,< 1 year,1
10000.0,23.19,9 years,1
18000.0,19.24,8 years,1
16800.0,33.66,7 years,1
11700.0,33.99,3 years,1
7000.0,34.35,10+ years,1
29000.0,1.83,7 years,1
9600.0,17.07,3 years,1
8600.0,11.84,10+ years,1
35000.0,7.08,10+ years,1
16000.0,12.0,10+ years,1
35000.0,27.35,6 years,1
9425.0,23.15,10+ years,1
10375.0,8.89,10+ years,1
16000.0,10.32,2 years,1
15000.0,12.01,3 years,1
20850.0,34.59,4 years,1
8000.0,8.65,1 year,1
35000.0,16.72,< 1 year,1
4200.0,18.83,10+ years,1
20000.0,21.75,10+ years,1
5000.0,39.83,10+ years,1
20000.0,10.45,5 years,1
34550.0,22.93,10+ years,1
15000.0,28.04,5 years,1
14000.0,6.84,6 years,1
7200.0,14.03,9 years,1
28000.0,21.49,10+ years,1
20000.0,17.6,10+ years,1
22350.0,23.64,10+ years,1
7600.0,18.76,3 years,1
30000.0,12.88,< 1 year,1
2125.0,3.17,1 year,1
11000.0,14.93,3 years,1
25500.0,7.65,10+ years,1
5000.0,27.47,10+ years,1
2400.0,17.02,10+ years,1
15000.0,15.54,3 years,1
7200.0,18.4,2 years,1
12000.0,9.94,6 years,1
28000.0,6.52,3 years,1
14000.0,26.17,10+ years,1
5000.0,25.54,10+ years,1
28000.0,31.0,5 years,1
13250.0,31.63,9 years,1
14825.0,15.89,3 years,1
11400.0,12.21,10+ years,1
20000.0,14.88,1 year,1
3000.0,12.45,< 1 year,1
18000.0,35.09,10+ years,1
30000.0,13.79,2 years,1
8500.0,27.99,10+ years,1
10500.0,18.62,,1
10000.0,19.59,10+ years,1
3000.0,25.9,< 1 year,1
12000.0,11.59,< 1 year,1
7500.0,20.47,10+ years,1
24000.0,21.67,2 years,1
35000.0,15.9,4 years,1
10000.0,24.8,2 years,1
3500.0,9.53,3 years,1
24000.0,16.22,5 years,1
11000.0,10.9,< 1 year,1
5600.0,12.26,,1
27000.0,10.71,5 years,1
15000.0,18.15,< 1 year,1
20000.0,7.42,< 1 year,1
30000.0,20.9,1 year,1
11425.0,25.84,9 years,1
14400.0,2.24,10+ years,1
2000.0,16.73,7 years,1
11200.0,18.23,10+ years,1
12000.0,21.75,10+ years,1
20000.0,9.04,,1
15600.0,20.74,1 year,1
34000.0,19.67,< 1 year,1
12000.0,14.85,10+ years,1
29000.0,27.75,10+ years,1
10000.0,13.01,5 years,1
25000.0,9.05,9 years,1
11500.0,18.99,10+ years,1
5000.0,27.94,< 1 year,1
9100.0,19.31,< 1 year,1
35000.0,16.24,2 years,1
24000.0,21.67,10+ years,1
5500.0,32.29,8 years,1
18000.0,13.69,4 years,1
6000.0,10.29,3 years,1
8000.0,12.75,1 year,1
4650.0,26.82,4 years,1
20000.0,31.78,,1
2000.0,3.32,2 years,1
15000.0,0.62,10+ years,1
3000.0,32.87,2 years,1
1000.0,34.32,7 years,1
24900.0,22.59,10+ years,1
15250.0,10.37,10+ years,1
6025.0,27.14,10+ years,1
15000.0,37.42,9 years,1
20000.0,30.32,4 years,1
12000.0,28.36,9 years,1
14000.0,20.65,10+ years,1
6000.0,11.83,10+ years,1
20400.0,11.85,3 years,1
2000.0,33.0,9 years,1
8000.0,15.71,3 years,1
10000.0,19.22,2 years,1
13650.0,19.51,9 years,1
2500.0,19.11,10+ years,1
5600.0,15.64,4 years,1
10000.0,4.62,,1
10250.0,29.03,,1
8000.0,24.14,8 years,1
12000.0,19.33,10+ years,1
1400.0,10.11,10+ years,1
17125.0,20.54,5 years,1
1000.0,11.75,< 1 year,1
7000.0,26.26,3 years,1
16000.0,15.29,8 years,1
10000.0,22.12,< 1 year,1
30000.0,29.41,10+ years,1
18000.0,6.47,10+ years,1
5000.0,25.37,5 years,1
2400.0,22.8,4 years,1
9000.0,30.68,9 years,1
21000.0,15.1,1 year,1
8000.0,8.87,3 years,1
9550.0,36.04,,1
14400.0,30.24,10+ years,1
15000.0,33.81,7 years,1
7000.0,5.66,8 years,1
35000.0,17.73,3 years,1
35000.0,22.97,1 year,1
20250.0,32.48,5 years,1
21000.0,10.05,,1
18000.0,24.02,10+ years,1
7000.0,15.56,10+ years,1
10000.0,29.16,,1
35000.0,24.78,10+ years,1
10000.0,11.95,3 years,1
10000.0,12.29,10+ years,1
12000.0,3.97,10+ years,1
5600.0,7.59,5 years,1
6000.0,10.24,8 years,1
6000.0,20.18,4 years,1
1800.0,37.52,8 years,1
10500.0,29.83,4 years,1
5450.0,20.92,1 year,1
15000.0,14.07,3 years,1
8000.0,10.16,6 years,1
25000.0,27.39,,1
30000.0,19.29,1 year,1
25000.0,23.61,10+ years,1
10000.0,6.71,4 years,1
28000.0,16.82,10+ years,1
5600.0,13.3,1 year,1
18000.0,25.75,10+ years,1
17000.0,32.42,2 years,1
15000.0,23.72,10+ years,1
14000.0,10.44,10+ years,1
10500.0,11.45,1 year,1
20800.0,23.7,7 years,1
10000.0,4.81,4 years,1
10000.0,13.0,< 1 year,1
6000.0,26.4,6 years,1
3600.0,11.67,10+ years,1
15000.0,23.6,10+ years,1
8000.0,9.7,10+ years,1
21000.0,22.6,7 years,1
15500.0,25.54,4 years,1
25000.0,12.89,6 years,1
4200.0,5.91,3 years,1
25000.0,29.93,10+ years,1
1975.0,26.35,3 years,1
8875.0,15.24,2 years,1
25625.0,25.39,2 years,1
15000.0,3.21,4 years,1
12000.0,12.67,< 1 year,1
19300.0,13.27,1 year,1
2800.0,8.66,10+ years,1
18000.0,16.19,10+ years,1
9000.0,32.6,7 years,1
21600.0,19.34,3 years,1
20525.0,27.99,5 years,1
5000.0,16.17,8 years,1
5600.0,20.43,8 years,1
35000.0,2.78,10+ years,1
15000.0,20.88,8 years,1
10000.0,13.49,2 years,1
8000.0,14.9,5 years,1
3500.0,19.69,10+ years,1
9800.0,12.81,10+ years,1
10000.0,28.69,9 years,1
6000.0,28.2,1 year,1
10000.0,1.83,10+ years,1
16075.0,38.25,2 years,1
8000.0,14.18,6 years,1
26400.0,8.55,3 years,1
15000.0,26.88,4 years,1
25000.0,4.64,1 year,1
20000.0,15.2,10+ years,1
15000.0,30.85,10+ years,1
21900.0,20.22,8 years,1
7000.0,7.61,1 year,1
18000.0,6.72,4 years,1
24000.0,13.46,< 1 year,1
4000.0,19.06,2 years,1
9400.0,20.7,7 years,1
5050.0,31.36,10+ years,1
18750.0,23.06,3 years,1
14400.0,20.86,1 year,1
9000.0,21.6,1 year,1
12000.0,5.5,1 year,1
2000.0,29.26,10+ years,1
18000.0,34.07,9 years,1
24000.0,27.56,< 1 year,1
18000.0,19.46,5 years,1
5600.0,29.42,5 years,1
16000.0,16.16,10+ years,1
15000.0,4.33,3 years,1
28000.0,14.94,8 years,1
24000.0,24.2,4 years,1
15000.0,29.07,,1
7200.0,13.24,10+ years,1
15000.0,12.91,10+ years,1
12000.0,31.83,4 years,1
20000.0,21.21,5 years,1
1500.0,29.0,10+ years,1
10000.0,18.34,,1
9600.0,5.4,< 1 year,1
25000.0,11.29,10+ years,1
15000.0,17.47,10+ years,1
33300.0,21.69,10+ years,1
7200.0,10.57,1 year,1
15000.0,31.67,6 years,1
14000.0,9.46,8 years,1
17000.0,21.98,3 years,1
15000.0,19.68,3 years,1
18000.0,29.03,8 years,1
4400.0,18.79,4 years,1
24000.0,12.66,10+ years,1
7000.0,17.43,5 years,1
15000.0,17.14,4 years,1
20000.0,24.26,2 years,1
15000.0,17.98,4 years,1
35000.0,25.27,3 years,1
10000.0,21.62,3 years,1
12000.0,5.75,8 years,1
2925.0,6.6,2 years,1
3275.0,25.46,,1
33600.0,28.85,7 years,1
17000.0,33.95,8 years,1
8975.0,21.53,3 years,1
20000.0,13.49,7 years,1
11000.0,23.88,3 years,1
15000.0,10.74,2 years,1
20000.0,17.48,10+ years,1
30000.0,24.64,10+ years,1
26075.0,27.59,10+ years,1
3000.0,24.76,6 years,1
15000.0,6.43,1 year,1
5475.0,29.71,10+ years,1
22075.0,26.83,1 year,1
20000.0,5.54,,1
22000.0,15.34,6 years,1
15000.0,16.12,< 1 year,1
20000.0,18.09,7 years,1
35000.0,13.3,10+ years,1
28000.0,15.2,3 years,1
6000.0,6.29,3 years,1
5000.0,9.8,2 years,1
15000.0,31.17,,1
4800.0,21.45,10+ years,1
15000.0,28.32,3 years,1
5000.0,18.23,10+ years,1
25000.0,29.35,5 years,1
7750.0,29.02,10+ years,1
21000.0,24.85,2 years,1
28000.0,11.29,10+ years,1
28000.0,5.77,10+ years,1
25000.0,11.82,4 years,1
3500.0,22.82,10+ years,1
10000.0,25.12,1 year,1
25000.0,28.65,2 years,1
25300.0,25.35,7 years,1
10000.0,20.28,6 years,1
35000.0,35.02,< 1 year,1
18000.0,9.55,< 1 year,1
6000.0,12.4,,1
28000.0,8.69,10+ years,1
17300.0,22.2,3 years,1
23825.0,29.66,10+ years,1
29050.0,10.9,9 years,1
10200.0,21.44,1 year,1
5000.0,17.41,10+ years,1
32000.0,12.8,10+ years,1
9000.0,10.93,8 years,1
2000.0,21.08,5 years,1
7200.0,23.33,10+ years,1
5000.0,14.4,3 years,1
15550.0,20.19,5 years,1
16000.0,18.62,8 years,1
10000.0,15.74,10+ years,1
10000.0,12.33,7 years,1
11850.0,4.8,3 years,1
8400.0,10.51,10+ years,1
2000.0,5.67,10+ years,1
7200.0,33.56,4 years,1
7000.0,33.02,10+ years,1
4350.0,24.03,10+ years,1
9650.0,28.52,10+ years,1
35000.0,24.06,1 year,1
18025.0,38.29,4 years,1
10000.0,3.75,1 year,1
11000.0,15.43,< 1 year,1
20000.0,10.17,10+ years,1
7000.0,32.12,4 years,1
30000.0,8.54,2 years,1
28000.0,4.07,< 1 year,1
15000.0,6.81,< 1 year,1
17550.0,33.78,,1
8750.0,29.81,10+ years,1
21000.0,15.79,6 years,1
6000.0,16.42,2 years,1
6700.0,24.31,10+ years,1
21000.0,24.36,3 years,1
15000.0,28.88,5 years,1
8450.0,30.32,4 years,1
12000.0,11.77,10+ years,1
24000.0,3.49,4 years,1
21000.0,38.98,10+ years,1
10000.0,13.97,10+ years,1
15000.0,28.29,4 years,1
35000.0,21.05,8 years,1
8400.0,29.04,7 years,1
11800.0,23.67,3 years,1
24000.0,13.2,2 years,1
5500.0,38.0,10+ years,1
35000.0,25.62,10+ years,1
5000.0,24.55,9 years,1
24000.0,9.96,10+ years,1
15000.0,5.93,10+ years,1
28000.0,23.15,10+ years,1
10000.0,23.29,2 years,1
11000.0,9.27,1 year,1
5000.0,1.41,< 1 year,1
10000.0,26.76,10+ years,1
12000.0,14.9,< 1 year,1
35000.0,33.52,10+ years,1
2400.0,22.3,10+ years,1
10000.0,19.25,1 year,1
30000.0,30.78,1 year,1
14000.0,31.11,3 years,1
8000.0,19.88,8 years,1
18000.0,20.7,10+ years,1
13500.0,11.8,4 years,1
21000.0,28.36,10+ years,1
13000.0,11.21,10+ years,1
16800.0,26.23,10+ years,1
5000.0,30.15,5 years,1
8000.0,34.98,5 years,1
24800.0,37.29,1 year,1
30000.0,12.39,2 years,1
18000.0,6.5,4 years,1
30000.0,9.73,6 years,1
25000.0,21.0,5 years,1
10000.0,29.28,5 years,1
24000.0,8.65,8 years,1
2325.0,13.55,10+ years,1
15000.0,30.99,< 1 year,1
4800.0,17.85,8 years,1
8400.0,16.06,6 years,1
27000.0,25.86,10+ years,1
10900.0,36.71,2 years,1
10000.0,26.07,< 1 year,1
16000.0,12.95,10+ years,1
15000.0,13.47,10+ years,1
10000.0,30.63,8 years,1
23000.0,29.5,< 1 year,1
21125.0,1.55,3 years,1
20000.0,17.79,5 years,1
10250.0,29.15,10+ years,1
15450.0,27.43,2 years,1
19200.0,13.49,1 year,1
15200.0,10.83,10+ years,1
28625.0,22.86,,1
8400.0,17.4,3 years,1
13000.0,13.68,9 years,1
26000.0,12.1,10+ years,1
11000.0,15.41,6 years,1
13150.0,16.26,9 years,1
12000.0,17.72,2 years,1
8000.0,17.18,10+ years,1
5000.0,18.93,1 year,1
20000.0,15.35,< 1 year,1
18700.0,9.89,6 years,1
8000.0,22.14,10+ years,1
30000.0,33.15,5 years,1
10000.0,22.62,9 years,1
27000.0,11.28,10+ years,1
18175.0,15.6,,1
1050.0,25.43,9 years,1
12000.0,3.06,1 year,1
18500.0,24.27,6 years,1
7000.0,7.28,10+ years,1
15200.0,19.4,10+ years,1
4500.0,30.36,2 years,1
7200.0,14.57,3 years,1
7200.0,25.43,6 years,1
7375.0,16.08,2 years,1
4000.0,18.99,8 years,1
6000.0,23.06,10+ years,1
6000.0,13.82,10+ years,1
20525.0,23.16,5 years,1
8000.0,32.73,5 years,1
5925.0,17.9,10+ years,1
3600.0,12.55,10+ years,1
20000.0,27.57,< 1 year,1
12000.0,17.31,10+ years,1
12000.0,9.79,10+ years,1
16000.0,25.22,3 years,1
8675.0,26.49,1 year,1
12000.0,18.99,2 years,1
10725.0,32.33,2 years,1
30000.0,22.22,< 1 year,1
5000.0,10.45,10+ years,1
16000.0,31.84,4 years,1
6000.0,27.88,4 years,1
12000.0,13.37,10+ years,1
15000.0,31.23,2 years,1
35000.0,29.19,3 years,1
10825.0,15.9,10+ years,1
3500.0,7.92,5 years,1
5000.0,3.89,5 years,1
5600.0,14.78,3 years,1
25000.0,38.69,10+ years,1
15000.0,0.25,7 years,1
25000.0,23.17,10+ years,1
15000.0,22.51,< 1 year,1
15000.0,6.97,5 years,1
24000.0,19.67,6 years,1
9450.0,36.85,10+ years,1
15000.0,34.23,10+ years,1
10000.0,18.01,10+ years,1
12000.0,9.92,10+ years,1
35000.0,23.34,< 1 year,1
7200.0,37.97,5 years,1
18000.0,29.81,8 years,1
5175.0,21.16,< 1 year,1
15000.0,12.04,10+ years,1
14400.0,18.7,2 years,1
24150.0,22.6,6 years,1
12000.0,10.18,10+ years,1
15000.0,10.79,10+ years,1
15000.0,27.43,7 years,1
28000.0,13.52,10+ years,1
25000.0,7.39,6 years,1
10000.0,9.83,10+ years,1
7350.0,31.17,10+ years,1
14000.0,7.86,< 1 year,1
9000.0,24.83,9 years,1
35000.0,18.93,10+ years,1
17500.0,23.0,6 years,1
15000.0,19.44,6 years,1
10000.0,26.93,7 years,1
18450.0,22.07,8 years,1
12000.0,24.37,< 1 year,1
5000.0,14.3,10+ years,1
28800.0,10.57,,1
32000.0,10.26,2 years,1
13500.0,35.95,5 years,1
12000.0,4.6,1 year,1
10800.0,8.58,3 years,1
6000.0,19.22,10+ years,1
8000.0,24.73,10+ years,1
35000.0,38.07,10+ years,1
15000.0,16.48,10+ years,1
8000.0,28.96,10+ years,1
35000.0,31.82,9 years,1
30000.0,17.12,5 years,1
6000.0,28.49,5 years,1
1000.0,9.84,10+ years,1
28000.0,14.64,6 years,1
22000.0,21.22,< 1 year,1
16800.0,23.85,6 years,1
11475.0,36.98,10+ years,1
15675.0,29.48,2 years,1
18450.0,27.66,< 1 year,1
25200.0,16.31,< 1 year,1
7200.0,28.05,6 years,1
10500.0,21.49,< 1 year,1
35000.0,15.26,5 years,1
15000.0,26.79,6 years,1
32000.0,13.84,10+ years,1
35000.0,11.27,2 years,1
2975.0,6.9,< 1 year,1
6000.0,11.2,6 years,1
16450.0,28.39,10+ years,1
30600.0,39.98,5 years,1
35000.0,18.49,7 years,1
15000.0,21.52,2 years,1
35000.0,18.33,< 1 year,1
18000.0,12.62,9 years,1
20000.0,28.5,10+ years,1
10000.0,12.03,8 years,1
10700.0,28.03,< 1 year,1
28000.0,13.82,2 years,1
35000.0,27.29,3 years,1
10000.0,9.02,10+ years,1
10000.0,15.66,10+ years,1
25000.0,8.85,,1
21000.0,22.95,2 years,1
23825.0,20.54,,1
12000.0,20.16,,1
13650.0,28.04,10+ years,1
2000.0,29.35,< 1 year,1
13300.0,15.8,,1
15000.0,31.44,8 years,1
12000.0,31.43,10+ years,1
11000.0,21.64,1 year,1
21000.0,24.17,10+ years,1
10800.0,13.48,3 years,1
3900.0,20.31,2 years,1
10000.0,8.2,2 years,1
15000.0,21.24,8 years,1
20000.0,34.54,10+ years,1
24000.0,19.13,7 years,1
15000.0,26.04,< 1 year,1
3200.0,24.69,5 years,1
12000.0,21.49,2 years,1
12800.0,9.28,1 year,1
9000.0,19.91,10+ years,1
25600.0,12.39,< 1 year,1
9800.0,4.08,10+ years,1
5600.0,19.95,1 year,1
23700.0,33.64,3 years,1
32750.0,25.43,4 years,1
5000.0,27.07,7 years,1
18000.0,12.2,5 years,1
15000.0,18.95,1 year,1
27000.0,21.4,2 years,1
11500.0,23.4,8 years,1
20250.0,20.56,< 1 year,1
8000.0,11.83,3 years,1
35000.0,16.97,10+ years,1
10125.0,25.43,10+ years,1
5575.0,27.89,1 year,1
4800.0,6.0,< 1 year,1
18000.0,18.4,1 year,1
19575.0,34.95,4 years,1
26000.0,28.14,3 years,1
11525.0,16.68,1 year,1
20000.0,22.85,5 years,1
1200.0,19.41,4 years,1
4175.0,15.19,,1
16000.0,18.95,10+ years,1
2750.0,24.65,10+ years,1
10000.0,19.08,10+ years,1
2400.0,25.92,8 years,1
12000.0,14.76,10+ years,1
4800.0,19.79,3 years,1
20000.0,24.89,< 1 year,1
7200.0,11.55,< 1 year,1
10000.0,18.14,10+ years,1
11000.0,14.45,1 year,1
23250.0,17.28,3 years,1
12000.0,25.68,10+ years,1
5600.0,11.94,2 years,1
7000.0,36.2,1 year,1
12000.0,12.2,8 years,1
20000.0,6.39,10+ years,1
15000.0,16.17,9 years,1
20550.0,29.21,6 years,1
10000.0,25.27,10+ years,1
5000.0,21.62,3 years,1
6400.0,17.29,10+ years,1
35000.0,17.04,10+ years,1
17500.0,18.96,< 1 year,1
13000.0,12.5,5 years,1
19625.0,18.9,5 years,1
12050.0,29.6,10+ years,1
24000.0,16.23,< 1 year,1
19300.0,17.11,,1
21200.0,25.26,7 years,1
13000.0,21.45,7 years,1
25000.0,21.96,7 years,1
19800.0,22.56,7 years,1
22000.0,13.6,10+ years,1
9600.0,31.52,< 1 year,1
12000.0,12.77,5 years,1
14400.0,17.29,10+ years,1
5900.0,11.71,10+ years,1
10925.0,17.44,8 years,1
10000.0,6.58,8 years,1
8400.0,34.4,9 years,1
25000.0,6.92,8 years,1
1400.0,38.71,10+ years,1
6000.0,13.61,10+ years,1
9450.0,36.76,< 1 year,1
3000.0,14.4,10+ years,1
20000.0,16.91,10+ years,1
1000.0,6.1,10+ years,1
10000.0,10.88,10+ years,1
7800.0,26.71,2 years,1
15000.0,27.15,10+ years,1
16000.0,17.19,3 years,1
16000.0,15.24,5 years,1
5600.0,25.24,1 year,1
25600.0,33.27,10+ years,1
21000.0,18.72,2 years,1
24000.0,20.62,1 year,1
13750.0,13.87,10+ years,1
6000.0,7.23,8 years,1
10000.0,9.8,4 years,1
20000.0,9.81,2 years,1
18000.0,17.03,10+ years,1
11825.0,21.4,8 years,1
18225.0,20.91,3 years,1
9275.0,14.34,< 1 year,1
7000.0,1.54,,1
20000.0,28.6,4 years,1
6000.0,39.84,< 1 year,1
12000.0,15.07,1 year,1
19200.0,16.38,10+ years,1
32625.0,16.63,< 1 year,1
28000.0,10.15,8 years,1
35000.0,11.89,10+ years,1
7275.0,23.27,8 years,1
10000.0,8.91,9 years,1
25000.0,11.41,2 years,1
5000.0,4.38,10+ years,1
20000.0,34.56,6 years,1
35000.0,13.68,2 years,1
2500.0,8.56,10+ years,1
5725.0,22.96,,1
12000.0,36.66,10+ years,1
14150.0,9.28,10+ years,1
22500.0,24.22,9 years,1
20000.0,14.34,10+ years,1
10000.0,23.64,1 year,1
5000.0,25.46,10+ years,1
10000.0,17.85,7 years,1
5000.0,39.37,6 years,1
6000.0,16.99,5 years,1
15000.0,28.2,,1
28000.0,28.01,3 years,1
8525.0,30.44,4 years,1
20000.0,31.88,3 years,1
9000.0,12.39,10+ years,1
20000.0,36.12,10+ years,1
12000.0,28.56,4 years,1
4425.0,24.74,10+ years,1
8000.0,19.36,< 1 year,1
16000.0,23.89,2 years,1
26600.0,51.2,9 years,1
9600.0,13.84,4 years,1
10800.0,10.57,3 years,1
5500.0,23.02,9 years,1
7200.0,8.4,4 years,1
21000.0,26.76,3 years,1
22450.0,27.88,8 years,1
3000.0,22.01,2 years,1
17750.0,28.12,5 years,1
14075.0,26.27,,1
11200.0,8.44,,1
11675.0,33.29,10+ years,1
16050.0,28.36,< 1 year,1
6000.0,8.95,8 years,1
7025.0,20.65,10+ years,1
15000.0,5.41,4 years,1
30000.0,23.74,10+ years,1
9200.0,23.16,3 years,1
15000.0,11.29,,1
10000.0,31.89,,1
10000.0,35.56,10+ years,1
15000.0,2.01,10+ years,1
30375.0,19.82,7 years,1
18000.0,10.05,10+ years,1
10000.0,12.32,9 years,1
35000.0,15.66,3 years,1
21000.0,23.94,5 years,1
5000.0,20.36,,1
21000.0,36.24,< 1 year,1
7000.0,18.04,2 years,1
20000.0,26.98,10+ years,1
28000.0,21.82,10+ years,1
3600.0,11.46,10+ years,1
13925.0,21.77,10+ years,1
20000.0,14.71,< 1 year,1
24925.0,25.85,10+ years,1
30225.0,21.56,10+ years,1
9600.0,15.88,10+ years,1
12000.0,14.53,6 years,1
30000.0,28.06,1 year,1
10000.0,23.71,5 years,1
8000.0,8.37,2 years,1
5400.0,28.83,3 years,1
21000.0,20.74,3 years,1
4800.0,6.91,8 years,1
10000.0,28.27,10+ years,1
13700.0,21.13,,1
15000.0,27.75,8 years,1
12000.0,15.85,,1
8500.0,14.61,< 1 year,1
15000.0,10.91,4 years,1
35000.0,15.71,10+ years,1
8000.0,7.48,3 years,1
18000.0,37.49,8 years,1
11425.0,15.8,2 years,1
10000.0,21.04,< 1 year,1
20000.0,2.11,2 years,1
12000.0,25.05,,1
23450.0,30.92,10+ years,1
4500.0,8.35,< 1 year,1
19525.0,20.42,,1
28000.0,17.67,6 years,1
24000.0,11.36,1 year,1
35000.0,18.08,8 years,1
19000.0,31.72,10+ years,1
16800.0,13.8,9 years,1
10000.0,26.19,10+ years,1
12000.0,23.1,8 years,1
28000.0,15.89,10+ years,1
8000.0,8.78,8 years,1
11000.0,16.59,3 years,1
25000.0,15.91,< 1 year,1
8000.0,38.42,4 years,1
8000.0,38.65,5 years,1
11500.0,38.45,3 years,1
18025.0,24.95,< 1 year,1
9400.0,14.77,10+ years,1
9000.0,11.82,10+ years,1
18000.0,38.45,10+ years,1
7700.0,12.02,5 years,1
5000.0,16.47,2 years,1
15000.0,14.97,8 years,1
8000.0,2.55,7 years,1
8000.0,9.23,10+ years,1
10000.0,9.62,1 year,1
10000.0,5.27,10+ years,1
15000.0,32.05,10+ years,1
16000.0,9.96,5 years,1
19200.0,25.47,5 years,1
12000.0,29.8,2 years,1
15000.0,18.44,8 years,1
6000.0,6.55,10+ years,1
20000.0,20.09,10+ years,1
10400.0,11.35,2 years,1
15000.0,6.17,4 years,1
15000.0,10.11,2 years,1
25000.0,22.15,3 years,1
2950.0,20.47,10+ years,1
12500.0,12.9,5 years,1
12000.0,18.95,2 years,1
35000.0,15.49,4 years,1
8800.0,12.43,8 years,1
24000.0,27.15,10+ years,1
15000.0,15.86,10+ years,1
12000.0,7.37,5 years,1
24000.0,12.54,10+ years,1
7000.0,21.67,< 1 year,1
12000.0,5.71,,1
10100.0,9.47,10+ years,1
6500.0,33.99,< 1 year,1
10000.0,19.23,4 years,1
15300.0,27.44,2 years,1
20000.0,24.31,10+ years,1
15000.0,24.1,2 years,1
14225.0,24.24,< 1 year,1
11000.0,18.88,10+ years,1
18000.0,8.48,1 year,1
12000.0,10.36,5 years,1
6775.0,2.49,10+ years,1
33500.0,25.96,5 years,1
12000.0,13.93,< 1 year,1
15000.0,16.92,6 years,1
10000.0,4.69,10+ years,1
28000.0,13.66,10+ years,1
1500.0,24.33,10+ years,1
11825.0,28.87,4 years,1
2000.0,38.33,< 1 year,1
10000.0,38.86,10+ years,1
16700.0,19.66,< 1 year,1
10000.0,13.01,7 years,1
12000.0,18.03,6 years,1
5000.0,22.96,10+ years,1
5000.0,15.5,10+ years,1
12000.0,24.94,10+ years,1
8000.0,13.0,10+ years,1
14400.0,9.17,10+ years,1
10000.0,16.43,< 1 year,1
15000.0,10.32,10+ years,1
20000.0,12.38,10+ years,1
30000.0,25.38,10+ years,1
25000.0,16.79,8 years,1
25000.0,10.19,7 years,1
12000.0,19.0,10+ years,1
12000.0,6.65,9 years,1
15000.0,28.43,10+ years,1
20000.0,21.62,2 years,1
8400.0,10.88,10+ years,1
6000.0,18.15,1 year,1
20000.0,1.14,6 years,1
8000.0,19.7,3 years,1
19675.0,17.77,3 years,1
15200.0,16.07,5 years,1
22000.0,17.59,< 1 year,1
12000.0,33.48,5 years,1
12000.0,28.18,10+ years,1
15600.0,18.76,< 1 year,1
10000.0,21.31,3 years,1
15000.0,18.48,10+ years,1
21675.0,23.23,10+ years,1
10000.0,9.33,2 years,1
24000.0,16.97,3 years,1
13600.0,11.44,6 years,1
2400.0,7.46,< 1 year,1
15000.0,4.32,10+ years,1
3425.0,21.57,,1
5000.0,12.24,5 years,1
3500.0,6.0,< 1 year,1
15000.0,31.76,1 year,1
15000.0,17.28,,1
18000.0,19.46,2 years,1
12875.0,19.66,2 years,1
22000.0,6.82,10+ years,1
16000.0,35.3,4 years,1
24000.0,23.81,10+ years,1
5500.0,16.32,< 1 year,1
20000.0,13.01,3 years,1
5000.0,8.62,2 years,1
24000.0,4.37,2 years,1
32000.0,6.36,10+ years,1
12000.0,4.82,10+ years,1
3400.0,15.09,10+ years,1
20000.0,11.28,7 years,1
12000.0,24.57,10+ years,1
16500.0,15.54,< 1 year,1
14000.0,31.13,4 years,1
22000.0,12.08,7 years,1
13800.0,19.49,10+ years,1
6000.0,10.59,7 years,1
12500.0,13.71,10+ years,1
15000.0,2.08,10+ years,1
12000.0,18.09,1 year,1
8000.0,7.39,10+ years,1
9425.0,27.52,2 years,1
20000.0,20.54,10+ years,1
24000.0,5.14,4 years,1
23050.0,33.78,3 years,1
15000.0,14.56,5 years,1
9000.0,26.0,5 years,1
15000.0,30.98,,1
10000.0,36.21,8 years,1
7200.0,18.5,< 1 year,1
7200.0,17.08,4 years,1
8000.0,15.19,8 years,1
21000.0,19.89,10+ years,1
6000.0,24.34,10+ years,1
20000.0,12.87,10+ years,1
24000.0,27.06,10+ years,1
18675.0,26.74,7 years,1
24000.0,23.43,10+ years,1
2500.0,26.55,2 years,1
15000.0,13.76,2 years,1
24000.0,7.87,10+ years,1
16800.0,10.58,4 years,1
16225.0,17.94,3 years,1
31200.0,8.34,4 years,1
10000.0,11.08,10+ years,1
24000.0,27.58,10+ years,1
35000.0,31.65,10+ years,1
35000.0,21.79,< 1 year,1
16400.0,11.84,10+ years,1
20000.0,30.27,10+ years,1
30000.0,18.91,2 years,1
24000.0,18.4,4 years,1
6000.0,4.38,2 years,1
15600.0,19.33,10+ years,1
4000.0,4.79,9 years,1
8000.0,20.18,< 1 year,1
24000.0,18.6,1 year,1
22025.0,18.56,< 1 year,1
10000.0,22.17,10+ years,1
14000.0,20.73,2 years,1
17500.0,23.9,,1
6500.0,3.97,10+ years,1
5000.0,24.26,2 years,1
10000.0,27.65,8 years,1
9000.0,17.72,10+ years,1
5500.0,17.11,9 years,1
9000.0,23.11,< 1 year,1
3500.0,14.57,7 years,1
12000.0,13.58,< 1 year,1
25000.0,17.91,2 years,1
35000.0,24.98,10+ years,1
6275.0,2.78,< 1 year,1
28000.0,2.49,7 years,1
20000.0,20.78,8 years,1
5000.0,23.01,8 years,1
8325.0,27.69,6 years,1
17000.0,30.46,4 years,1
16000.0,15.3,8 years,1
8950.0,8.06,10+ years,1
11200.0,18.94,4 years,1
14400.0,7.59,5 years,1
10000.0,27.44,10+ years,1
8800.0,15.92,3 years,1
20000.0,13.2,10+ years,1
12975.0,27.8,2 years,1
10800.0,7.89,2 years,1
10000.0,33.39,7 years,1
30000.0,17.27,< 1 year,1
4500.0,27.45,3 years,1
6475.0,12.26,10+ years,1
9475.0,19.49,5 years,1
6000.0,10.28,6 years,1
8000.0,27.94,10+ years,1
28000.0,18.63,10+ years,1
6525.0,27.02,,1
6000.0,16.74,6 years,1
12000.0,21.78,8 years,1
4000.0,14.01,10+ years,1
28000.0,32.71,10+ years,1
20000.0,33.48,2 years,1
4000.0,6.45,10+ years,1
28000.0,36.36,5 years,1
8000.0,24.5,,1
16000.0,26.76,10+ years,1
20000.0,17.08,10+ years,1
30400.0,13.27,10+ years,1
15000.0,22.14,2 years,1
12000.0,7.4,5 years,1
15000.0,11.11,8 years,1
30000.0,22.57,< 1 year,1
21000.0,13.72,10+ years,1
16000.0,27.15,10+ years,1
24000.0,23.91,4 years,1
12000.0,14.58,< 1 year,1
6475.0,32.12,10+ years,1
20000.0,9.6,3 years,1
14400.0,17.03,10+ years,1
15000.0,15.22,1 year,1
24500.0,7.98,4 years,1
8000.0,13.15,2 years,1
1675.0,7.63,2 years,1
11675.0,18.1,4 years,1
8000.0,12.56,6 years,1
18000.0,14.24,10+ years,1
15000.0,6.64,10+ years,1
12000.0,21.06,10+ years,1
15000.0,13.61,10+ years,1
12000.0,15.52,< 1 year,1
20000.0,27.9,2 years,1
1500.0,22.51,< 1 year,1
12000.0,11.76,1 year,1
12000.0,16.0,10+ years,1
11000.0,30.67,2 years,1
22925.0,24.62,6 years,1
18000.0,19.56,10+ years,1
24000.0,14.77,< 1 year,1
20000.0,27.78,10+ years,1
16800.0,28.61,1 year,1
35000.0,23.98,< 1 year,1
16200.0,25.5,10+ years,1
3600.0,18.41,10+ years,1
12000.0,30.34,,1
5000.0,18.12,10+ years,1
13000.0,21.02,1 year,1
5000.0,11.5,10+ years,1
10550.0,25.75,6 years,1
5000.0,15.39,5 years,1
4000.0,17.01,10+ years,1
35000.0,4.29,4 years,1
5600.0,7.99,8 years,1
9600.0,11.61,10+ years,1
5000.0,31.1,7 years,1
30000.0,28.82,4 years,1
7675.0,10.12,2 years,1
26025.0,11.8,10+ years,1
5000.0,12.25,,1
20000.0,20.16,10+ years,1
5000.0,29.91,1 year,1
26000.0,29.88,10+ years,1
30000.0,26.66,,1
10000.0,17.31,8 years,1
7850.0,28.96,< 1 year,1
35000.0,5.99,3 years,1
30000.0,16.97,4 years,1
11900.0,34.7,,1
15375.0,8.21,10+ years,1
9400.0,11.11,7 years,1
24000.0,19.83,10+ years,1
21000.0,24.44,1 year,1
8950.0,1.27,6 years,1
12000.0,7.7,8 years,1
10850.0,13.42,2 years,1
10850.0,16.77,10+ years,1
14000.0,29.2,10+ years,1
10000.0,18.23,< 1 year,1
22000.0,29.12,10+ years,1
10000.0,27.92,2 years,1
12450.0,21.72,6 years,1
2525.0,37.91,< 1 year,1
25000.0,25.97,8 years,1
28000.0,29.45,3 years,1
24000.0,8.29,6 years,1
35000.0,24.62,10+ years,1
20000.0,28.97,10+ years,1
6000.0,29.96,< 1 year,1
18475.0,18.21,3 years,1
24000.0,20.57,1 year,1
15000.0,11.03,9 years,1
2850.0,6.16,4 years,1
15000.0,23.61,3 years,1
10000.0,22.9,6 years,1
20000.0,21.03,10+ years,1
12500.0,23.33,< 1 year,1
15000.0,22.01,2 years,1
18000.0,20.48,5 years,1
7000.0,25.7,6 years,1
6000.0,31.42,7 years,1
20000.0,19.67,5 years,1
6000.0,9.01,10+ years,1
1500.0,0.96,10+ years,1
7525.0,33.91,10+ years,1
25000.0,16.84,4 years,1
13550.0,17.1,10+ years,1
6000.0,20.9,< 1 year,1
18000.0,16.44,4 years,1
3975.0,9.91,2 years,1
20000.0,30.5,4 years,1
11800.0,21.86,10+ years,1
24000.0,25.55,2 years,1
24000.0,17.0,7 years,1
14000.0,21.38,10+ years,1
18000.0,30.92,10+ years,1
25000.0,11.73,2 years,1
27500.0,22.58,10+ years,1
15000.0,21.42,< 1 year,1
26575.0,19.88,10+ years,1
17600.0,26.35,3 years,1
5000.0,21.67,3 years,1
28000.0,16.95,8 years,1
25000.0,19.4,1 year,1
9000.0,8.67,< 1 year,1
19200.0,21.59,10+ years,1
21000.0,32.88,10+ years,1
8000.0,22.08,< 1 year,1
14400.0,25.32,2 years,1
10000.0,3.65,7 years,1
13000.0,8.2,5 years,1
28000.0,22.83,5 years,1
9000.0,6.91,10+ years,1
15000.0,17.7,9 years,1
32000.0,14.07,9 years,1
6025.0,27.99,,1
10400.0,8.7,5 years,1
2700.0,2.48,,1
4000.0,12.93,10+ years,1
6375.0,8.24,3 years,1
21300.0,8.08,8 years,1
2000.0,34.02,10+ years,1
20000.0,8.41,10+ years,1
35000.0,16.51,,1
12000.0,15.01,< 1 year,1
8000.0,39.09,3 years,1
6600.0,10.6,10+ years,1
19300.0,23.2,10+ years,1
35000.0,25.67,< 1 year,1
35000.0,14.56,8 years,1
13000.0,18.53,4 years,1
16000.0,22.61,1 year,1
24000.0,37.63,,1
15000.0,8.66,< 1 year,1
20000.0,11.4,10+ years,1
22725.0,8.59,5 years,1
16000.0,38.48,10+ years,1
15000.0,35.43,2 years,1
20000.0,27.14,3 years,1
18000.0,20.13,8 years,1
12000.0,7.39,10+ years,1
4800.0,19.31,10+ years,1
8800.0,12.87,10+ years,1
1000.0,26.82,2 years,1
27975.0,1.75,< 1 year,1
18700.0,31.94,10+ years,1
30000.0,20.18,10+ years,1
6400.0,27.39,< 1 year,1
30950.0,25.83,5 years,1
3000.0,21.23,,1
18000.0,14.28,10+ years,1
35000.0,16.12,3 years,1
4800.0,25.36,5 years,1
16000.0,29.24,4 years,1
16000.0,13.23,10+ years,1
21000.0,20.24,4 years,1
9000.0,15.6,,1
14600.0,19.63,4 years,1
18000.0,28.4,3 years,1
15000.0,38.25,< 1 year,1
16650.0,21.4,10+ years,1
20000.0,15.9,10+ years,1
16100.0,21.94,9 years,1
6500.0,24.35,,1
8000.0,6.88,,1
7000.0,20.07,< 1 year,1
5000.0,8.5,< 1 year,1
30000.0,23.25,2 years,1
25000.0,38.37,4 years,1
9200.0,5.63,3 years,1
20400.0,23.76,< 1 year,1
5000.0,17.15,1 year,1
24000.0,17.27,< 1 year,1
9600.0,13.52,< 1 year,1
34550.0,15.61,1 year,1
7500.0,26.26,3 years,1
6000.0,2.83,< 1 year,1
16000.0,23.64,6 years,1
6000.0,4.19,2 years,1
6000.0,32.66,,1
35000.0,19.39,10+ years,1
1000.0,24.83,< 1 year,1
16000.0,31.42,10+ years,1
35000.0,35.9,6 years,1
23650.0,15.68,10+ years,1
21000.0,10.97,< 1 year,1
4000.0,31.02,3 years,1
4800.0,9.1,< 1 year,1
7200.0,10.84,2 years,1
16000.0,27.23,2 years,1
21600.0,10.05,,1
10000.0,23.56,10+ years,1
5900.0,16.99,10+ years,1
18500.0,17.23,10+ years,1
6000.0,8.13,10+ years,1
15000.0,13.6,,1
16000.0,32.18,1 year,1
10000.0,35.01,10+ years,1
10000.0,18.37,,1
15000.0,26.22,1 year,1
16000.0,24.9,4 years,1
16000.0,10.87,10+ years,1
8000.0,12.54,9 years,1
15000.0,22.69,10+ years,1
10000.0,10.95,2 years,1
8500.0,9.18,8 years,1
10000.0,3.4,1 year,1
24150.0,22.7,2 years,1
35000.0,15.72,1 year,1
8000.0,19.16,10+ years,1
5000.0,18.65,1 year,1
12000.0,28.13,1 year,1
10000.0,27.24,10+ years,1
16000.0,26.11,3 years,1
20000.0,18.72,3 years,1
11000.0,22.37,10+ years,1
13600.0,30.64,9 years,1
26475.0,20.14,,1
5000.0,17.29,3 years,1
17475.0,23.9,10+ years,1
2500.0,15.08,2 years,1
8000.0,16.16,10+ years,1
12675.0,26.7,< 1 year,1
1000.0,37.44,6 years,1
5000.0,5.24,,1
20000.0,11.73,3 years,1
30000.0,34.7,9 years,1
7850.0,26.98,7 years,1
10325.0,31.85,10+ years,1
18500.0,25.33,3 years,1
20000.0,18.41,< 1 year,1
8375.0,25.5,10+ years,1
10000.0,17.05,4 years,1
9000.0,15.36,1 year,1
10000.0,26.48,10+ years,1
10500.0,9.24,< 1 year,1
28000.0,26.35,10+ years,1
7000.0,13.28,6 years,1
5000.0,19.76,10+ years,1
7200.0,24.15,10+ years,1
2500.0,17.13,2 years,1
7000.0,24.05,6 years,1
15000.0,31.55,7 years,1
16000.0,17.17,10+ years,1
6000.0,8.16,5 years,1
17500.0,16.55,10+ years,1
2000.0,25.18,< 1 year,1
23000.0,12.35,3 years,1
26000.0,23.19,8 years,1
10000.0,38.3,10+ years,1
13725.0,6.05,3 years,1
9675.0,30.71,10+ years,1
35000.0,20.02,10+ years,1
12000.0,21.76,10+ years,1
16000.0,7.26,4 years,1
20000.0,30.1,3 years,1
10000.0,20.37,8 years,1
4200.0,13.2,10+ years,1
20000.0,36.23,10+ years,1
10000.0,21.84,10+ years,1
12000.0,21.86,7 years,1
12000.0,11.79,4 years,1
10000.0,39.7,5 years,1
8000.0,15.01,10+ years,1
7500.0,36.23,10+ years,1
35000.0,18.15,2 years,1
20000.0,21.86,9 years,1
15000.0,12.17,4 years,1
19750.0,20.65,,1
20000.0,28.25,4 years,1
25000.0,37.0,2 years,1
10000.0,21.59,5 years,1
15000.0,22.06,8 years,1
4125.0,15.13,6 years,1
23000.0,19.65,3 years,1
21000.0,12.04,10+ years,1
20000.0,26.81,,1
26000.0,24.88,10+ years,1
6000.0,25.94,8 years,1
5600.0,15.1,7 years,1
20000.0,17.49,5 years,1
6000.0,22.62,10+ years,1
7200.0,7.44,2 years,1
24000.0,24.3,< 1 year,1
17000.0,11.05,3 years,1
16800.0,16.34,4 years,1
28000.0,14.26,8 years,1
30000.0,14.71,3 years,1
20000.0,10.23,10+ years,1
20000.0,22.71,2 years,1
9100.0,15.51,10+ years,1
20800.0,18.72,8 years,1
28000.0,20.29,10+ years,1
8000.0,37.44,,1
7000.0,14.49,10+ years,1
6000.0,11.14,7 years,1
9000.0,18.5,2 years,1
10800.0,29.86,< 1 year,1
35000.0,10.77,10+ years,1
5000.0,29.85,2 years,1
18000.0,29.35,8 years,1
35000.0,10.9,10+ years,1
10000.0,20.33,10+ years,1
11000.0,27.47,1 year,1
20800.0,23.13,1 year,1
15000.0,21.68,4 years,1
26875.0,19.1,6 years,1
4000.0,30.39,6 years,1
15000.0,13.22,< 1 year,1
5000.0,22.78,10+ years,1
8500.0,15.76,10+ years,1
20000.0,2.64,1 year,1
12000.0,13.35,< 1 year,1
9800.0,17.29,< 1 year,1
5000.0,24.15,1 year,1
27025.0,13.44,10+ years,1
12000.0,13.39,5 years,1
20000.0,12.84,< 1 year,1
24000.0,11.38,< 1 year,1
7050.0,20.55,8 years,1
9000.0,20.22,8 years,1
6000.0,7.11,4 years,1
12600.0,29.48,2 years,1
7000.0,28.59,10+ years,1
15000.0,38.21,7 years,1
12000.0,8.3,2 years,1
35000.0,21.26,9 years,1
24000.0,13.14,4 years,1
7000.0,13.62,1 year,1
9800.0,16.91,3 years,1
15400.0,8.92,< 1 year,1
3000.0,17.48,10+ years,1
12000.0,33.53,8 years,1
18000.0,30.35,,1
4000.0,12.35,< 1 year,1
20000.0,19.65,1 year,1
6000.0,7.97,3 years,1
8000.0,19.1,5 years,1
20000.0,15.15,2 years,1
15200.0,33.5,10+ years,1
8000.0,25.59,< 1 year,1
4000.0,0.0,2 years,1
28000.0,14.96,10+ years,1
32000.0,23.08,10+ years,1
5000.0,5.24,2 years,1
10375.0,10.5,3 years,1
12000.0,21.17,5 years,1
5000.0,22.72,10+ years,1
20000.0,8.94,3 years,1
35000.0,29.88,10+ years,1
25000.0,12.49,10+ years,1
16000.0,32.09,2 years,1
20000.0,25.76,10+ years,1
15000.0,35.23,2 years,1
10000.0,16.04,10+ years,1
6200.0,22.36,,1
16000.0,28.08,< 1 year,1
28000.0,14.85,2 years,1
15000.0,29.83,10+ years,1
12000.0,4.36,2 years,1
7075.0,28.06,10+ years,1
10000.0,13.53,10+ years,1
7000.0,8.04,,1
5000.0,31.35,4 years,1
6000.0,16.73,< 1 year,1
17000.0,27.51,,1
7000.0,24.29,,1
30000.0,17.66,2 years,1
20000.0,19.7,< 1 year,1
7000.0,8.47,10+ years,1
15600.0,7.73,4 years,1
9000.0,15.18,1 year,1
21000.0,13.04,< 1 year,1
10000.0,8.94,1 year,1
26000.0,24.04,4 years,1
19675.0,22.34,,1
10000.0,27.97,4 years,1
11500.0,21.94,7 years,1
21000.0,18.79,7 years,1
3500.0,11.33,1 year,1
13500.0,12.83,10+ years,1
15200.0,9.35,10+ years,1
4900.0,5.92,< 1 year,1
1000.0,28.46,,1
8000.0,13.59,7 years,1
10000.0,10.08,8 years,1
10000.0,19.92,1 year,1
26900.0,21.6,< 1 year,1
35000.0,16.1,4 years,1
8000.0,10.23,7 years,1
10800.0,11.94,4 years,1
25000.0,14.3,10+ years,1
9000.0,12.32,9 years,1
16000.0,17.11,10+ years,1
13625.0,17.58,3 years,1
5000.0,18.23,5 years,1
29325.0,26.43,,1
19200.0,16.94,9 years,1
16000.0,30.81,5 years,1
30000.0,21.89,10+ years,1
4500.0,18.13,4 years,1
10000.0,14.96,10+ years,1
10000.0,2.64,5 years,1
12000.0,12.35,10+ years,1
7000.0,13.37,10+ years,1
8000.0,12.92,10+ years,1
9000.0,24.74,9 years,1
11200.0,28.35,4 years,1
12000.0,14.01,10+ years,1
9000.0,38.68,10+ years,1
12225.0,10.62,,1
21000.0,34.71,,1
10000.0,15.17,10+ years,1
22675.0,20.06,< 1 year,1
15125.0,27.02,< 1 year,1
6000.0,19.72,9 years,1
9000.0,31.46,4 years,1
20950.0,10.81,5 years,1
12000.0,7.22,3 years,1
2500.0,22.39,10+ years,1
14000.0,32.63,7 years,1
16100.0,20.27,6 years,1
8000.0,19.06,1 year,1
2400.0,35.59,7 years,1
16000.0,19.06,10+ years,1
8000.0,13.49,10+ years,1
22000.0,14.73,1 year,1
3600.0,32.83,10+ years,1
7000.0,21.4,10+ years,1
18000.0,16.26,10+ years,1
13700.0,28.65,,1
11150.0,34.95,10+ years,1
26000.0,19.71,10+ years,1
20000.0,26.79,4 years,1
29200.0,7.59,10+ years,1
32000.0,13.46,10+ years,1
7500.0,4.62,10+ years,1
12000.0,6.07,10+ years,1
7500.0,12.35,10+ years,1
15000.0,33.26,5 years,1
5000.0,31.89,3 years,1
12000.0,17.39,5 years,1
4900.0,11.85,10+ years,1
8000.0,15.83,1 year,1
34000.0,19.35,10+ years,1
24000.0,8.0,10+ years,1
3000.0,21.01,,1
6000.0,31.56,< 1 year,1
12500.0,14.16,,1
15800.0,8.43,1 year,1
10000.0,10.42,10+ years,1
10000.0,15.27,7 years,1
6025.0,13.28,8 years,1
19925.0,19.41,3 years,1
15000.0,13.61,5 years,1
8000.0,11.9,6 years,1
10000.0,20.96,10+ years,1
21000.0,18.15,7 years,1
26400.0,33.47,9 years,1
12000.0,12.42,10+ years,1
25000.0,10.54,< 1 year,1
4800.0,23.3,10+ years,1
5000.0,9.58,10+ years,1
4200.0,22.1,10+ years,1
5000.0,12.24,5 years,1
28000.0,29.81,3 years,1
20000.0,28.18,10+ years,1
15000.0,18.47,2 years,1
27000.0,36.18,7 years,1
24000.0,23.26,4 years,1
28800.0,12.41,3 years,1
2000.0,13.94,,1
2200.0,31.53,3 years,1
28000.0,5.0,4 years,1
9025.0,24.85,10+ years,1
4200.0,15.87,6 years,1
5000.0,26.85,10+ years,1
5000.0,27.29,3 years,1
13000.0,14.98,6 years,1
20000.0,17.82,10+ years,1
11200.0,19.6,10+ years,1
24000.0,9.3,5 years,1
12000.0,26.84,2 years,1
15000.0,19.05,10+ years,1
12000.0,18.91,10+ years,1
4000.0,19.51,4 years,1
29750.0,21.54,6 years,1
10000.0,17.33,10+ years,1
20000.0,7.09,10+ years,1
8000.0,18.15,10+ years,1
35000.0,26.1,4 years,1
11200.0,22.76,2 years,1
3200.0,15.99,4 years,1
2000.0,29.88,10+ years,1
10000.0,12.13,2 years,1
12000.0,7.57,3 years,1
24000.0,8.96,10+ years,1
15000.0,20.58,3 years,1
35000.0,34.26,2 years,1
2525.0,3.22,10+ years,1
30800.0,16.38,2 years,1
9000.0,11.7,2 years,1
4000.0,31.28,7 years,1
9000.0,28.22,10+ years,1
6000.0,21.5,< 1 year,1
8000.0,16.08,10+ years,1
5000.0,19.62,3 years,1
20000.0,6.46,10+ years,1
3500.0,32.02,3 years,1
17000.0,22.23,10+ years,1
22950.0,28.68,9 years,1
20000.0,15.57,9 years,1
4500.0,13.47,10+ years,1
2075.0,5.03,< 1 year,1
14350.0,22.52,8 years,1
26400.0,24.55,6 years,1
25000.0,6.49,2 years,1
6000.0,1.34,9 years,1
8000.0,24.61,,1
14400.0,5.29,< 1 year,1
11450.0,12.28,10+ years,1
20000.0,33.03,10+ years,1
15000.0,14.26,10+ years,1
13000.0,6.71,< 1 year,1
13000.0,29.58,4 years,1
8000.0,27.26,4 years,1
14075.0,38.36,6 years,1
20000.0,17.33,,1
2000.0,6.35,6 years,1
15000.0,26.19,10+ years,1
6000.0,12.24,4 years,1
35000.0,18.75,8 years,1
12000.0,12.92,10+ years,1
7200.0,9.85,4 years,1
2400.0,19.87,8 years,1
20000.0,25.03,2 years,1
14400.0,23.46,10+ years,1
24000.0,22.85,< 1 year,1
20000.0,20.5,4 years,1
18175.0,21.03,10+ years,1
7200.0,13.06,10+ years,1
35000.0,25.29,7 years,1
5000.0,17.75,3 years,1
20000.0,21.18,3 years,1
24000.0,9.27,2 years,1
23500.0,23.83,,1
28000.0,8.53,6 years,1
18000.0,14.77,10+ years,1
3200.0,26.22,10+ years,1
10000.0,38.23,7 years,1
6000.0,20.9,5 years,1
28000.0,24.91,4 years,1
4225.0,17.18,3 years,1
5950.0,17.0,10+ years,1
1400.0,20.01,1 year,1
12000.0,17.9,8 years,1
4775.0,33.62,,1
8675.0,39.59,9 years,1
5600.0,12.52,< 1 year,1
5000.0,22.21,,1
2800.0,9.67,,1
30000.0,26.26,8 years,1
25000.0,11.89,6 years,1
20000.0,15.74,10+ years,1
8000.0,14.66,3 years,1
9000.0,29.1,< 1 year,1
22800.0,8.5,10+ years,1
10000.0,22.07,3 years,1
12000.0,11.97,10+ years,1
5000.0,14.03,10+ years,1
33050.0,31.99,10+ years,1
9000.0,18.57,10+ years,1
6000.0,20.56,10+ years,1
27000.0,14.88,5 years,1
10000.0,26.62,10+ years,1
1000.0,25.87,3 years,1
13600.0,28.35,3 years,1
35000.0,27.26,< 1 year,1
10000.0,17.46,10+ years,1
9000.0,14.0,5 years,1
5000.0,11.71,6 years,1
20000.0,6.53,8 years,1
20000.0,27.31,2 years,1
18000.0,18.04,2 years,1
6000.0,29.14,1 year,1
8000.0,23.94,< 1 year,1
12000.0,8.12,9 years,1
20000.0,18.81,10+ years,1
17600.0,15.45,< 1 year,1
7800.0,11.61,3 years,1
10600.0,19.03,< 1 year,1
18000.0,39.3,2 years,1
35000.0,23.33,8 years,1
6400.0,11.97,8 years,1
7000.0,26.15,2 years,1
30000.0,19.32,7 years,1
4000.0,3.15,10+ years,1
10000.0,18.88,1 year,1
4000.0,31.58,3 years,1
18000.0,2.04,10+ years,1
35000.0,4.8,7 years,1
6400.0,19.66,9 years,1
18000.0,20.68,3 years,1
20000.0,8.37,9 years,1
20000.0,11.63,10+ years,1
35000.0,18.53,2 years,1
24150.0,14.94,10+ years,1
15600.0,15.45,10+ years,1
6000.0,5.96,< 1 year,1
2000.0,24.37,1 year,1
10000.0,28.43,4 years,1
24000.0,12.03,,1
15600.0,6.91,10+ years,1
15000.0,9.09,5 years,1
30000.0,15.16,10+ years,1
15600.0,3.52,5 years,1
15000.0,5.09,10+ years,1
35000.0,0.13,< 1 year,1
25600.0,13.43,6 years,1
20000.0,18.01,8 years,1
9000.0,20.21,< 1 year,1
24000.0,0.36,2 years,1
17000.0,34.36,10+ years,1
24000.0,20.51,< 1 year,1
10800.0,17.54,10+ years,1
15000.0,17.7,4 years,1
8400.0,9.79,8 years,1
10000.0,11.2,7 years,1
16000.0,16.36,3 years,1
15000.0,16.36,10+ years,1
9000.0,16.99,,1
9500.0,18.13,1 year,1
2000.0,9.27,5 years,1
16000.0,9.94,9 years,1
7800.0,34.01,10+ years,1
12000.0,8.75,10+ years,1
10500.0,14.88,10+ years,1
14000.0,33.58,5 years,1
12000.0,4.13,8 years,1
10000.0,29.11,9 years,1
6000.0,6.33,5 years,1
8000.0,33.18,5 years,1
18000.0,5.6,2 years,1
16000.0,34.26,2 years,1
7000.0,13.92,10+ years,1
24000.0,28.65,< 1 year,1
14250.0,37.62,10+ years,1
12000.0,6.77,2 years,1
5000.0,27.84,< 1 year,1
7200.0,29.04,5 years,1
28000.0,4.43,10+ years,1
20000.0,24.48,4 years,1
18000.0,13.74,10+ years,1
6000.0,3.83,2 years,1
18000.0,13.92,< 1 year,1
8800.0,30.15,< 1 year,1
28000.0,14.79,10+ years,1
2975.0,28.4,,1
22400.0,34.84,10+ years,1
6600.0,7.1,10+ years,1
10000.0,15.75,9 years,1
16000.0,25.2,1 year,1
30000.0,22.76,8 years,1
10000.0,23.33,,1
12000.0,28.75,10+ years,1
15750.0,48.56,2 years,1
35000.0,30.51,3 years,1
14000.0,9.66,7 years,1
20000.0,32.94,10+ years,1
11000.0,10.64,8 years,1
12000.0,10.24,10+ years,1
12000.0,33.07,10+ years,1
20000.0,6.68,1 year,1
15000.0,10.34,3 years,1
20000.0,21.08,10+ years,1
18375.0,7.41,3 years,1
6000.0,31.05,10+ years,1
22900.0,17.57,1 year,1
5000.0,21.05,5 years,1
5000.0,14.17,1 year,1
16000.0,8.98,10+ years,1
25000.0,25.07,1 year,1
35000.0,13.41,3 years,1
6000.0,10.53,< 1 year,1
15000.0,15.27,< 1 year,1
4000.0,33.6,2 years,1
3000.0,30.31,< 1 year,1
18000.0,23.07,5 years,1
17500.0,19.48,10+ years,1
10000.0,16.63,10+ years,1
16000.0,16.01,10+ years,1
27000.0,18.85,6 years,1
5000.0,8.59,10+ years,1
3600.0,33.05,10+ years,1
20000.0,25.92,10+ years,1
15000.0,5.45,10+ years,1
14000.0,11.76,8 years,1
2500.0,8.9,< 1 year,1
3000.0,7.9,3 years,1
10000.0,21.49,8 years,1
7000.0,29.15,< 1 year,1
22000.0,7.66,2 years,1
2000.0,31.3,8 years,1
22400.0,3.15,10+ years,1
5650.0,16.08,7 years,1
16800.0,21.75,2 years,1
2500.0,18.64,3 years,1
30000.0,18.72,2 years,1
9600.0,17.15,10+ years,1
8000.0,11.9,10+ years,1
15000.0,31.08,8 years,1
20000.0,22.55,,1
7900.0,10.73,8 years,1
29500.0,17.98,10+ years,1
12000.0,4.38,10+ years,1
12000.0,26.75,3 years,1
4500.0,14.05,< 1 year,1
21000.0,19.03,10+ years,1
19400.0,23.5,8 years,1
4000.0,39.89,9 years,1
28000.0,34.22,10+ years,1
16800.0,37.94,10+ years,1
12225.0,31.31,8 years,1
15000.0,28.41,< 1 year,1
6050.0,35.32,8 years,1
28200.0,25.78,4 years,1
8000.0,24.87,10+ years,1
28800.0,30.79,10+ years,1
15000.0,14.19,3 years,1
10900.0,15.85,< 1 year,1
9600.0,36.02,10+ years,1
4725.0,16.84,< 1 year,1
15000.0,17.5,3 years,1
8000.0,18.16,< 1 year,1
25000.0,26.64,10+ years,1
9600.0,8.62,3 years,1
20000.0,15.68,10+ years,1
25000.0,8.29,9 years,1
29800.0,23.28,10+ years,1
16800.0,22.81,7 years,1
8400.0,16.57,8 years,1
35000.0,14.42,< 1 year,1
3000.0,24.8,10+ years,1
10000.0,7.64,1 year,1
7200.0,19.14,6 years,1
21000.0,30.18,10+ years,1
7000.0,15.74,8 years,1
22400.0,39.04,2 years,1
11000.0,10.74,2 years,1
10000.0,9.82,10+ years,1
21000.0,17.69,2 years,1
15000.0,12.75,2 years,1
6500.0,17.49,10+ years,1
28000.0,12.41,9 years,1
14500.0,16.23,,1
8400.0,22.92,< 1 year,1
10800.0,26.89,3 years,1
2000.0,16.88,,1
20000.0,19.0,2 years,1
21425.0,6.66,10+ years,1
24975.0,11.54,5 years,1
2000.0,24.64,10+ years,1
6000.0,19.18,1 year,1
20000.0,17.53,< 1 year,1
18800.0,19.7,10+ years,1
25000.0,26.62,3 years,1
2500.0,8.84,8 years,1
10500.0,10.39,10+ years,1
14000.0,17.45,5 years,1
23000.0,10.49,10+ years,1
5450.0,21.01,1 year,1
8500.0,9.26,1 year,1
6000.0,32.41,3 years,1
2000.0,37.62,5 years,1
10000.0,13.06,3 years,1
10000.0,39.6,10+ years,1
28000.0,8.48,10+ years,1
20250.0,19.99,3 years,1
16000.0,11.87,10+ years,1
16000.0,12.97,10+ years,1
14000.0,11.98,3 years,1
10100.0,26.77,4 years,1
4800.0,2.3,2 years,1
29000.0,7.69,10+ years,1
7700.0,27.5,< 1 year,1
11200.0,36.22,5 years,1
15000.0,30.48,10+ years,1
6000.0,13.67,2 years,1
9600.0,12.18,10+ years,1
4000.0,14.43,< 1 year,1
16000.0,32.69,10+ years,1
10000.0,7.5,10+ years,1
6000.0,8.12,9 years,1
12000.0,31.25,6 years,1
7000.0,4.28,10+ years,1
24000.0,23.67,10+ years,1
6000.0,18.5,7 years,1
28000.0,18.31,8 years,1
15000.0,12.7,10+ years,1
12000.0,9.46,2 years,1
12000.0,30.96,5 years,1
4000.0,22.4,10+ years,1
14000.0,17.44,5 years,1
20000.0,37.69,2 years,1
10000.0,12.07,< 1 year,1
10000.0,20.92,,1
16000.0,9.12,1 year,1
15000.0,25.04,4 years,1
9000.0,28.98,2 years,1
19725.0,29.44,6 years,1
4500.0,27.35,1 year,1
15000.0,27.83,< 1 year,1
35000.0,11.64,2 years,1
5000.0,0.75,< 1 year,1
32000.0,11.34,10+ years,1
5000.0,4.69,< 1 year,1
1050.0,27.38,4 years,1
10000.0,17.69,1 year,1
28075.0,26.35,9 years,1
18000.0,29.13,10+ years,1
12000.0,19.74,2 years,1
12000.0,23.76,10+ years,1
5600.0,34.74,9 years,1
3600.0,27.72,5 years,1
25000.0,7.66,8 years,1
11500.0,21.56,10+ years,1
25000.0,14.56,7 years,1
12000.0,12.43,< 1 year,1
12000.0,39.66,7 years,1
6000.0,19.14,6 years,1
15850.0,21.08,10+ years,1
27125.0,37.65,8 years,1
20000.0,16.45,10+ years,1
6600.0,32.56,2 years,1
15000.0,13.66,3 years,1
15000.0,18.95,3 years,1
23650.0,36.64,10+ years,1
18475.0,12.75,8 years,1
10000.0,27.0,10+ years,1
16000.0,8.51,10+ years,1
9375.0,9.74,3 years,1
18675.0,30.98,10+ years,1
5000.0,13.81,10+ years,1
5000.0,13.74,6 years,1
5000.0,5.52,5 years,1
14000.0,17.43,5 years,1
14400.0,11.67,10+ years,1
5000.0,23.23,4 years,1
3000.0,16.6,8 years,1
8500.0,12.81,10+ years,1
16000.0,11.69,10+ years,1
4300.0,1.97,4 years,1
14050.0,13.34,4 years,1
32000.0,20.5,10+ years,1
15000.0,7.4,3 years,1
5000.0,19.9,10+ years,1
15000.0,25.0,10+ years,1
11200.0,17.67,5 years,1
21000.0,16.64,4 years,1
13225.0,22.21,4 years,1
21000.0,13.72,10+ years,1
12000.0,8.92,8 years,1
24000.0,15.42,10+ years,1
15000.0,29.71,2 years,1
8500.0,12.38,10+ years,1
10000.0,30.85,10+ years,1
6500.0,22.12,2 years,1
10000.0,2.91,6 years,1
24000.0,21.73,10+ years,1
20000.0,21.01,5 years,1
15000.0,15.25,8 years,1
18000.0,14.26,< 1 year,1
14400.0,9.29,3 years,1
35000.0,20.64,1 year,1
3325.0,27.6,2 years,1
24000.0,15.92,10+ years,1
2500.0,10.96,3 years,1
17800.0,14.01,4 years,1
35000.0,11.19,1 year,1
16975.0,7.74,3 years,1
15000.0,31.57,10+ years,1
16000.0,28.48,1 year,1
11000.0,15.68,10+ years,1
4500.0,17.6,10+ years,1
20000.0,30.59,10+ years,1
8000.0,34.47,10+ years,1
7000.0,3.39,8 years,1
5000.0,6.14,4 years,1
14000.0,10.8,10+ years,1
20000.0,21.39,,1
26400.0,27.58,< 1 year,1
10000.0,15.46,10+ years,1
32725.0,18.03,< 1 year,1
20000.0,23.22,,1
7000.0,3.62,8 years,1
22000.0,15.77,10+ years,1
16000.0,19.08,10+ years,1
6000.0,10.64,< 1 year,1
12000.0,34.22,10+ years,1
2700.0,9.58,2 years,1
7000.0,11.69,1 year,1
10775.0,27.43,10+ years,1
10000.0,11.69,10+ years,1
10000.0,6.54,7 years,1
11000.0,16.95,1 year,1
12000.0,22.81,7 years,1
2000.0,8.55,10+ years,1
10000.0,14.61,8 years,1
16000.0,26.94,10+ years,1
6000.0,13.1,,1
12000.0,5.55,10+ years,1
30000.0,9.15,10+ years,1
16000.0,6.97,,1
19000.0,20.13,10+ years,1
21000.0,16.05,10+ years,1
28000.0,32.37,10+ years,1
5500.0,16.63,1 year,1
7450.0,22.61,5 years,1
18000.0,15.36,5 years,1
16000.0,34.57,4 years,1
20000.0,13.44,10+ years,1
31325.0,25.86,3 years,1
22425.0,22.61,3 years,1
20000.0,11.13,4 years,1
20000.0,35.25,< 1 year,1
12000.0,14.97,1 year,1
8500.0,30.03,10+ years,1
16800.0,30.9,5 years,1
10800.0,29.96,1 year,1
12000.0,26.19,5 years,1
2100.0,21.13,10+ years,1
5700.0,24.28,,1
6025.0,34.89,3 years,1
14000.0,9.06,2 years,1
25000.0,14.86,2 years,1
30000.0,10.75,< 1 year,1
12000.0,12.7,10+ years,1
28000.0,23.58,3 years,1
15000.0,29.82,< 1 year,1
10000.0,19.32,10+ years,1
16000.0,27.87,1 year,1
3825.0,7.08,3 years,1
29000.0,7.79,< 1 year,1
21600.0,18.5,5 years,1
9050.0,21.25,3 years,1
6600.0,9.66,10+ years,1
12000.0,5.73,4 years,1
15000.0,13.05,10+ years,1
8000.0,8.85,< 1 year,1
5000.0,29.22,10+ years,1
28000.0,16.3,2 years,1
12000.0,25.88,4 years,1
25000.0,14.88,10+ years,1
30000.0,10.79,3 years,1
3600.0,11.08,< 1 year,1
6525.0,8.44,< 1 year,1
18000.0,22.29,2 years,1
2000.0,16.15,8 years,1
27425.0,29.71,< 1 year,1
32000.0,22.48,2 years,1
24000.0,27.33,10+ years,1
10000.0,9.44,< 1 year,1
16800.0,27.27,6 years,1
4000.0,9.48,10+ years,1
25950.0,20.93,10+ years,1
9600.0,30.27,10+ years,1
17500.0,10.09,10+ years,1
10000.0,19.62,9 years,1
25000.0,34.58,4 years,1
25000.0,14.47,4 years,1
18000.0,10.04,2 years,1
19875.0,23.19,1 year,1
22500.0,9.83,10+ years,1
10075.0,24.47,,1
12000.0,15.36,10+ years,1
7500.0,23.55,,1
3000.0,12.35,< 1 year,1
12000.0,5.96,2 years,1
4100.0,6.0,10+ years,1
11900.0,14.93,3 years,1
32000.0,8.75,< 1 year,1
22800.0,17.17,1 year,1
7200.0,29.32,2 years,1
16000.0,11.09,10+ years,1
15000.0,4.35,< 1 year,1
12000.0,15.09,2 years,1
8000.0,13.09,3 years,1
21000.0,33.84,9 years,1
4800.0,10.42,2 years,1
4000.0,11.73,,1
24000.0,23.17,10+ years,1
10800.0,11.0,3 years,1
10000.0,8.45,10+ years,1
7000.0,11.8,2 years,1
23000.0,19.35,1 year,1
8000.0,7.75,2 years,1
12000.0,13.39,10+ years,1
8000.0,28.92,6 years,1
4800.0,11.37,9 years,1
15000.0,33.38,10+ years,1
2000.0,10.2,5 years,1
6000.0,21.84,< 1 year,1
10800.0,18.37,10+ years,1
12000.0,7.71,3 years,1
7325.0,10.95,5 years,1
15000.0,15.3,,1
6300.0,16.99,10+ years,1
6000.0,13.78,< 1 year,1
15075.0,25.54,10+ years,1
9600.0,28.07,,1
16000.0,12.09,10+ years,1
6000.0,10.28,10+ years,1
2000.0,26.75,9 years,1
9600.0,32.21,10+ years,1
9600.0,22.95,10+ years,1
5000.0,28.26,10+ years,1
21000.0,3.3,10+ years,1
30000.0,29.89,8 years,1
6000.0,4.14,10+ years,1
11500.0,20.4,4 years,1
15000.0,14.17,2 years,1
3175.0,34.18,6 years,1
8000.0,5.72,< 1 year,1
27000.0,20.52,10+ years,1
6400.0,19.71,8 years,1
21000.0,18.12,10+ years,1
3900.0,34.31,1 year,1
32000.0,22.83,5 years,1
20000.0,21.69,< 1 year,1
32000.0,23.19,3 years,1
3600.0,24.3,10+ years,1
13825.0,19.2,3 years,1
19300.0,38.94,10+ years,1
12000.0,13.11,4 years,1
12000.0,7.98,10+ years,1
10000.0,3.4,3 years,1
10000.0,9.13,10+ years,1
15000.0,31.92,10+ years,1
30000.0,6.21,2 years,1
11400.0,28.26,10+ years,1
20000.0,15.06,10+ years,1
4800.0,4.77,9 years,1
11025.0,25.55,2 years,1
15000.0,27.53,10+ years,1
25000.0,13.13,,1
24500.0,21.82,,1
3500.0,8.84,3 years,1
35000.0,13.03,5 years,1
4000.0,18.44,10+ years,1
8000.0,14.06,9 years,1
25000.0,20.92,2 years,1
7100.0,12.87,1 year,1
5875.0,18.87,7 years,1
5600.0,11.76,,1
10000.0,32.56,3 years,1
18000.0,27.76,8 years,1
2775.0,24.71,2 years,1
7500.0,5.15,10+ years,1
20000.0,27.48,4 years,1
15000.0,26.85,7 years,1
10875.0,24.3,2 years,1
35000.0,16.66,10+ years,1
33000.0,18.19,9 years,1
22000.0,12.35,10+ years,1
20000.0,27.92,3 years,1
20000.0,19.82,,1
10000.0,13.28,10+ years,1
6000.0,20.52,1 year,1
13000.0,33.43,10+ years,1
3000.0,1.06,10+ years,1
35000.0,20.25,7 years,1
5000.0,9.72,10+ years,1
25000.0,22.38,10+ years,1
3600.0,11.22,10+ years,1
24000.0,12.61,5 years,1
15000.0,18.3,4 years,1
10000.0,13.73,10+ years,1
14400.0,24.67,10+ years,1
21000.0,7.69,10+ years,1
5900.0,25.83,3 years,1
9225.0,23.79,3 years,1
12000.0,24.57,,1
30000.0,23.03,6 years,1
15725.0,21.3,< 1 year,1
16800.0,32.55,< 1 year,1
10000.0,5.72,10+ years,1
24000.0,31.83,10+ years,1
9000.0,17.66,7 years,1
14500.0,24.89,10+ years,1
17750.0,13.49,1 year,1
7000.0,21.46,2 years,1
9075.0,37.02,10+ years,1
10000.0,36.0,10+ years,1
17000.0,15.55,8 years,1
17000.0,7.43,10+ years,1
6000.0,7.76,,1
19200.0,13.82,10+ years,1
1000.0,8.34,5 years,1
14400.0,7.04,10+ years,1
35000.0,28.6,< 1 year,1
7725.0,13.15,6 years,1
9600.0,21.03,10+ years,1
22000.0,15.4,2 years,1
8000.0,28.48,2 years,1
25000.0,7.29,10+ years,1
35000.0,19.94,10+ years,1
5000.0,9.39,3 years,1
14000.0,23.42,10+ years,1
16000.0,10.08,10+ years,1
5300.0,16.34,3 years,1
9400.0,7.55,8 years,1
1000.0,20.84,9 years,1
18200.0,19.51,10+ years,1
28000.0,11.56,10+ years,1
12000.0,14.9,5 years,1
15600.0,34.18,10+ years,1
22775.0,12.76,2 years,1
12000.0,18.59,< 1 year,1
16500.0,7.15,10+ years,1
7000.0,1.23,10+ years,1
20000.0,20.97,3 years,1
8500.0,7.99,10+ years,1
15000.0,27.18,3 years,1
4000.0,22.27,,1
4600.0,12.87,,1
15000.0,34.4,3 years,1
15000.0,36.95,1 year,1
35000.0,15.4,,1
10000.0,26.14,2 years,1
5000.0,23.46,2 years,1
16000.0,18.4,7 years,1
9375.0,19.27,10+ years,1
6000.0,11.72,< 1 year,1
30000.0,20.45,10+ years,1
7050.0,21.23,5 years,1
20000.0,24.73,1 year,1
18575.0,8.27,,1
9350.0,14.74,< 1 year,1
8800.0,12.0,1 year,1
31750.0,24.69,6 years,1
7200.0,20.76,,1
20000.0,11.97,10+ years,1
15000.0,20.09,8 years,1
35000.0,15.09,2 years,1
15000.0,21.63,10+ years,1
6000.0,19.8,1 year,1
15000.0,15.23,7 years,1
4475.0,9.23,,1
9000.0,18.34,4 years,1
10000.0,27.43,7 years,1
14000.0,10.6,2 years,1
15000.0,33.75,10+ years,1
35000.0,12.37,9 years,1
5000.0,9.27,10+ years,1
11700.0,6.08,2 years,1
18000.0,8.0,1 year,1
35000.0,25.07,6 years,1
23000.0,20.92,10+ years,1
6000.0,23.57,5 years,1
18000.0,32.92,7 years,1
10400.0,12.96,3 years,1
1000.0,12.76,1 year,1
16000.0,16.16,10+ years,1
15000.0,9.79,5 years,1
5600.0,14.4,5 years,1
35000.0,33.07,4 years,1
21600.0,28.18,10+ years,1
4000.0,25.24,< 1 year,1
15400.0,10.53,10+ years,1
6025.0,3.92,4 years,1
15000.0,24.92,6 years,1
10000.0,30.71,4 years,1
13500.0,7.37,10+ years,1
26000.0,13.22,4 years,1
13600.0,8.33,10+ years,1
28000.0,10.94,8 years,1
25000.0,20.48,10+ years,1
4975.0,11.17,10+ years,1
9925.0,35.77,3 years,1
11000.0,3.97,9 years,1
20150.0,34.29,,1
11750.0,18.28,2 years,1
6175.0,21.57,1 year,1
10000.0,14.71,10+ years,1
3750.0,8.96,< 1 year,1
9000.0,15.85,10+ years,1
5600.0,28.04,5 years,1
9525.0,25.5,10+ years,1
28000.0,18.59,1 year,1
7000.0,15.14,3 years,1
10000.0,19.13,7 years,1
24000.0,19.55,10+ years,1
6000.0,5.57,10+ years,1
35000.0,14.62,6 years,1
10750.0,38.57,10+ years,1
20925.0,20.66,10+ years,1
5500.0,28.32,10+ years,1
6650.0,22.21,,1
9600.0,9.65,9 years,1
4800.0,28.6,,1
12000.0,24.98,1 year,1
20000.0,23.46,10+ years,1
9500.0,15.03,4 years,1
6000.0,12.05,5 years,1
6500.0,9.94,,1
7000.0,11.43,10+ years,1
11500.0,27.26,4 years,1
18000.0,17.48,3 years,1
13500.0,12.85,,1
16000.0,25.59,6 years,1
3150.0,25.45,8 years,1
21000.0,20.33,5 years,1
5000.0,23.09,1 year,1
18000.0,27.58,< 1 year,1
3000.0,32.6,10+ years,1
28000.0,13.88,8 years,1
35000.0,33.32,10+ years,1
10000.0,22.67,,1
8000.0,16.71,< 1 year,1
7200.0,39.74,< 1 year,1
12000.0,16.45,10+ years,1
4000.0,38.95,4 years,1
22400.0,35.4,5 years,1
6000.0,31.03,10+ years,1
3725.0,25.51,,1
16000.0,17.64,10+ years,1
14400.0,15.62,10+ years,1
32000.0,24.82,4 years,1
35000.0,27.68,10+ years,1
8000.0,18.6,1 year,1
13900.0,24.95,5 years,1
20000.0,26.23,,1
9475.0,19.24,9 years,1
16000.0,2.0,10+ years,1
5000.0,6.1,1 year,1
9500.0,32.22,,1
11000.0,22.32,5 years,1
28000.0,11.14,10+ years,1
2800.0,18.76,10+ years,1
20000.0,25.83,10+ years,1
16800.0,16.18,4 years,1
15500.0,26.6,3 years,1
12500.0,15.42,< 1 year,1
30000.0,7.76,< 1 year,1
10800.0,23.18,10+ years,1
24000.0,19.56,< 1 year,1
18000.0,9.75,3 years,1
28000.0,10.81,7 years,1
14000.0,15.6,8 years,1
6050.0,36.0,10+ years,1
28000.0,17.44,10+ years,1
12000.0,3.17,10+ years,1
12000.0,4.65,1 year,1
14000.0,22.56,10+ years,1
16000.0,17.95,< 1 year,1
18700.0,36.07,1 year,1
24000.0,14.97,3 years,1
8000.0,13.55,8 years,1
12000.0,31.86,4 years,1
12000.0,20.93,7 years,1
35000.0,9.0,4 years,1
19200.0,21.15,6 years,1
10000.0,6.0,3 years,1
20000.0,16.08,4 years,1
1400.0,14.52,< 1 year,1
5000.0,12.85,4 years,1
24000.0,11.63,10+ years,1
10000.0,7.05,10+ years,1
10000.0,2.23,10+ years,1
28750.0,18.38,7 years,1
35000.0,23.63,,1
10000.0,17.71,< 1 year,1
35000.0,18.88,4 years,1
13000.0,8.71,10+ years,1
5000.0,22.58,10+ years,1
3200.0,13.57,4 years,1
11300.0,21.11,2 years,1
15000.0,25.09,< 1 year,1
28000.0,6.3,7 years,1
6400.0,24.07,2 years,1
25000.0,16.41,2 years,1
6000.0,9.0,10+ years,1
20000.0,9.92,1 year,1
4200.0,8.96,2 years,1
20000.0,12.24,1 year,1
10000.0,12.83,,1
10000.0,5.8,3 years,1
7500.0,12.27,10+ years,1
15000.0,18.44,< 1 year,1
15000.0,19.95,1 year,1
4575.0,36.33,10+ years,1
10000.0,17.63,10+ years,1
17750.0,21.01,< 1 year,1
15000.0,9.35,,1
20000.0,20.67,5 years,1
21000.0,7.98,8 years,1
13000.0,9.42,7 years,1
16400.0,4.51,3 years,1
5500.0,22.78,5 years,1
15500.0,5.94,9 years,1
28000.0,19.65,10+ years,1
35000.0,5.49,1 year,1
18000.0,15.02,7 years,1
3000.0,3.53,3 years,1
8450.0,7.38,10+ years,1
15000.0,18.84,8 years,1
10000.0,8.41,1 year,1
10925.0,18.6,10+ years,1
12000.0,39.42,2 years,1
13800.0,26.02,10+ years,1
13000.0,7.17,6 years,1
6400.0,30.91,1 year,1
17000.0,8.04,2 years,1
17750.0,29.52,8 years,1
15000.0,14.35,4 years,1
35000.0,5.54,10+ years,1
2000.0,16.53,,1
13650.0,5.73,1 year,1
2425.0,17.11,9 years,1
24000.0,28.7,10+ years,1
12000.0,16.99,10+ years,1
30000.0,13.07,4 years,1
5400.0,9.35,10+ years,1
6000.0,18.96,1 year,1
3000.0,9.47,10+ years,1
22225.0,19.04,5 years,1
6300.0,7.84,,1
15000.0,28.31,10+ years,1
19375.0,16.88,10+ years,1
35000.0,36.91,10+ years,1
12000.0,22.4,10+ years,1
5000.0,17.23,10+ years,1
10000.0,18.75,10+ years,1
35000.0,11.55,8 years,1
7000.0,15.52,1 year,1
6000.0,9.08,8 years,1
13000.0,25.54,,1
28975.0,36.79,10+ years,1
15000.0,11.19,4 years,1
25000.0,83.64,2 years,1
12000.0,27.21,8 years,1
18400.0,31.32,2 years,1
20000.0,14.69,10+ years,1
19400.0,17.17,10+ years,1
6000.0,22.73,2 years,1
23800.0,31.62,4 years,1
14275.0,17.58,10+ years,1
4000.0,12.6,6 years,1
21000.0,18.88,2 years,1
10925.0,17.59,10+ years,1
3000.0,26.27,10+ years,1
27275.0,15.87,10+ years,1
7675.0,18.7,8 years,1
22000.0,21.61,10+ years,1
6000.0,13.27,3 years,1
15200.0,30.8,6 years,1
20000.0,13.81,10+ years,1
14400.0,17.7,10+ years,1
14400.0,26.38,4 years,1
6400.0,5.01,1 year,1
26400.0,9.45,10+ years,1
15000.0,29.84,5 years,1
24000.0,6.76,10+ years,1
3600.0,23.89,4 years,1
35000.0,25.46,10+ years,1
30000.0,20.18,10+ years,1
12000.0,9.55,10+ years,1
22000.0,9.32,10+ years,1
12000.0,16.08,10+ years,1
6000.0,29.0,8 years,1
6600.0,33.63,2 years,1
20000.0,29.55,< 1 year,1
6000.0,6.78,4 years,1
28000.0,8.73,10+ years,1
13000.0,30.76,10+ years,1
12000.0,7.63,1 year,1
1000.0,4.04,2 years,1
3200.0,12.6,10+ years,1
24000.0,23.06,6 years,1
20000.0,14.97,9 years,1
24000.0,26.14,7 years,1
14500.0,20.98,8 years,1
12000.0,19.17,9 years,1
8000.0,21.74,3 years,1
2000.0,25.01,10+ years,1
5000.0,37.06,10+ years,1
5775.0,20.34,6 years,1
9000.0,9.81,4 years,1
10000.0,10.97,< 1 year,1
15000.0,24.28,10+ years,1
4500.0,23.49,10+ years,1
1000.0,13.17,5 years,1
11200.0,22.59,10+ years,1
33000.0,11.04,10+ years,1
9600.0,10.24,10+ years,1
6000.0,17.06,10+ years,1
2000.0,20.16,,1
5000.0,0.0,4 years,1
20000.0,16.56,10+ years,1
4500.0,20.96,< 1 year,1
10000.0,24.08,< 1 year,1
14000.0,26.97,3 years,1
6025.0,9.39,2 years,1
9600.0,8.29,10+ years,1
10000.0,16.25,10+ years,1
11200.0,3.71,4 years,1
7000.0,15.79,10+ years,1
12000.0,17.81,< 1 year,1
24000.0,8.24,8 years,1
12225.0,16.11,< 1 year,1
7000.0,12.24,2 years,1
19725.0,37.22,10+ years,1
9600.0,27.66,4 years,1
6000.0,18.81,10+ years,1
11200.0,38.02,7 years,1
12000.0,28.74,4 years,1
35000.0,18.18,5 years,1
5000.0,20.83,4 years,1
25000.0,29.26,3 years,1
10000.0,18.8,10+ years,1
30000.0,11.29,3 years,1
30000.0,13.54,7 years,1
30000.0,8.25,10+ years,1
10000.0,24.37,10+ years,1
12000.0,17.44,2 years,1
8000.0,6.94,3 years,1
14400.0,38.28,1 year,1
12000.0,18.94,2 years,1
6000.0,30.19,< 1 year,1
30000.0,22.51,10+ years,1
28000.0,16.61,1 year,1
12000.0,12.94,10+ years,1
12000.0,26.09,3 years,1
28000.0,12.62,7 years,1
12000.0,10.08,10+ years,1
6000.0,10.14,10+ years,1
10000.0,18.98,,1
18000.0,24.69,10+ years,1
6500.0,15.07,1 year,1
1200.0,16.36,,1
22000.0,12.89,10+ years,1
35000.0,25.67,< 1 year,1
30000.0,24.5,3 years,1
7500.0,10.26,10+ years,1
5000.0,20.94,1 year,1
5000.0,30.1,5 years,1
20000.0,33.77,10+ years,1
9600.0,36.49,10+ years,1
8000.0,10.27,6 years,1
10000.0,29.55,< 1 year,1
21000.0,18.62,2 years,1
25000.0,9.36,10+ years,1
28000.0,11.71,10+ years,1
4000.0,13.51,6 years,1
6225.0,16.06,3 years,1
1200.0,22.53,9 years,1
4550.0,29.42,10+ years,1
14400.0,13.41,10+ years,1
7800.0,14.96,4 years,1
21625.0,29.84,6 years,1
6000.0,6.78,10+ years,1
14000.0,17.7,3 years,1
7200.0,20.79,4 years,1
17275.0,34.27,4 years,1
30000.0,13.46,9 years,1
4525.0,21.31,10+ years,1
20000.0,25.99,4 years,1
15000.0,25.49,4 years,1
20000.0,8.84,1 year,1
26400.0,38.14,10+ years,1
12000.0,18.1,< 1 year,1
35000.0,7.48,8 years,1
10000.0,12.7,1 year,1
8000.0,28.5,8 years,1
21000.0,23.39,3 years,1
10000.0,15.16,10+ years,1
10000.0,32.75,< 1 year,1
17000.0,23.63,10+ years,1
15000.0,16.31,< 1 year,1
4650.0,34.02,10+ years,1
12000.0,34.43,10+ years,1
35000.0,18.99,9 years,1
5000.0,23.48,10+ years,1
20000.0,35.51,10+ years,1
7000.0,16.54,10+ years,1
5000.0,9.71,10+ years,1
9000.0,12.85,4 years,1
20000.0,11.42,6 years,1
12000.0,30.1,8 years,1
12000.0,23.2,1 year,1
21600.0,11.89,4 years,1
30000.0,14.87,10+ years,1
8400.0,20.8,10+ years,1
25000.0,9.41,2 years,1
6000.0,17.08,2 years,1
30000.0,13.09,10+ years,1
16000.0,37.41,,1
15000.0,26.62,10+ years,1
15000.0,21.9,3 years,1
25000.0,26.65,6 years,1
11450.0,32.22,10+ years,1
10000.0,13.15,< 1 year,1
3000.0,20.81,10+ years,1
20000.0,16.3,10+ years,1
7200.0,18.28,5 years,1
24000.0,21.93,8 years,1
11025.0,26.21,5 years,1
9350.0,39.24,5 years,1
18000.0,30.75,10+ years,1
33000.0,21.54,2 years,1
16000.0,30.32,5 years,1
23000.0,35.49,2 years,1
9225.0,24.68,2 years,1
8000.0,21.66,10+ years,1
15000.0,13.57,10+ years,1
35000.0,11.8,5 years,1
18000.0,21.51,8 years,1
16000.0,11.02,2 years,1
5325.0,21.16,10+ years,1
3000.0,28.43,10+ years,1
14350.0,34.03,8 years,1
2000.0,15.81,5 years,1
21000.0,22.37,10+ years,1
10400.0,9.99,8 years,1
2800.0,37.64,10+ years,1
8000.0,16.3,< 1 year,1
10000.0,7.2,10+ years,1
14000.0,9.4,10+ years,1
5000.0,14.85,10+ years,1
9000.0,23.95,10+ years,1
8000.0,10.3,3 years,1
10000.0,7.08,10+ years,1
12000.0,17.02,2 years,1
35000.0,11.31,3 years,1
35000.0,7.27,10+ years,1
15000.0,31.07,8 years,1
20000.0,24.04,9 years,1
6400.0,17.49,5 years,1
16000.0,18.4,10+ years,1
8000.0,15.85,2 years,1
35000.0,16.84,3 years,1
8000.0,22.25,10+ years,1
16000.0,19.39,6 years,1
8000.0,12.77,6 years,1
21000.0,28.14,10+ years,1
35000.0,26.28,< 1 year,1
28800.0,21.6,10+ years,1
8000.0,15.54,3 years,1
9600.0,11.06,4 years,1
10000.0,13.46,8 years,1
21000.0,15.88,< 1 year,1
14000.0,28.14,8 years,1
10000.0,12.91,,1
10000.0,4.38,< 1 year,1
13000.0,26.32,2 years,1
10000.0,20.0,3 years,1
15000.0,13.87,3 years,1
13000.0,8.11,2 years,1
23000.0,21.98,8 years,1
16000.0,10.81,5 years,1
19000.0,15.07,10+ years,1
6000.0,13.58,10+ years,1
18000.0,9.05,,1
5000.0,5.85,10+ years,1
4500.0,22.75,< 1 year,1
10000.0,28.82,5 years,1
10000.0,24.67,6 years,1
4000.0,0.0,3 years,1
22800.0,11.71,3 years,1
15900.0,16.49,3 years,1
12600.0,15.64,1 year,1
15000.0,20.47,10+ years,1
1600.0,17.65,< 1 year,1
4000.0,18.62,1 year,1
12500.0,14.5,5 years,1
10000.0,14.4,< 1 year,1
5300.0,23.01,1 year,1
10000.0,14.22,,1
7500.0,20.96,10+ years,1
28000.0,13.85,10+ years,1
35000.0,22.24,6 years,1
35000.0,27.21,10+ years,1
35000.0,24.97,3 years,1
3000.0,20.71,10+ years,1
2400.0,10.42,4 years,1
3500.0,29.26,10+ years,1
12000.0,15.87,8 years,1
3000.0,27.01,4 years,1
24000.0,29.58,10+ years,1
17950.0,3.35,7 years,1
19000.0,14.01,9 years,1
16000.0,33.57,10+ years,1
17600.0,7.57,4 years,1
16000.0,28.45,4 years,1
25000.0,10.25,1 year,1
5000.0,22.37,10+ years,1
21000.0,4.64,5 years,1
25000.0,10.79,7 years,1
35000.0,21.75,< 1 year,1
20000.0,12.65,10+ years,1
24000.0,10.9,9 years,1
20000.0,13.79,10+ years,1
8400.0,20.07,10+ years,1
2900.0,7.61,10+ years,1
21000.0,32.55,6 years,1
20000.0,25.7,6 years,1
10000.0,2.35,1 year,1
10950.0,4.0,< 1 year,1
35000.0,12.22,1 year,1
24000.0,39.81,10+ years,1
4000.0,29.29,,1
4000.0,17.74,< 1 year,1
14000.0,39.78,9 years,1
10500.0,18.15,< 1 year,1
8675.0,31.56,,1
8000.0,21.57,2 years,1
28000.0,15.42,5 years,1
10000.0,23.47,,1
5000.0,17.14,10+ years,1
7450.0,28.53,,1
21000.0,4.08,4 years,1
16000.0,24.76,10+ years,1
16000.0,29.57,5 years,1
15000.0,9.39,< 1 year,1
16000.0,4.38,5 years,1
28000.0,20.25,8 years,1
3200.0,9.27,10+ years,1
9600.0,15.64,,1
16000.0,12.37,10+ years,1
6000.0,23.58,10+ years,1
17600.0,24.88,5 years,1
35000.0,18.13,10+ years,1
1600.0,25.93,,1
12000.0,20.12,< 1 year,1
10575.0,24.58,8 years,1
8000.0,15.69,8 years,1
28000.0,17.82,2 years,1
6000.0,7.05,,1
8000.0,17.92,4 years,1
8400.0,18.36,1 year,1
3000.0,4.13,10+ years,1
12000.0,15.16,3 years,1
6000.0,21.93,1 year,1
8400.0,8.34,7 years,1
2950.0,6.38,5 years,1
12000.0,32.77,10+ years,1
3000.0,38.21,< 1 year,1
16300.0,24.74,2 years,1
8000.0,29.23,< 1 year,1
9600.0,16.54,1 year,1
32200.0,28.44,< 1 year,1
2400.0,37.6,,1
10000.0,16.44,1 year,1
5000.0,11.12,3 years,1
4500.0,25.92,2 years,1
5000.0,17.7,10+ years,1
4000.0,18.26,4 years,1
17700.0,13.78,5 years,1
15000.0,24.9,< 1 year,1
8000.0,13.73,5 years,1
8175.0,19.9,10+ years,1
32000.0,17.5,10+ years,1
30000.0,16.29,10+ years,1
16125.0,10.24,2 years,1
15600.0,14.82,< 1 year,1
14000.0,10.64,10+ years,1
6000.0,9.36,6 years,1
13850.0,36.36,< 1 year,1
9000.0,25.03,10+ years,1
15000.0,13.41,5 years,1
11500.0,12.48,< 1 year,1
7000.0,7.68,5 years,1
10000.0,24.57,< 1 year,1
34500.0,15.5,3 years,1
23175.0,22.21,< 1 year,1
6000.0,5.69,2 years,1
10000.0,3.33,10+ years,1
10000.0,25.29,8 years,1
15000.0,22.02,7 years,1
20000.0,7.04,1 year,1
15000.0,25.46,10+ years,1
12000.0,17.79,1 year,1
13500.0,14.75,3 years,1
9425.0,27.48,8 years,1
12000.0,33.05,< 1 year,1
19500.0,20.64,10+ years,1
7500.0,24.14,1 year,1
3200.0,19.66,2 years,1
18000.0,21.49,2 years,1
19200.0,20.54,2 years,1
17600.0,17.64,8 years,1
15000.0,11.63,4 years,1
15000.0,33.44,2 years,1
11500.0,9.19,10+ years,1
2400.0,34.09,1 year,1
4800.0,16.11,,1
11875.0,18.73,< 1 year,1
17000.0,5.7,5 years,1
10000.0,28.69,10+ years,1
22800.0,23.78,10+ years,1
12000.0,19.83,1 year,1
35000.0,22.14,10+ years,1
6000.0,22.18,4 years,1
28000.0,18.46,6 years,1
2100.0,19.23,2 years,1
35000.0,13.21,7 years,1
10000.0,14.49,10+ years,1
5000.0,27.08,6 years,1
15000.0,12.89,2 years,1
20000.0,20.88,10+ years,1
28000.0,16.64,9 years,1
18000.0,22.83,10+ years,1
17000.0,16.75,6 years,1
20000.0,6.62,< 1 year,1
19200.0,28.0,10+ years,1
5775.0,22.52,10+ years,1
18675.0,25.76,,1
10000.0,12.6,5 years,1
6500.0,10.19,2 years,1
15000.0,5.6,2 years,1
13700.0,13.48,4 years,1
20000.0,10.38,10+ years,1
5200.0,6.31,3 years,1
20000.0,17.78,3 years,1
35000.0,35.08,,1
20000.0,15.8,7 years,1
4300.0,9.76,5 years,1
12000.0,4.02,10+ years,1
12000.0,14.56,10+ years,1
3000.0,12.79,1 year,1
35000.0,12.77,5 years,1
12000.0,25.73,10+ years,1
20000.0,31.66,10+ years,1
3000.0,23.72,5 years,1
16000.0,21.05,2 years,1
16775.0,35.26,4 years,1
8000.0,19.7,10+ years,1
35000.0,5.36,6 years,1
13950.0,15.78,2 years,1
22525.0,17.93,< 1 year,1
18000.0,21.21,3 years,1
25000.0,19.84,3 years,1
20000.0,20.8,10+ years,1
25000.0,11.57,10+ years,1
25000.0,17.69,5 years,1
4800.0,14.71,2 years,1
11000.0,15.04,4 years,1
25000.0,22.23,< 1 year,1
12000.0,18.06,10+ years,1
23500.0,14.73,8 years,1
6000.0,11.54,10+ years,1
26400.0,23.97,8 years,1
12000.0,17.01,5 years,1
15000.0,13.47,5 years,1
5000.0,34.35,5 years,1
9150.0,1.44,2 years,1
8000.0,13.93,3 years,1
16000.0,15.69,10+ years,1
24000.0,10.68,8 years,1
12000.0,20.98,10+ years,1
18000.0,14.41,< 1 year,1
6000.0,31.88,,1
21600.0,17.63,3 years,1
4800.0,35.01,2 years,1
16275.0,23.13,4 years,1
10000.0,24.5,2 years,1
26500.0,22.19,2 years,1
4000.0,13.35,3 years,1
5150.0,26.62,,1
19125.0,4.39,< 1 year,1
6000.0,33.17,10+ years,1
18000.0,27.03,5 years,1
35000.0,31.5,6 years,1
6000.0,33.84,2 years,1
6400.0,9.09,10+ years,1
5600.0,9.89,,1
5000.0,9.3,6 years,1
30000.0,18.53,5 years,1
24000.0,8.9,10+ years,1
7000.0,14.12,5 years,1
1000.0,32.87,2 years,1
15000.0,19.41,,1
17500.0,18.0,4 years,1
2000.0,24.4,3 years,1
30000.0,14.13,6 years,1
18225.0,17.94,4 years,1
9600.0,34.79,10+ years,1
18000.0,20.4,4 years,1
2000.0,11.37,10+ years,1
4500.0,13.05,3 years,1
20000.0,13.21,1 year,1
28000.0,13.66,2 years,1
11900.0,21.81,6 years,1
2400.0,30.87,3 years,1
11050.0,15.56,< 1 year,1
7200.0,28.2,,1
10000.0,4.18,10+ years,1
5000.0,18.38,5 years,1
20000.0,16.19,10+ years,1
1500.0,20.4,5 years,1
12800.0,8.58,1 year,1
20000.0,34.55,10+ years,1
7500.0,23.06,1 year,1
7500.0,33.77,10+ years,1
12000.0,21.42,4 years,1
35000.0,11.89,10+ years,1
30000.0,23.69,3 years,1
14000.0,20.17,3 years,1
15000.0,15.89,5 years,1
11650.0,24.65,10+ years,1
6925.0,21.63,10+ years,1
3600.0,31.73,10+ years,1
4200.0,13.72,,1
18000.0,22.94,10+ years,1
10000.0,22.85,10+ years,1
32350.0,25.39,10+ years,1
14400.0,21.4,8 years,1
17600.0,26.86,1 year,1
5000.0,15.38,4 years,1
6000.0,29.84,10+ years,1
3800.0,18.1,1 year,1
26500.0,24.08,4 years,1
9000.0,25.2,10+ years,1
30000.0,19.89,10+ years,1
14400.0,24.02,10+ years,1
4000.0,28.97,10+ years,1
12900.0,29.85,8 years,1
7675.0,26.11,,1
15000.0,28.81,3 years,1
10000.0,6.38,2 years,1
12000.0,25.09,10+ years,1
1200.0,19.46,,1
23100.0,7.72,10+ years,1
4500.0,34.17,10+ years,1
10000.0,7.26,,1
35000.0,12.46,4 years,1
20000.0,33.62,10+ years,1
8000.0,19.55,10+ years,1
6000.0,10.69,7 years,1
24350.0,12.08,10+ years,1
1500.0,23.81,10+ years,1
20000.0,24.3,< 1 year,1
24325.0,38.9,10+ years,1
10400.0,24.13,2 years,1
7000.0,24.66,2 years,1
15000.0,28.15,5 years,1
25000.0,21.15,5 years,1
14400.0,24.99,4 years,1
28800.0,9.22,10+ years,1
5000.0,10.13,10+ years,1
8400.0,26.97,10+ years,1
35000.0,19.31,4 years,1
35000.0,14.32,3 years,1
20000.0,20.19,4 years,1
6225.0,23.71,1 year,1
24000.0,6.95,10+ years,1
15000.0,13.64,7 years,1
30000.0,11.29,5 years,1
9300.0,24.56,10+ years,1
6500.0,31.8,,1
20000.0,10.05,10+ years,1
13375.0,12.85,,1
3800.0,19.15,10+ years,1
6000.0,2.15,1 year,1
9000.0,23.96,2 years,1
25000.0,10.76,4 years,1
5000.0,39.33,10+ years,1
24000.0,39.02,10+ years,1
35000.0,12.51,1 year,1
5300.0,14.41,< 1 year,1
8000.0,9.46,3 years,1
8000.0,6.84,4 years,1
15000.0,38.59,8 years,1
17575.0,25.64,10+ years,1
22025.0,29.82,10+ years,1
10000.0,10.64,2 years,1
15000.0,6.27,10+ years,1
14700.0,24.93,2 years,1
8000.0,27.75,1 year,1
20000.0,13.69,< 1 year,1
12000.0,9.95,6 years,1
9500.0,3.75,8 years,1
25000.0,21.16,1 year,1
30000.0,19.76,7 years,1
9600.0,9.73,< 1 year,1
25000.0,12.36,7 years,1
7000.0,17.45,1 year,1
17500.0,14.16,10+ years,1
2000.0,23.01,10+ years,1
17000.0,20.82,5 years,1
12000.0,12.16,,1
16025.0,18.66,4 years,1
33875.0,5.36,2 years,1
30000.0,7.01,< 1 year,1
4200.0,20.54,< 1 year,1
25000.0,7.98,9 years,1
8000.0,20.32,2 years,1
33000.0,14.69,2 years,1
9500.0,22.71,3 years,1
16000.0,11.72,10+ years,1
30000.0,32.83,7 years,1
8000.0,18.9,< 1 year,1
8400.0,30.09,10+ years,1
18000.0,27.6,6 years,1
5000.0,34.21,1 year,1
30000.0,24.01,3 years,1
20000.0,11.83,3 years,1
25000.0,17.52,10+ years,1
25000.0,18.92,6 years,1
3000.0,14.1,< 1 year,1
1500.0,8.83,10+ years,1
7200.0,17.53,6 years,1
21000.0,5.71,10+ years,1
10000.0,11.73,5 years,1
21500.0,20.25,< 1 year,1
10000.0,9.1,6 years,1
6000.0,19.59,,1
16000.0,19.73,4 years,1
5000.0,22.78,7 years,1
24000.0,20.97,5 years,1
10000.0,14.21,8 years,1
20000.0,23.97,9 years,1
7000.0,12.12,5 years,1
1600.0,10.48,6 years,1
20000.0,22.4,10+ years,1
5000.0,34.19,,1
24000.0,6.98,6 years,1
5000.0,1.2,1 year,1
12000.0,4.97,10+ years,1
15000.0,19.35,4 years,1
35000.0,29.06,6 years,1
10000.0,34.4,5 years,1
30000.0,35.0,7 years,1
10000.0,19.39,< 1 year,1
20000.0,21.28,10+ years,1
16200.0,28.16,10+ years,1
25000.0,16.34,< 1 year,1
10000.0,21.0,10+ years,1
28000.0,15.54,10+ years,1
25000.0,36.42,10+ years,1
10000.0,20.64,5 years,1
19200.0,3.05,10+ years,1
28000.0,12.13,3 years,1
6275.0,20.01,10+ years,1
1000.0,7.63,3 years,1
20250.0,21.95,,1
14000.0,11.72,6 years,1
10000.0,16.32,,1
9000.0,24.81,1 year,1
29900.0,23.99,2 years,1
6000.0,8.35,< 1 year,1
19000.0,16.78,1 year,1
15400.0,13.67,1 year,1
9200.0,36.52,7 years,1
24000.0,15.98,,1
6000.0,12.24,3 years,1
6000.0,16.64,10+ years,1
13600.0,24.44,4 years,1
15000.0,10.96,4 years,1
9650.0,22.76,,1
10000.0,12.11,10+ years,1
14000.0,26.66,4 years,1
11800.0,17.43,9 years,1
3000.0,33.8,2 years,1
23000.0,39.44,< 1 year,1
8000.0,22.3,< 1 year,1
10000.0,10.14,2 years,1
9000.0,16.54,10+ years,1
15000.0,10.71,8 years,1
2200.0,18.9,5 years,1
15000.0,17.62,10+ years,1
9200.0,20.79,9 years,1
15000.0,39.01,10+ years,1
10000.0,19.66,10+ years,1
4000.0,9.44,5 years,1
4950.0,33.29,10+ years,1
15000.0,20.58,4 years,1
35000.0,24.17,10+ years,1
10000.0,25.22,3 years,1
6000.0,22.77,5 years,1
35000.0,14.1,< 1 year,1
9000.0,11.61,< 1 year,1
30000.0,13.23,8 years,1
20000.0,9.76,,1
6000.0,13.89,5 years,1
16000.0,12.26,1 year,1
26000.0,29.44,,1
10000.0,39.59,7 years,1
21825.0,20.85,< 1 year,1
24000.0,7.19,10+ years,1
24000.0,18.96,10+ years,1
35000.0,18.38,10+ years,1
4375.0,26.88,5 years,1
10000.0,12.02,5 years,1
11650.0,8.68,,1
35000.0,37.73,10+ years,1
6475.0,26.91,10+ years,1
28000.0,24.09,2 years,1
30250.0,24.5,10+ years,1
8000.0,10.57,,1
10000.0,22.55,10+ years,1
20000.0,25.02,10+ years,1
30000.0,30.3,10+ years,1
15000.0,25.21,10+ years,1
12000.0,6.7,1 year,1
10000.0,18.19,7 years,1
3000.0,30.27,,1
15000.0,18.66,,1
10000.0,5.3,4 years,1
7000.0,11.74,9 years,1
16000.0,35.87,4 years,1
17600.0,11.76,1 year,1
7500.0,12.35,< 1 year,1
10000.0,19.33,< 1 year,1
1000.0,3.4,,1
6600.0,11.39,2 years,1
12000.0,20.45,10+ years,1
12000.0,15.73,< 1 year,1
35000.0,9.87,10+ years,1
21000.0,11.37,6 years,1
2800.0,18.51,5 years,1
35000.0,14.27,9 years,1
6000.0,10.63,< 1 year,1
12300.0,17.44,< 1 year,1
18000.0,12.79,4 years,1
21000.0,18.43,3 years,1
3600.0,16.36,10+ years,1
20000.0,13.86,4 years,1
7200.0,3.0,2 years,1
11200.0,11.02,8 years,1
16875.0,11.69,10+ years,1
8500.0,17.46,3 years,1
35000.0,16.1,10+ years,1
6500.0,21.65,10+ years,1
15000.0,4.47,10+ years,1
5000.0,19.96,1 year,1
15000.0,8.22,10+ years,1
6725.0,1.08,10+ years,1
16000.0,17.55,3 years,1
5000.0,16.63,,1
19250.0,26.81,7 years,1
7200.0,11.14,10+ years,1
8000.0,24.48,4 years,1
3000.0,12.27,9 years,1
7000.0,12.51,< 1 year,1
2000.0,19.76,10+ years,1
8000.0,16.41,2 years,1
18000.0,8.98,8 years,1
15000.0,12.48,< 1 year,1
6000.0,6.97,1 year,1
10000.0,11.69,10+ years,1
6000.0,9.02,6 years,1
20225.0,12.64,6 years,1
5000.0,20.69,10+ years,1
12000.0,20.01,10+ years,1
20000.0,18.98,9 years,1
10800.0,20.99,7 years,1
8000.0,11.46,3 years,1
7200.0,34.86,< 1 year,1
10000.0,38.87,10+ years,1
12000.0,25.62,5 years,1
8000.0,13.52,3 years,1
11050.0,27.18,5 years,1
4000.0,33.46,5 years,1
12075.0,9.45,10+ years,1
3500.0,36.68,4 years,1
9025.0,17.68,1 year,1
18000.0,14.15,7 years,1
22100.0,3.42,10+ years,1
4800.0,12.51,10+ years,1
8000.0,21.44,10+ years,1
20000.0,20.0,1 year,1
10000.0,10.94,10+ years,1
20000.0,26.67,10+ years,1
6400.0,13.0,3 years,1
25000.0,21.87,2 years,1
10825.0,15.68,,1
8400.0,26.11,< 1 year,1
16000.0,21.52,1 year,1
12000.0,29.55,,1
17200.0,16.77,5 years,1
35000.0,11.79,9 years,1
12000.0,9.34,3 years,1
25000.0,23.86,10+ years,1
8000.0,29.73,5 years,1
22500.0,34.83,8 years,1
15000.0,30.34,10+ years,1
3000.0,17.17,10+ years,1
15000.0,8.4,3 years,1
25000.0,15.29,< 1 year,1
13000.0,16.72,6 years,1
21475.0,19.44,8 years,1
7500.0,19.2,10+ years,1
8000.0,19.33,10+ years,1
14950.0,19.77,7 years,1
13000.0,10.77,< 1 year,1
7000.0,33.62,10+ years,1
3450.0,6.62,7 years,1
12500.0,23.32,< 1 year,1
22225.0,22.27,10+ years,1
9000.0,25.81,8 years,1
2000.0,26.46,< 1 year,1
16000.0,25.02,10+ years,1
15000.0,25.06,3 years,1
7000.0,24.53,10+ years,1
20000.0,17.39,6 years,1
25000.0,24.04,10+ years,1
3450.0,8.78,< 1 year,1
12000.0,8.9,9 years,1
19200.0,8.78,2 years,1
12600.0,15.88,3 years,1
35000.0,7.29,10+ years,1
4000.0,19.66,10+ years,1
8400.0,0.89,,1
25000.0,14.78,5 years,1
29900.0,14.12,10+ years,1
9600.0,17.95,1 year,1
12000.0,20.16,10+ years,1
10000.0,14.29,5 years,1
9600.0,9.06,1 year,1
35000.0,19.03,10+ years,1
4800.0,26.29,8 years,1
8000.0,29.32,3 years,1
2400.0,19.88,10+ years,1
10000.0,15.33,1 year,1
6000.0,26.26,10+ years,1
5000.0,14.17,10+ years,1
7000.0,24.29,2 years,1
27200.0,7.7,10+ years,1
21675.0,33.53,3 years,1
5000.0,13.94,10+ years,1
4200.0,12.78,1 year,1
12500.0,12.74,6 years,1
35000.0,15.61,10+ years,1
10000.0,25.76,< 1 year,1
10000.0,20.01,10+ years,1
16000.0,16.31,3 years,1
20350.0,25.39,10+ years,1
21000.0,17.35,< 1 year,1
30000.0,15.53,3 years,1
16000.0,31.14,10+ years,1
28000.0,16.97,4 years,1
33600.0,30.66,9 years,1
28000.0,24.72,4 years,1
8200.0,24.84,1 year,1
5000.0,16.86,4 years,1
16000.0,31.45,2 years,1
32000.0,23.01,4 years,1
5025.0,14.86,2 years,1
6075.0,26.88,10+ years,1
10000.0,22.57,10+ years,1
15000.0,16.98,10+ years,1
20000.0,20.71,10+ years,1
17000.0,25.92,3 years,1
7000.0,10.86,5 years,1
22000.0,9.77,,1
10000.0,12.77,,1
5000.0,27.56,10+ years,1
35000.0,19.18,10+ years,1
15000.0,17.97,10+ years,1
30000.0,12.69,10+ years,1
6000.0,18.09,8 years,1
10000.0,7.48,10+ years,1
8000.0,14.52,6 years,1
15600.0,39.77,3 years,1
5000.0,22.64,1 year,1
23450.0,26.77,10+ years,1
28000.0,19.88,10+ years,1
24000.0,12.35,10+ years,1
25800.0,6.65,,1
4200.0,19.8,9 years,1
6025.0,9.58,1 year,1
20000.0,20.63,3 years,1
9600.0,6.44,7 years,1
6000.0,12.31,,1
28000.0,13.53,3 years,1
21000.0,18.05,5 years,1
14450.0,20.73,,1
15000.0,16.14,10+ years,1
15000.0,26.38,10+ years,1
12350.0,25.92,2 years,1
6000.0,5.43,4 years,1
14400.0,13.54,< 1 year,1
12250.0,26.19,10+ years,1
7200.0,21.85,5 years,1
10000.0,24.67,,1
12500.0,29.5,2 years,1
20400.0,10.01,2 years,1
29875.0,30.45,,1
8000.0,8.16,10+ years,1
5000.0,0.75,< 1 year,1
2000.0,35.73,7 years,1
6500.0,20.08,2 years,1
6000.0,4.17,5 years,1
5000.0,14.26,10+ years,1
35000.0,15.01,9 years,1
15000.0,34.39,,1
25000.0,12.38,3 years,1
8000.0,11.74,10+ years,1
24000.0,39.88,8 years,1
10800.0,5.88,10+ years,1
16800.0,20.5,7 years,1
10000.0,27.6,5 years,1
14400.0,11.81,4 years,1
6000.0,22.59,1 year,1
6000.0,25.5,5 years,1
8400.0,30.09,< 1 year,1
24000.0,18.87,2 years,1
18900.0,21.39,< 1 year,1
6000.0,17.06,8 years,1
13525.0,9.19,2 years,1
1500.0,13.05,10+ years,1
20475.0,20.66,8 years,1
10000.0,17.39,8 years,1
35000.0,27.31,6 years,1
15000.0,26.38,10+ years,1
3000.0,17.37,3 years,1
11650.0,17.9,2 years,1
26425.0,27.55,9 years,1
17000.0,31.62,5 years,1
2100.0,31.93,2 years,1
10000.0,11.67,5 years,1
7200.0,18.28,10+ years,1
20000.0,14.06,10+ years,1
15000.0,19.92,2 years,1
25000.0,13.82,5 years,1
25000.0,29.18,10+ years,1
33000.0,23.5,8 years,1
31150.0,38.11,10+ years,1
16000.0,13.16,5 years,1
6000.0,12.57,9 years,1
8000.0,17.58,5 years,1
9000.0,22.73,< 1 year,1
14750.0,17.42,2 years,1
28000.0,23.75,5 years,1
19200.0,18.27,8 years,1
24000.0,10.85,6 years,1
7200.0,29.5,10+ years,1
31500.0,22.7,,1
8000.0,19.28,10+ years,1
4800.0,23.68,1 year,1
10800.0,29.86,2 years,1
10000.0,19.43,9 years,1
30000.0,21.61,10+ years,1
1000.0,2.92,9 years,1
9000.0,10.39,5 years,1
7500.0,13.26,3 years,1
11400.0,12.13,10+ years,1
19000.0,23.02,10+ years,1
8225.0,38.98,10+ years,1
4500.0,14.3,2 years,1
4200.0,9.85,,1
18000.0,12.08,3 years,1
20000.0,17.19,10+ years,1
6000.0,25.97,4 years,1
3000.0,1.29,3 years,1
5000.0,8.68,1 year,1
11200.0,23.29,10+ years,1
3600.0,29.22,< 1 year,1
5000.0,13.72,3 years,1
10000.0,15.75,6 years,1
2000.0,10.32,10+ years,1
12000.0,24.22,6 years,1
12000.0,13.52,4 years,1
20000.0,11.04,10+ years,1
29000.0,14.13,< 1 year,1
8425.0,14.18,,1
15000.0,10.34,10+ years,1
35000.0,18.11,10+ years,1
6000.0,17.08,8 years,1
5000.0,11.54,10+ years,1
6000.0,22.55,9 years,1
21000.0,13.43,10+ years,1
1500.0,25.87,6 years,1
26600.0,21.53,4 years,1
3775.0,34.01,2 years,1
6000.0,7.23,4 years,1
13325.0,11.84,10+ years,1
12000.0,19.9,1 year,1
5000.0,9.88,10+ years,1
13150.0,24.69,4 years,1
1500.0,33.4,3 years,1
14400.0,21.76,10+ years,1
10375.0,14.06,5 years,1
2000.0,20.36,5 years,1
28000.0,34.81,10+ years,1
6000.0,6.39,10+ years,1
15000.0,5.52,4 years,1
10000.0,24.61,1 year,1
11450.0,23.97,2 years,1
5000.0,7.69,10+ years,1
8000.0,7.17,10+ years,1
12000.0,16.04,8 years,1
8000.0,22.21,7 years,1
4000.0,9.31,1 year,1
8000.0,24.84,5 years,1
16800.0,22.23,2 years,1
19300.0,16.74,3 years,1
8000.0,24.99,8 years,1
10000.0,12.39,3 years,1
28000.0,10.32,10+ years,1
13000.0,12.08,7 years,1
9000.0,21.79,10+ years,1
17675.0,39.12,2 years,1
18000.0,22.9,1 year,1
10000.0,7.46,2 years,1
24000.0,7.18,2 years,1
21000.0,13.95,2 years,1
8000.0,16.68,2 years,1
10000.0,19.24,4 years,1
15000.0,25.77,7 years,1
7000.0,12.76,2 years,1
24000.0,17.9,10+ years,1
10000.0,27.2,10+ years,1
10000.0,11.94,10+ years,1
7200.0,19.25,2 years,1
8400.0,26.33,9 years,1
7375.0,25.15,10+ years,1
10000.0,17.41,10+ years,1
12000.0,25.98,< 1 year,1
10000.0,18.76,< 1 year,1
8800.0,20.69,4 years,1
10900.0,34.8,7 years,1
6000.0,22.5,6 years,1
5600.0,28.35,10+ years,1
11000.0,8.52,10+ years,1
14000.0,29.11,10+ years,1
7000.0,10.92,5 years,1
15000.0,4.67,< 1 year,1
15950.0,28.68,< 1 year,1
10800.0,25.41,7 years,1
20000.0,14.89,2 years,1
6000.0,21.34,< 1 year,1
24300.0,34.47,7 years,1
8000.0,21.51,< 1 year,1
12000.0,12.57,9 years,1
27000.0,14.19,3 years,1
5400.0,27.95,< 1 year,1
20000.0,9.54,1 year,1
20000.0,27.83,10+ years,1
18000.0,20.26,,1
5000.0,31.63,10+ years,1
22400.0,4.69,10+ years,1
9000.0,15.24,< 1 year,1
10000.0,15.75,10+ years,1
5000.0,11.95,1 year,1
4000.0,8.36,4 years,1
12000.0,25.77,,1
20000.0,14.22,< 1 year,1
2150.0,6.88,< 1 year,1
12000.0,19.61,10+ years,1
20000.0,16.08,10+ years,1
19200.0,26.36,9 years,1
6000.0,28.46,8 years,1
10000.0,34.71,2 years,1
7075.0,21.73,10+ years,1
6000.0,13.96,,1
20000.0,10.23,10+ years,1
8000.0,33.08,,1
20700.0,4.83,2 years,1
6125.0,27.87,,1
6000.0,24.75,7 years,1
20000.0,28.19,< 1 year,1
15000.0,15.7,< 1 year,1
11500.0,11.6,4 years,1
35000.0,14.12,2 years,1
25000.0,15.27,10+ years,1
12300.0,11.62,2 years,1
6200.0,21.06,1 year,1
10000.0,7.6,10+ years,1
5000.0,32.02,< 1 year,1
25000.0,28.61,10+ years,1
10200.0,13.86,10+ years,1
20000.0,16.88,2 years,1
11000.0,16.83,3 years,1
15000.0,11.74,1 year,1
21000.0,23.36,5 years,1
2550.0,8.28,1 year,1
12000.0,28.95,6 years,1
35000.0,14.75,10+ years,1
5000.0,3.81,< 1 year,1
20000.0,27.76,10+ years,1
11200.0,9.14,2 years,1
10000.0,17.85,3 years,1
12500.0,11.53,10+ years,1
13000.0,8.74,10+ years,1
8000.0,20.24,7 years,1
9000.0,10.59,4 years,1
14400.0,8.88,3 years,1
15000.0,16.81,4 years,1
20000.0,31.78,1 year,1
18000.0,13.79,3 years,1
28000.0,16.46,10+ years,1
18725.0,21.79,5 years,1
10400.0,7.8,,1
9600.0,22.58,5 years,1
18275.0,32.86,,1
15925.0,19.46,10+ years,1
28000.0,5.58,5 years,1
3000.0,17.48,,1
25000.0,18.11,< 1 year,1
7500.0,10.63,2 years,1
10000.0,3.83,7 years,1
35000.0,13.18,10+ years,1
20000.0,19.6,10+ years,1
10500.0,26.68,< 1 year,1
35000.0,12.14,4 years,1
15000.0,28.48,10+ years,1
8950.0,35.06,10+ years,1
12000.0,6.06,10+ years,1
12800.0,27.4,10+ years,1
16000.0,34.93,10+ years,1
20000.0,29.21,4 years,1
20000.0,26.37,10+ years,1
7000.0,33.37,10+ years,1
35000.0,17.2,10+ years,1
9575.0,32.93,8 years,1
19300.0,23.07,1 year,1
28000.0,18.92,,1
35000.0,9.73,10+ years,1
22000.0,23.48,,1
19800.0,8.35,3 years,1
24000.0,22.91,10+ years,1
13000.0,13.78,,1
35000.0,22.7,3 years,1
3975.0,34.3,10+ years,1
25000.0,12.83,3 years,1
3475.0,34.08,2 years,1
15000.0,28.2,3 years,1
4200.0,6.8,6 years,1
23000.0,32.41,,1
12500.0,17.39,5 years,1
5000.0,22.04,10+ years,1
2000.0,16.44,10+ years,1
14400.0,25.64,10+ years,1
18000.0,19.62,10+ years,1
20000.0,26.5,10+ years,1
32725.0,19.85,3 years,1
35000.0,8.32,8 years,1
7175.0,13.7,2 years,1
9000.0,17.29,3 years,1
11000.0,16.03,2 years,1
5000.0,2.93,10+ years,1
27000.0,22.68,10+ years,1
9000.0,20.39,9 years,1
12000.0,27.85,5 years,1
10000.0,25.91,5 years,1
10000.0,15.25,2 years,1
25000.0,14.71,9 years,1
20000.0,11.68,< 1 year,1
3000.0,14.85,10+ years,1
6000.0,23.98,10+ years,1
10000.0,8.32,1 year,1
32000.0,11.7,5 years,1
22400.0,12.0,< 1 year,1
18000.0,17.12,10+ years,1
12000.0,18.35,6 years,1
25000.0,27.76,5 years,1
4800.0,28.21,7 years,1
10800.0,5.98,< 1 year,1
20800.0,18.23,10+ years,1
24000.0,30.39,1 year,1
8000.0,17.2,10+ years,1
10775.0,24.89,< 1 year,1
14000.0,19.17,10+ years,1
35000.0,23.73,10+ years,1
13200.0,30.61,10+ years,1
21600.0,21.38,2 years,1
7500.0,15.64,10+ years,1
5000.0,34.01,10+ years,1
17000.0,7.55,< 1 year,1
10000.0,19.75,2 years,1
16800.0,10.57,10+ years,1
12000.0,37.48,2 years,1
15000.0,11.63,10+ years,1
18000.0,22.33,< 1 year,1
13450.0,29.43,1 year,1
5000.0,15.47,10+ years,1
9000.0,17.52,7 years,1
10000.0,33.35,5 years,1
10800.0,36.07,10+ years,1
16000.0,31.57,2 years,1
10000.0,18.11,10+ years,1
12300.0,29.58,10+ years,1
10500.0,13.42,,1
20000.0,32.8,6 years,1
15000.0,26.69,3 years,1
9150.0,6.77,8 years,1
16750.0,17.45,10+ years,1
30000.0,12.41,1 year,1
15000.0,23.73,10+ years,1
20000.0,38.63,6 years,1
3000.0,4.64,6 years,1
1600.0,28.24,7 years,1
2400.0,16.03,< 1 year,1
19200.0,9.27,< 1 year,1
20400.0,10.11,4 years,1
8000.0,21.45,10+ years,1
1800.0,32.09,,1
30000.0,26.75,10+ years,1
21000.0,21.38,9 years,1
35000.0,31.63,3 years,1
15000.0,32.77,4 years,1
18000.0,23.44,10+ years,1
21550.0,21.96,6 years,1
15000.0,20.83,9 years,1
4250.0,16.72,8 years,1
26400.0,37.92,9 years,1
7000.0,15.7,,1
14400.0,36.93,1 year,1
28000.0,7.77,3 years,1
7450.0,24.61,6 years,1
11000.0,11.2,5 years,1
21000.0,25.13,1 year,1
8000.0,4.98,10+ years,1
6500.0,12.14,3 years,1
5500.0,14.19,< 1 year,1
21000.0,26.02,10+ years,1
20000.0,13.5,5 years,1
7000.0,20.26,7 years,1
7425.0,16.21,1 year,1
5000.0,22.72,8 years,1
15000.0,8.6,8 years,1
6800.0,3.0,1 year,1
6000.0,6.47,,1
35000.0,17.94,10+ years,1
20000.0,17.51,1 year,1
15000.0,8.98,1 year,1
12950.0,27.93,< 1 year,1
18000.0,30.02,10+ years,1
17100.0,23.63,,1
12000.0,23.83,7 years,1
15000.0,14.99,2 years,1
12000.0,16.67,9 years,1
18000.0,30.92,1 year,1
5000.0,28.45,2 years,1
5000.0,18.05,10+ years,1
13200.0,30.08,3 years,1
4200.0,5.19,3 years,1
25000.0,13.62,< 1 year,1
30000.0,17.08,,1
7500.0,6.24,2 years,1
4900.0,21.95,2 years,1
12225.0,8.27,1 year,1
14000.0,24.88,2 years,1
28000.0,17.01,10+ years,1
18650.0,16.12,4 years,1
9600.0,29.39,10+ years,1
6000.0,10.43,< 1 year,1
3750.0,18.88,,1
5000.0,18.73,9 years,1
7000.0,8.14,5 years,1
30000.0,5.32,10+ years,1
12000.0,19.65,9 years,1
1200.0,29.89,,1
20000.0,9.05,9 years,1
20000.0,21.41,3 years,1
16000.0,12.07,3 years,1
6300.0,13.4,8 years,1
14000.0,7.59,3 years,1
20000.0,18.74,10+ years,1
6000.0,19.38,10+ years,1
3000.0,18.64,,1
10000.0,35.23,9 years,1
6000.0,25.08,7 years,1
25000.0,29.15,10+ years,1
28000.0,8.82,10+ years,1
16000.0,18.17,2 years,1
16000.0,35.88,10+ years,1
6000.0,4.76,2 years,1
12000.0,21.32,7 years,1
15000.0,15.66,< 1 year,1
1000.0,29.8,1 year,1
24000.0,14.85,10+ years,1
14825.0,33.44,9 years,1
10000.0,21.7,10+ years,1
30000.0,17.56,2 years,1
20000.0,25.39,,1
35000.0,3.2,7 years,1
1200.0,16.8,10+ years,1
5925.0,17.28,10+ years,1
10800.0,12.27,6 years,1
12000.0,21.03,2 years,1
10000.0,5.89,< 1 year,1
22000.0,13.94,10+ years,1
6000.0,1.9,10+ years,1
24000.0,24.48,8 years,1
13000.0,25.53,8 years,1
12000.0,10.4,10+ years,1
8175.0,3.95,2 years,1
12000.0,28.86,2 years,1
20000.0,22.92,5 years,1
9500.0,35.53,,1
5000.0,20.0,10+ years,1
2000.0,7.72,5 years,1
8000.0,30.09,10+ years,1
16000.0,15.95,10+ years,1
25000.0,19.56,5 years,1
4600.0,2.96,,1
24800.0,27.19,,1
10000.0,6.33,10+ years,1
22000.0,8.68,3 years,1
9600.0,12.03,10+ years,1
2000.0,20.6,7 years,1
3650.0,13.8,3 years,1
16625.0,21.58,10+ years,1
32000.0,12.8,7 years,1
10000.0,32.47,10+ years,1
10000.0,24.33,8 years,1
10500.0,21.0,,1
9000.0,27.39,10+ years,1
16000.0,9.74,4 years,1
30000.0,20.82,8 years,1
26425.0,2.81,10+ years,1
4000.0,14.46,10+ years,1
8000.0,33.01,7 years,1
9600.0,14.09,4 years,1
8000.0,25.13,3 years,1
18000.0,16.2,10+ years,1
16000.0,19.96,10+ years,1
7200.0,18.08,8 years,1
35000.0,13.6,3 years,1
23000.0,26.62,5 years,1
5000.0,2.95,10+ years,1
9700.0,20.97,7 years,1
20000.0,6.17,10+ years,1
20000.0,9.02,10+ years,1
25000.0,15.85,10+ years,1
25000.0,19.21,,1
20000.0,24.67,< 1 year,1
10000.0,19.78,6 years,1
4200.0,20.13,10+ years,1
16725.0,30.14,7 years,1
18075.0,25.32,7 years,1
12000.0,15.11,1 year,1
7500.0,9.74,8 years,1
25000.0,11.99,2 years,1
28000.0,14.91,10+ years,1
11000.0,13.73,10+ years,1
3400.0,12.11,6 years,1
8050.0,26.23,,1
10000.0,22.91,4 years,1
20000.0,26.42,8 years,1
7000.0,6.94,,1
12000.0,19.67,4 years,1
35000.0,13.05,7 years,1
15000.0,17.61,10+ years,1
35000.0,18.36,< 1 year,1
9500.0,21.86,6 years,1
3000.0,20.68,,1
9000.0,12.0,2 years,1
16000.0,8.71,3 years,1
10000.0,20.18,2 years,1
6100.0,15.04,10+ years,1
35000.0,13.52,10+ years,1
25000.0,13.62,10+ years,1
16000.0,24.35,10+ years,1
15000.0,23.89,4 years,1
10000.0,1.65,10+ years,1
15725.0,27.96,8 years,1
5000.0,22.24,2 years,1
16000.0,15.36,4 years,1
24000.0,13.11,4 years,1
10000.0,32.44,< 1 year,1
30000.0,19.36,10+ years,1
4000.0,12.59,1 year,1
24000.0,25.71,3 years,1
10000.0,16.87,10+ years,1
3600.0,11.06,4 years,1
8000.0,24.5,10+ years,1
15375.0,21.91,10+ years,1
5000.0,14.94,10+ years,1
8000.0,8.17,,1
20625.0,19.29,3 years,1
10000.0,14.54,10+ years,1
21000.0,34.77,6 years,1
10500.0,27.84,4 years,1
30000.0,17.43,5 years,1
3000.0,10.64,,1
12000.0,19.33,10+ years,1
16000.0,13.73,7 years,1
24025.0,14.89,< 1 year,1
23225.0,13.22,1 year,1
6000.0,16.02,1 year,1
14400.0,33.17,10+ years,1
8400.0,8.0,4 years,1
15000.0,21.23,10+ years,1
21000.0,12.29,6 years,1
5000.0,36.8,1 year,1
16000.0,10.53,8 years,1
15600.0,7.4,6 years,1
19800.0,8.22,4 years,1
24000.0,9.24,1 year,1
9700.0,26.04,,1
18000.0,27.2,5 years,1
13000.0,10.45,2 years,1
31750.0,28.89,4 years,1
16000.0,12.18,10+ years,1
16000.0,12.48,4 years,1
18900.0,23.36,10+ years,1
15000.0,17.3,10+ years,1
15000.0,11.4,9 years,1
16800.0,34.28,10+ years,1
6000.0,17.37,,1
26000.0,19.44,2 years,1
11000.0,17.44,2 years,1
8000.0,24.28,1 year,1
7900.0,15.2,,1
13725.0,33.46,,1
27000.0,14.29,< 1 year,1
18000.0,8.24,5 years,1
16000.0,13.62,4 years,1
5000.0,35.18,10+ years,1
2200.0,15.06,7 years,1
10000.0,8.56,3 years,1
10000.0,26.48,,1
8000.0,20.85,1 year,1
6000.0,14.29,,1
2800.0,13.9,10+ years,1
25000.0,25.04,7 years,1
19200.0,8.96,8 years,1
15400.0,24.04,7 years,1
5000.0,21.16,< 1 year,1
16200.0,21.94,5 years,1
30000.0,11.3,5 years,1
7500.0,21.48,6 years,1
15000.0,24.05,3 years,1
15700.0,15.64,9 years,1
13300.0,17.61,2 years,1
6500.0,21.12,1 year,1
7100.0,27.97,10+ years,1
10000.0,20.48,9 years,1
16300.0,12.02,< 1 year,1
12000.0,23.33,10+ years,1
14000.0,29.53,10+ years,1
6000.0,12.03,10+ years,1
24000.0,32.05,10+ years,1
30800.0,35.56,10+ years,1
17000.0,18.2,9 years,1
6000.0,13.1,2 years,1
34750.0,38.74,10+ years,1
20000.0,25.1,3 years,1
5000.0,6.96,7 years,1
11000.0,12.74,5 years,1
30000.0,16.04,4 years,1
8000.0,12.65,10+ years,1
1000.0,20.16,2 years,1
6000.0,3.31,10+ years,1
12000.0,26.62,10+ years,1
3000.0,7.25,10+ years,1
8650.0,17.66,3 years,1
15000.0,20.07,5 years,1
5000.0,21.91,4 years,1
8000.0,28.62,< 1 year,1
22400.0,17.75,6 years,1
6000.0,16.19,5 years,1
10400.0,16.81,2 years,1
8000.0,12.71,1 year,1
32475.0,43.98,10+ years,1
24000.0,6.02,4 years,1
10200.0,16.04,10+ years,1
15000.0,10.3,< 1 year,1
6000.0,15.92,10+ years,1
14700.0,28.32,6 years,1
5000.0,18.01,,1
19000.0,25.9,8 years,1
12000.0,23.14,5 years,1
12000.0,12.4,1 year,1
22000.0,14.69,9 years,1
6000.0,11.55,3 years,1
20000.0,20.86,2 years,1
7000.0,26.06,10+ years,1
12775.0,34.4,10+ years,1
3500.0,14.22,< 1 year,1
8000.0,2.9,3 years,1
35000.0,14.04,10+ years,1
17000.0,5.2,10+ years,1
25000.0,23.82,5 years,1
10000.0,7.97,10+ years,1
12000.0,1.8,< 1 year,1
8000.0,29.12,3 years,1
8000.0,20.14,10+ years,1
15000.0,37.87,10+ years,1
16625.0,13.24,10+ years,1
20000.0,8.35,4 years,1
20000.0,28.85,9 years,1
7800.0,31.7,6 years,1
8000.0,14.34,10+ years,1
35000.0,17.81,10+ years,1
30000.0,27.36,10+ years,1
6000.0,34.59,10+ years,1
10000.0,7.69,10+ years,1
17875.0,36.62,3 years,1
8000.0,30.77,1 year,1
6875.0,8.43,2 years,1
16000.0,12.35,10+ years,1
5000.0,18.86,3 years,1
6750.0,17.47,8 years,1
11150.0,14.11,10+ years,1
14825.0,30.57,10+ years,1
15600.0,16.56,< 1 year,1
13000.0,16.83,2 years,1
11000.0,13.93,3 years,1
17100.0,17.79,1 year,1
30000.0,29.02,10+ years,1
11325.0,22.06,5 years,1
30000.0,10.56,4 years,1
21000.0,19.34,10+ years,1
6000.0,38.13,10+ years,1
20250.0,17.35,1 year,1
6500.0,29.7,2 years,1
12000.0,30.65,7 years,1
6000.0,10.92,5 years,1
25000.0,23.98,10+ years,1
15500.0,30.7,8 years,1
18650.0,31.7,< 1 year,1
23250.0,35.61,1 year,1
10000.0,29.81,10+ years,1
19175.0,37.2,5 years,1
35000.0,25.24,10+ years,1
2000.0,26.69,5 years,1
6300.0,6.38,,1
4000.0,17.47,10+ years,1
18000.0,21.74,10+ years,1
2000.0,18.37,1 year,1
31000.0,14.25,5 years,1
9000.0,6.9,< 1 year,1
20000.0,15.98,7 years,1
30000.0,22.89,3 years,1
18175.0,33.34,10+ years,1
16200.0,23.63,10+ years,1
20000.0,26.92,10+ years,1
35000.0,12.25,1 year,1
10000.0,20.87,1 year,1
12000.0,13.28,2 years,1
14000.0,24.86,10+ years,1
24000.0,22.32,10+ years,1
30000.0,13.23,< 1 year,1
5000.0,29.74,1 year,1
10000.0,26.71,10+ years,1
28000.0,21.66,3 years,1
20225.0,22.75,10+ years,1
28000.0,26.04,6 years,1
6500.0,12.53,10+ years,1
30800.0,22.72,10+ years,1
14775.0,29.88,< 1 year,1
24925.0,21.16,9 years,1
23000.0,28.3,10+ years,1
8000.0,23.1,4 years,1
30000.0,6.45,5 years,1
19000.0,31.98,7 years,1
12000.0,10.93,8 years,1
18000.0,25.15,2 years,1
28000.0,12.14,3 years,1
5000.0,27.74,< 1 year,1
9000.0,3.67,8 years,1
12000.0,18.92,10+ years,1
20000.0,14.35,5 years,1
10000.0,13.74,2 years,1
6000.0,3.41,10+ years,1
5600.0,28.51,4 years,1
3000.0,8.81,10+ years,1
4800.0,9.99,9 years,1
24550.0,27.73,8 years,1
8000.0,33.28,10+ years,1
6500.0,7.86,4 years,1
10000.0,7.93,9 years,1
5000.0,26.04,10+ years,1
8000.0,38.71,,1
15000.0,10.69,< 1 year,1
4800.0,25.5,,1
10000.0,26.67,10+ years,1
12675.0,32.62,10+ years,1
15000.0,12.74,10+ years,1
22800.0,10.77,10+ years,1
14000.0,14.2,3 years,1
2100.0,30.77,4 years,1
8100.0,15.12,4 years,1
24000.0,21.57,9 years,1
24000.0,7.76,4 years,1
20650.0,20.14,1 year,1
10800.0,31.53,,1
10000.0,12.07,10+ years,1
8000.0,20.31,7 years,1
12000.0,25.21,10+ years,1
12000.0,26.95,10+ years,1
18000.0,37.6,10+ years,1
5400.0,25.04,10+ years,1
7750.0,4.74,10+ years,1
15000.0,3.41,2 years,1
11000.0,28.97,2 years,1
16000.0,15.49,10+ years,1
15000.0,16.59,6 years,1
6000.0,14.21,8 years,1
22000.0,12.31,< 1 year,1
2100.0,4.34,7 years,1
10000.0,22.81,5 years,1
14000.0,15.56,< 1 year,1
2000.0,1.13,2 years,1
6000.0,28.9,< 1 year,1
6500.0,19.56,6 years,1
15000.0,18.75,10+ years,1
11200.0,29.32,10+ years,1
6000.0,11.21,10+ years,1
26400.0,21.33,4 years,1
15000.0,10.22,3 years,1
20600.0,22.62,10+ years,1
7200.0,16.94,4 years,1
35000.0,19.33,1 year,1
25200.0,10.99,10+ years,1
15000.0,9.39,,1
12000.0,19.58,< 1 year,1
24000.0,12.4,< 1 year,1
12000.0,9.19,2 years,1
6500.0,19.35,8 years,1
18000.0,25.97,3 years,1
10000.0,8.95,10+ years,1
8225.0,21.55,9 years,1
9500.0,7.46,1 year,1
15000.0,25.11,6 years,1
8400.0,27.36,7 years,1
3000.0,21.21,< 1 year,1
24000.0,22.58,4 years,1
2400.0,29.73,5 years,1
8000.0,25.46,10+ years,1
12000.0,17.9,3 years,1
25000.0,21.98,9 years,1
15000.0,21.87,1 year,1
3700.0,33.24,< 1 year,1
35000.0,9.1,10+ years,1
4800.0,5.23,< 1 year,1
7200.0,35.13,10+ years,1
24000.0,7.25,5 years,1
12300.0,28.25,< 1 year,1
1500.0,9.97,4 years,1
9275.0,6.75,3 years,1
12000.0,25.07,8 years,1
5000.0,14.8,10+ years,1
10500.0,25.34,,1
15000.0,23.96,5 years,1
8400.0,20.08,< 1 year,1
10000.0,33.95,< 1 year,1
16000.0,11.92,< 1 year,1
2200.0,38.33,10+ years,1
3950.0,32.79,5 years,1
7500.0,11.59,7 years,1
5600.0,29.51,1 year,1
28000.0,26.82,10+ years,1
18000.0,34.41,< 1 year,1
15425.0,29.93,10+ years,1
28000.0,16.65,< 1 year,1
8425.0,26.23,5 years,1
25000.0,19.83,1 year,1
9500.0,13.32,4 years,1
15500.0,21.44,2 years,1
25000.0,18.04,4 years,1
12000.0,13.25,8 years,1
5000.0,24.45,5 years,1
24000.0,17.91,2 years,1
28000.0,14.38,10+ years,1
18000.0,23.92,4 years,1
24000.0,3.27,10+ years,1
16000.0,30.8,< 1 year,1
21000.0,16.86,10+ years,1
32000.0,17.7,10+ years,1
10000.0,22.35,,1
16000.0,17.12,10+ years,1
10000.0,27.92,10+ years,1
15000.0,5.15,< 1 year,1
11375.0,17.36,7 years,1
15000.0,12.53,4 years,1
18000.0,24.53,< 1 year,1
4800.0,10.41,2 years,1
8000.0,31.52,2 years,1
2500.0,28.73,,1
9000.0,28.13,< 1 year,1
12000.0,13.51,6 years,1
10000.0,29.03,1 year,1
18000.0,20.78,< 1 year,1
18000.0,16.13,10+ years,1
10000.0,26.08,10+ years,1
10000.0,21.36,10+ years,1
17475.0,21.83,,1
9000.0,7.52,,1
8800.0,25.57,3 years,1
9700.0,13.25,2 years,1
22000.0,29.01,10+ years,1
11200.0,21.54,< 1 year,1
15000.0,22.32,,1
21600.0,11.16,3 years,1
12000.0,38.32,3 years,1
10000.0,5.3,10+ years,1
18000.0,15.12,6 years,1
8000.0,8.17,10+ years,1
8000.0,19.95,10+ years,1
24000.0,26.54,3 years,1
5000.0,12.39,10+ years,1
8150.0,16.41,< 1 year,1
12000.0,18.4,1 year,1
5000.0,38.91,3 years,1
20000.0,16.8,2 years,1
9600.0,14.77,1 year,1
16000.0,13.44,10+ years,1
31225.0,27.32,10+ years,1
20000.0,10.42,10+ years,1
21000.0,16.94,10+ years,1
10000.0,17.26,10+ years,1
15000.0,22.57,3 years,1
7000.0,9.32,,1
9000.0,16.14,10+ years,1
28000.0,6.31,5 years,1
10000.0,20.32,9 years,1
3600.0,18.29,10+ years,1
35000.0,17.44,10+ years,1
10000.0,26.13,9 years,1
35000.0,34.91,10+ years,1
15000.0,9.3,8 years,1
13250.0,13.66,6 years,1
7000.0,31.47,3 years,1
20000.0,24.28,10+ years,1
19200.0,20.13,10+ years,1
3125.0,3.43,< 1 year,1
16000.0,28.85,1 year,1
24000.0,7.72,10+ years,1
24000.0,17.86,2 years,1
10800.0,27.64,4 years,1
15000.0,3.64,10+ years,1
24000.0,20.33,10+ years,1
15875.0,20.1,< 1 year,1
19200.0,17.52,2 years,1
32000.0,9.89,3 years,1
8000.0,14.05,10+ years,1
8000.0,33.07,2 years,1
17500.0,9.02,10+ years,1
6500.0,20.82,,1
8000.0,35.49,10+ years,1
10000.0,13.82,2 years,1
18000.0,5.5,8 years,1
15000.0,10.93,10+ years,1
5000.0,16.23,< 1 year,1
10000.0,14.8,< 1 year,1
24000.0,13.07,8 years,1
20000.0,29.54,1 year,1
15975.0,14.12,1 year,1
24000.0,8.67,10+ years,1
30000.0,16.53,< 1 year,1
35000.0,11.74,10+ years,1
10925.0,20.61,10+ years,1
35000.0,25.13,1 year,1
4800.0,26.2,1 year,1
4325.0,20.48,10+ years,1
6000.0,18.48,9 years,1
16200.0,12.69,10+ years,1
15000.0,24.33,9 years,1
8000.0,18.03,10+ years,1
12000.0,24.15,1 year,1
6000.0,9.82,10+ years,1
18000.0,14.12,8 years,1
2600.0,13.06,3 years,1
10000.0,9.72,5 years,1
24000.0,16.93,10+ years,1
15600.0,32.72,4 years,1
7200.0,24.36,2 years,1
5000.0,14.17,6 years,1
27850.0,24.91,10+ years,1
26600.0,23.64,10+ years,1
21000.0,18.69,10+ years,1
2000.0,18.66,10+ years,1
5000.0,35.56,6 years,1
12250.0,29.28,1 year,1
7000.0,27.87,4 years,1
13000.0,30.29,10+ years,1
8000.0,18.49,9 years,1
17000.0,19.88,10+ years,1
22000.0,13.03,< 1 year,1
5000.0,3.42,6 years,1
10000.0,8.44,10+ years,1
12000.0,16.73,10+ years,1
8000.0,23.39,10+ years,1
15000.0,28.92,4 years,1
29850.0,0.37,4 years,1
28000.0,26.83,10+ years,1
3600.0,8.3,6 years,1
15000.0,28.03,10+ years,1
35000.0,0.99,2 years,1
8500.0,20.67,10+ years,1
11200.0,34.06,3 years,1
30250.0,27.66,9 years,1
5000.0,32.41,,1
19600.0,18.63,< 1 year,1
15700.0,4.49,2 years,1
35000.0,22.29,10+ years,1
30000.0,34.08,3 years,1
25200.0,14.21,10+ years,1
10000.0,36.3,10+ years,1
7500.0,16.82,3 years,1
9000.0,21.61,< 1 year,1
15575.0,18.38,< 1 year,1
5000.0,28.1,2 years,1
18000.0,8.4,4 years,1
5600.0,38.26,2 years,1
11225.0,12.85,< 1 year,1
20000.0,18.36,10+ years,1
6500.0,14.99,3 years,1
10000.0,18.04,6 years,1
28000.0,21.53,10+ years,1
8000.0,14.16,< 1 year,1
18000.0,10.85,5 years,1
35000.0,17.14,< 1 year,1
24000.0,15.42,8 years,1
28000.0,34.29,3 years,1
5000.0,17.03,3 years,1
14400.0,23.64,10+ years,1
10000.0,22.18,1 year,1
3600.0,7.88,1 year,1
21000.0,16.36,9 years,1
16800.0,24.34,4 years,1
30000.0,32.28,,1
20000.0,32.31,10+ years,1
12575.0,18.62,10+ years,1
13000.0,27.96,1 year,1
10000.0,10.16,10+ years,1
20000.0,17.01,10+ years,1
13900.0,25.37,< 1 year,1
13600.0,33.79,10+ years,1
12000.0,34.49,,1
35000.0,23.65,3 years,1
2500.0,31.38,5 years,1
16000.0,21.74,10+ years,1
18000.0,6.53,4 years,1
35000.0,20.38,10+ years,1
25000.0,27.13,< 1 year,1
10575.0,22.39,9 years,1
30000.0,16.2,10+ years,1
6000.0,21.2,9 years,1
9100.0,7.6,2 years,1
20000.0,10.95,10+ years,1
22950.0,12.4,2 years,1
15000.0,8.86,5 years,1
10000.0,9.12,< 1 year,1
9800.0,39.6,4 years,1
16000.0,23.24,2 years,1
18000.0,28.62,10+ years,1
25000.0,30.12,10+ years,1
15000.0,9.69,< 1 year,1
15400.0,16.63,< 1 year,1
2800.0,3.44,8 years,1
30000.0,24.0,10+ years,1
13000.0,22.59,3 years,1
35000.0,16.33,10+ years,1
6000.0,5.95,1 year,1
24000.0,30.15,10+ years,1
24200.0,17.59,5 years,1
7575.0,39.27,,1
15000.0,27.38,7 years,1
6000.0,15.84,< 1 year,1
19750.0,38.82,10+ years,1
3500.0,27.92,10+ years,1
35000.0,8.15,4 years,1
7000.0,10.98,10+ years,1
29950.0,20.39,10+ years,1
11000.0,8.32,4 years,1
7000.0,27.67,5 years,1
9600.0,22.38,6 years,1
30000.0,22.7,< 1 year,1
27600.0,23.77,10+ years,1
5000.0,18.46,10+ years,1
4800.0,34.77,5 years,1
24950.0,20.03,9 years,1
5000.0,15.55,3 years,1
16500.0,28.74,10+ years,1
1600.0,25.18,4 years,1
9800.0,5.97,4 years,1
25000.0,18.18,10+ years,1
2500.0,21.21,< 1 year,1
10000.0,19.63,4 years,1
11000.0,13.79,< 1 year,1
27000.0,16.89,5 years,1
15000.0,7.9,10+ years,1
5000.0,22.8,10+ years,1
16800.0,19.33,10+ years,1
12000.0,17.57,10+ years,1
15000.0,21.92,4 years,1
13000.0,18.82,< 1 year,1
20000.0,5.61,2 years,1
20000.0,21.14,4 years,1
10000.0,16.07,1 year,1
11000.0,28.9,3 years,1
6000.0,16.5,1 year,1
21000.0,17.48,5 years,1
13625.0,9.79,1 year,1
8000.0,11.03,4 years,1
11200.0,17.65,10+ years,1
3400.0,22.46,2 years,1
5000.0,32.21,10+ years,1
3600.0,20.48,3 years,1
30000.0,22.38,3 years,1
5000.0,18.91,< 1 year,1
5000.0,15.53,1 year,1
30000.0,5.27,< 1 year,1
7200.0,14.49,2 years,1
17000.0,24.81,< 1 year,1
28000.0,22.09,6 years,1
21000.0,4.02,3 years,1
2000.0,34.26,10+ years,1
12000.0,19.91,2 years,1
12000.0,20.14,1 year,1
18000.0,19.42,9 years,1
6400.0,17.01,10+ years,1
5000.0,2.53,6 years,1
18000.0,18.2,10+ years,1
20000.0,0.92,< 1 year,1
8000.0,7.6,< 1 year,1
14000.0,11.19,3 years,1
35000.0,17.42,7 years,1
34300.0,14.48,3 years,1
1000.0,21.07,8 years,1
6400.0,30.6,4 years,1
15000.0,24.58,5 years,1
12000.0,12.46,3 years,1
10000.0,19.94,9 years,1
5600.0,13.84,3 years,1
35000.0,17.99,10+ years,1
6000.0,9.11,10+ years,1
12000.0,14.46,10+ years,1
12000.0,15.42,6 years,1
20000.0,30.61,5 years,1
25400.0,38.97,7 years,1
4625.0,16.47,5 years,1
15000.0,25.45,10+ years,1
11175.0,21.91,,1
6200.0,10.91,< 1 year,1
10000.0,11.22,10+ years,1
15000.0,11.17,2 years,1
4200.0,28.65,10+ years,1
9000.0,19.2,10+ years,1
30000.0,29.58,10+ years,1
35000.0,18.66,9 years,1
3000.0,4.26,10+ years,1
10000.0,8.49,9 years,1
10000.0,18.99,10+ years,1
35000.0,22.3,< 1 year,1
24000.0,11.34,10+ years,1
24000.0,29.21,1 year,1
33075.0,10.58,10+ years,1
6000.0,19.06,5 years,1
10300.0,32.24,4 years,1
21000.0,31.99,10+ years,1
20000.0,11.66,10+ years,1
18050.0,34.49,10+ years,1
20000.0,27.08,10+ years,1
5000.0,6.63,10+ years,1
12000.0,2.45,10+ years,1
4000.0,19.1,10+ years,1
16000.0,20.75,6 years,1
35000.0,29.68,2 years,1
10000.0,25.31,10+ years,1
7400.0,6.73,2 years,1
9000.0,22.29,10+ years,1
12000.0,26.32,8 years,1
22000.0,19.97,< 1 year,1
3000.0,16.94,5 years,1
20000.0,32.45,3 years,1
10000.0,8.03,1 year,1
2200.0,6.81,,1
10000.0,17.47,3 years,1
20150.0,28.2,7 years,1
23650.0,2.55,1 year,1
11525.0,30.43,7 years,1
11000.0,26.0,10+ years,1
20000.0,21.21,9 years,1
6000.0,16.81,10+ years,1
18000.0,26.14,< 1 year,1
30000.0,7.96,3 years,1
18950.0,15.1,,1
12600.0,28.01,3 years,1
4800.0,2.81,3 years,1
5275.0,3.6,3 years,1
12000.0,15.12,< 1 year,1
8500.0,16.13,2 years,1
19200.0,16.58,8 years,1
8000.0,15.96,3 years,1
6000.0,18.39,,1
6000.0,9.94,8 years,1
15000.0,33.29,10+ years,1
6500.0,14.72,10+ years,1
35000.0,21.92,8 years,1
5500.0,18.36,4 years,1
18000.0,13.6,10+ years,1
8000.0,10.12,10+ years,1
24000.0,11.04,10+ years,1
3000.0,20.72,5 years,1
14400.0,15.57,5 years,1
20000.0,19.88,10+ years,1
8000.0,15.38,4 years,1
27000.0,16.09,2 years,1
10075.0,21.35,5 years,1
17000.0,17.23,10+ years,1
28750.0,24.19,10+ years,1
1300.0,9.16,1 year,1
19200.0,28.45,1 year,1
34500.0,22.98,1 year,1
20000.0,7.76,,1
30000.0,10.18,10+ years,1
8000.0,30.82,8 years,1
10000.0,13.43,2 years,1
7000.0,10.49,10+ years,1
12000.0,10.59,9 years,1
12000.0,13.7,8 years,1
4200.0,3.48,8 years,1
12000.0,25.05,10+ years,1
20000.0,10.25,10+ years,1
12000.0,22.04,6 years,1
13925.0,12.09,3 years,1
19000.0,9.72,2 years,1
10000.0,15.65,< 1 year,1
5000.0,24.85,10+ years,1
6500.0,24.01,3 years,1
22250.0,27.34,1 year,1
6000.0,8.38,10+ years,1
7550.0,25.54,2 years,1
21600.0,20.68,10+ years,1
20000.0,8.83,5 years,1
22000.0,24.78,5 years,1
19400.0,39.34,10+ years,1
6000.0,23.94,< 1 year,1
4000.0,7.45,< 1 year,1
11200.0,24.12,< 1 year,1
20000.0,27.44,8 years,1
6000.0,28.95,3 years,1
30000.0,19.05,10+ years,1
8000.0,22.83,,1
15000.0,11.06,2 years,1
13000.0,7.87,3 years,1
13750.0,9.45,10+ years,1
8400.0,5.7,10+ years,1
11500.0,22.35,5 years,1
12575.0,15.26,5 years,1
20000.0,23.82,< 1 year,1
24000.0,19.04,10+ years,1
3500.0,31.86,3 years,1
20000.0,17.76,1 year,1
21000.0,27.01,4 years,1
9000.0,21.74,10+ years,1
12000.0,18.0,< 1 year,1
25000.0,31.55,10+ years,1
10000.0,28.22,10+ years,1
5500.0,29.84,< 1 year,1
12000.0,37.72,10+ years,1
6000.0,15.49,7 years,1
11000.0,28.46,< 1 year,1
18000.0,21.64,3 years,1
7000.0,8.36,5 years,1
12000.0,14.68,4 years,1
10000.0,12.21,10+ years,1
31000.0,20.29,1 year,1
14600.0,21.83,10+ years,1
35000.0,18.99,< 1 year,1
31150.0,22.3,< 1 year,1
12500.0,10.02,4 years,1
28000.0,24.17,2 years,1
24000.0,25.87,6 years,1
16000.0,6.36,< 1 year,1
10000.0,11.65,3 years,1
30000.0,17.39,,1
20000.0,27.36,3 years,1
10200.0,12.49,6 years,1
19200.0,35.09,10+ years,1
11500.0,23.37,9 years,1
10000.0,19.56,10+ years,1
9600.0,19.89,10+ years,1
15400.0,12.69,8 years,1
15950.0,33.15,7 years,1
16000.0,16.52,5 years,1
35000.0,29.77,10+ years,1
15000.0,7.17,5 years,1
17025.0,32.11,4 years,1
8000.0,20.51,1 year,1
7200.0,21.12,1 year,1
10000.0,24.22,2 years,1
14000.0,21.92,,1
10000.0,29.91,2 years,1
3000.0,9.48,10+ years,1
1500.0,20.33,10+ years,1
7625.0,5.41,4 years,1
17975.0,9.57,3 years,1
15000.0,28.66,< 1 year,1
15000.0,16.95,< 1 year,1
15000.0,29.63,2 years,1
7200.0,12.29,7 years,1
2400.0,9.69,1 year,1
4100.0,9.6,4 years,1
17000.0,5.0,10+ years,1
21000.0,20.0,3 years,1
16625.0,20.6,10+ years,1
17000.0,21.48,10+ years,1
30000.0,14.7,10+ years,1
16000.0,8.59,2 years,1
7000.0,23.73,1 year,1
3525.0,14.59,8 years,1
19200.0,22.88,10+ years,1
10350.0,11.27,3 years,1
5000.0,7.5,6 years,1
1400.0,2.75,10+ years,1
23000.0,32.36,4 years,1
10000.0,28.06,10+ years,1
12500.0,13.61,1 year,1
15000.0,24.5,10+ years,1
6000.0,21.67,1 year,1
5000.0,4.72,10+ years,1
18025.0,29.5,3 years,1
16000.0,22.71,3 years,1
5000.0,17.97,10+ years,1
11350.0,30.4,4 years,1
4050.0,17.55,< 1 year,1
17000.0,4.2,3 years,1
12000.0,29.46,9 years,1
7500.0,33.0,10+ years,1
16000.0,10.79,1 year,1
12000.0,14.84,10+ years,1
9375.0,25.4,3 years,1
25000.0,20.57,6 years,1
14000.0,10.79,10+ years,1
14400.0,12.35,10+ years,1
25950.0,28.79,10+ years,1
15000.0,16.11,2 years,1
6000.0,18.93,1 year,1
24000.0,16.94,8 years,1
20000.0,10.35,2 years,1
6000.0,18.95,9 years,1
14400.0,11.68,1 year,1
10000.0,24.0,3 years,1
19200.0,21.95,10+ years,1
14000.0,28.83,4 years,1
9000.0,31.76,10+ years,1
12025.0,12.74,10+ years,1
26050.0,12.5,10+ years,1
12000.0,4.8,8 years,1
8875.0,23.68,10+ years,1
10000.0,9.42,2 years,1
5000.0,11.58,10+ years,1
3500.0,27.93,,1
10000.0,12.74,8 years,1
16000.0,16.99,< 1 year,1
27275.0,31.94,10+ years,1
10000.0,11.22,,1
20000.0,23.12,2 years,1
8000.0,25.4,5 years,1
12650.0,22.91,3 years,1
1000.0,10.49,10+ years,1
4875.0,30.24,,1
10000.0,15.05,10+ years,1
29000.0,14.36,9 years,1
30000.0,20.47,3 years,1
22500.0,4.53,10+ years,1
15000.0,19.93,3 years,1
9475.0,17.47,6 years,1
23975.0,32.42,5 years,1
5400.0,9.38,,1
9000.0,16.63,3 years,1
18000.0,11.68,1 year,1
35000.0,26.1,5 years,1
15000.0,15.91,2 years,1
6000.0,20.55,10+ years,1
15000.0,25.01,10+ years,1
10000.0,26.47,2 years,1
15000.0,6.52,10+ years,1
16200.0,36.17,1 year,1
8000.0,29.02,10+ years,1
5000.0,38.64,10+ years,1
6025.0,14.6,10+ years,1
18000.0,2.77,2 years,1
24000.0,35.68,< 1 year,1
16000.0,20.09,2 years,1
15000.0,8.18,6 years,1
1500.0,16.03,< 1 year,1
35000.0,11.04,10+ years,1
14000.0,38.25,10+ years,1
10000.0,13.67,2 years,1
21575.0,10.76,6 years,1
21600.0,28.13,2 years,1
8000.0,23.75,4 years,1
15000.0,14.82,5 years,1
16000.0,14.19,,1
10000.0,30.8,10+ years,1
7000.0,5.57,10+ years,1
10725.0,17.46,10+ years,1
3000.0,18.92,1 year,1
3250.0,28.4,2 years,1
5350.0,19.43,,1
15000.0,6.74,10+ years,1
10000.0,9.72,10+ years,1
20000.0,22.61,8 years,1
10000.0,23.97,< 1 year,1
12525.0,33.09,10+ years,1
20000.0,25.48,10+ years,1
10000.0,17.09,8 years,1
16825.0,28.41,8 years,1
10000.0,6.17,1 year,1
14000.0,11.16,,1
20000.0,14.57,10+ years,1
12000.0,37.56,10+ years,1
5000.0,11.1,5 years,1
10000.0,11.52,,1
24000.0,18.23,2 years,1
8000.0,15.4,10+ years,1
30000.0,35.25,1 year,1
4775.0,17.02,10+ years,1
6000.0,20.77,< 1 year,1
8000.0,16.87,3 years,1
3000.0,21.76,3 years,1
13600.0,7.46,5 years,1
3000.0,7.5,,1
8500.0,26.93,,1
3825.0,20.2,2 years,1
16000.0,8.83,5 years,1
21000.0,28.09,10+ years,1
2000.0,7.33,,1
23025.0,8.2,< 1 year,1
4000.0,20.75,9 years,1
4500.0,8.24,3 years,1
18000.0,10.46,< 1 year,1
16650.0,29.41,10+ years,1
8400.0,37.97,7 years,1
35000.0,30.07,2 years,1
25000.0,22.86,5 years,1
15000.0,7.85,10+ years,1
19200.0,9.93,10+ years,1
16000.0,16.28,8 years,1
18000.0,12.04,4 years,1
5000.0,31.45,,1
35000.0,22.17,< 1 year,1
16000.0,0.07,4 years,1
30000.0,10.31,5 years,1
34975.0,22.49,6 years,1
10950.0,18.38,3 years,1
25000.0,16.12,10+ years,1
13200.0,13.07,10+ years,1
14000.0,20.56,10+ years,1
8000.0,14.33,3 years,1
33600.0,38.17,10+ years,1
20000.0,11.39,1 year,1
25525.0,19.63,10+ years,1
12000.0,27.79,10+ years,1
10000.0,12.21,1 year,1
6800.0,30.19,1 year,1
30000.0,13.99,10+ years,1
9000.0,27.6,5 years,1
3500.0,19.94,10+ years,1
19200.0,10.2,5 years,1
11200.0,2.69,10+ years,1
15000.0,5.09,7 years,1
28500.0,25.57,7 years,1
6950.0,20.0,2 years,1
6000.0,20.82,10+ years,1
9000.0,21.33,< 1 year,1
14000.0,13.27,< 1 year,1
10000.0,26.64,10+ years,1
19350.0,23.46,10+ years,1
6250.0,34.75,10+ years,1
11700.0,27.92,< 1 year,1
35000.0,20.24,10+ years,1
35000.0,37.83,< 1 year,1
22800.0,15.06,9 years,1
8500.0,8.74,2 years,1
3200.0,6.82,4 years,1
30000.0,17.3,10+ years,1
15600.0,19.95,2 years,1
20000.0,14.13,4 years,1
10000.0,20.24,3 years,1
6025.0,15.21,10+ years,1
30000.0,21.11,10+ years,1
10000.0,17.24,10+ years,1
12000.0,15.44,< 1 year,1
13975.0,23.19,10+ years,1
24000.0,24.25,8 years,1
5000.0,10.84,10+ years,1
7200.0,33.21,,1
31950.0,16.81,1 year,1
14000.0,29.93,10+ years,1
18000.0,13.66,7 years,1
15000.0,17.33,9 years,1
20000.0,3.31,8 years,1
3000.0,9.97,< 1 year,1
16000.0,26.11,4 years,1
9100.0,18.73,1 year,1
2500.0,21.39,< 1 year,1
25200.0,25.84,10+ years,1
15000.0,28.58,6 years,1
12000.0,10.7,10+ years,1
35000.0,12.65,4 years,1
5000.0,25.76,,1
16000.0,9.92,9 years,1
21000.0,8.11,7 years,1
5925.0,35.8,,1
6000.0,9.18,10+ years,1
9600.0,25.28,10+ years,1
10000.0,27.2,< 1 year,1
15600.0,8.32,9 years,1
19300.0,26.47,8 years,1
10000.0,8.8,5 years,1
10000.0,6.14,4 years,1
20000.0,29.7,10+ years,1
35000.0,23.78,3 years,1
3000.0,18.77,< 1 year,1
12000.0,25.95,3 years,1
8725.0,19.41,1 year,1
1000.0,18.36,10+ years,1
15000.0,16.39,10+ years,1
14000.0,33.84,5 years,1
35000.0,27.64,< 1 year,1
10000.0,35.69,10+ years,1
3700.0,35.26,10+ years,1
5000.0,28.49,8 years,1
1000.0,10.82,9 years,1
21600.0,34.02,1 year,1
5000.0,26.09,,1
18500.0,30.96,,1
15000.0,27.01,10+ years,1
15000.0,17.47,5 years,1
8025.0,22.14,1 year,1
12375.0,27.22,2 years,1
30000.0,24.84,6 years,1
20000.0,11.23,< 1 year,1
6025.0,23.81,4 years,1
9800.0,23.09,10+ years,1
32850.0,13.86,10+ years,1
20000.0,7.38,1 year,1
35000.0,34.14,10+ years,1
10000.0,15.72,10+ years,1
35000.0,18.31,8 years,1
4325.0,37.4,10+ years,1
7200.0,24.2,3 years,1
3000.0,35.33,4 years,1
16800.0,16.98,< 1 year,1
12825.0,29.03,10+ years,1
10400.0,24.01,3 years,1
5000.0,32.07,,1
16000.0,27.15,9 years,1
4000.0,23.23,2 years,1
12000.0,16.09,3 years,1
10000.0,18.84,9 years,1
12000.0,21.9,4 years,1
24000.0,23.39,10+ years,1
6500.0,35.61,10+ years,1
15000.0,8.76,10+ years,1
3600.0,35.55,10+ years,1
15000.0,31.58,6 years,1
5000.0,13.16,< 1 year,1
8000.0,17.7,10+ years,1
8000.0,7.19,2 years,1
4000.0,11.15,7 years,1
30000.0,16.46,10+ years,1
15000.0,21.34,8 years,1
10000.0,23.4,10+ years,1
10000.0,18.89,5 years,1
34300.0,28.29,2 years,1
1650.0,21.31,1 year,1
22400.0,15.37,10+ years,1
25000.0,17.36,5 years,1
32000.0,24.84,10+ years,1
12000.0,12.5,10+ years,1
14800.0,18.54,2 years,1
18000.0,38.04,10+ years,1
10000.0,11.69,7 years,1
2150.0,4.6,3 years,1
6000.0,18.49,10+ years,1
7875.0,24.73,9 years,1
5000.0,27.37,10+ years,1
8000.0,23.02,10+ years,1
20000.0,8.7,10+ years,1
2325.0,16.74,,1
8000.0,29.66,< 1 year,1
21000.0,17.65,3 years,1
35000.0,26.93,10+ years,1
9000.0,23.76,10+ years,1
15000.0,8.7,,1
8000.0,12.93,10+ years,1
3500.0,10.72,5 years,1
5000.0,32.55,1 year,1
5000.0,6.98,< 1 year,1
35000.0,6.34,10+ years,1
8000.0,32.19,< 1 year,1
15000.0,24.56,10+ years,1
16000.0,9.41,< 1 year,1
7000.0,12.94,2 years,1
16000.0,26.88,8 years,1
8000.0,14.06,10+ years,1
20000.0,25.37,9 years,1
6025.0,12.99,8 years,1
12000.0,12.74,9 years,1
15000.0,2.73,4 years,1
12000.0,24.79,< 1 year,1
8000.0,26.99,10+ years,1
13400.0,31.45,3 years,1
10000.0,11.32,2 years,1
2500.0,17.19,3 years,1
8000.0,10.23,10+ years,1
10000.0,12.39,10+ years,1
18875.0,28.02,4 years,1
10000.0,23.07,6 years,1
32000.0,7.8,2 years,1
2000.0,28.23,,1
6000.0,9.68,2 years,1
24475.0,13.55,10+ years,1
20000.0,17.16,3 years,1
25000.0,19.19,5 years,1
6550.0,11.53,6 years,1
35000.0,13.56,5 years,1
7500.0,36.25,5 years,1
11500.0,17.15,10+ years,1
4925.0,17.79,6 years,1
35000.0,9.23,4 years,1
9000.0,35.59,6 years,1
28000.0,29.01,5 years,1
7000.0,3.36,5 years,1
3000.0,5.28,6 years,1
24000.0,20.25,10+ years,1
6000.0,7.24,< 1 year,1
8000.0,14.79,10+ years,1
21000.0,18.3,10+ years,1
15000.0,21.15,10+ years,1
30000.0,18.68,10+ years,1
12000.0,11.81,3 years,1
14400.0,11.41,10+ years,1
2500.0,18.76,< 1 year,1
5000.0,27.99,10+ years,1
3500.0,22.31,5 years,1
15000.0,30.0,10+ years,1
19900.0,28.05,10+ years,1
35000.0,32.12,3 years,1
18500.0,11.35,10+ years,1
8000.0,8.21,2 years,1
20000.0,9.14,10+ years,1
5400.0,14.4,3 years,1
24000.0,20.92,< 1 year,1
21375.0,17.43,3 years,1
26600.0,34.43,10+ years,1
10000.0,6.44,5 years,1
20000.0,12.1,2 years,1
20000.0,16.42,10+ years,1
35000.0,33.8,10+ years,1
7800.0,20.4,2 years,1
7200.0,17.44,10+ years,1
5600.0,35.98,1 year,1
8400.0,14.18,3 years,1
35000.0,9.49,< 1 year,1
7000.0,18.0,2 years,1
7200.0,19.68,10+ years,1
35000.0,11.43,3 years,1
10625.0,26.12,1 year,1
6000.0,4.85,7 years,1
20000.0,20.14,10+ years,1
16000.0,8.84,10+ years,1
34000.0,27.36,10+ years,1
10725.0,35.41,< 1 year,1
5000.0,15.64,,1
23750.0,24.44,10+ years,1
9500.0,14.95,7 years,1
35000.0,1.44,6 years,1
2400.0,19.59,8 years,1
20000.0,34.55,7 years,1
35000.0,24.74,10+ years,1
35000.0,18.7,2 years,1
24000.0,4.23,10+ years,1
15000.0,24.01,,1
16000.0,28.55,6 years,1
7000.0,30.66,10+ years,1
12000.0,21.71,10+ years,1
14400.0,35.36,10+ years,1
21000.0,20.27,5 years,1
25000.0,17.97,5 years,1
15000.0,10.84,9 years,1
1225.0,0.05,10+ years,1
16000.0,11.14,7 years,1
35000.0,21.95,5 years,1
17000.0,11.45,10+ years,1
8400.0,13.08,< 1 year,1
14400.0,32.82,10+ years,1
4500.0,22.76,,1
22400.0,28.88,10+ years,1
25000.0,19.35,2 years,1
5950.0,9.67,10+ years,1
15000.0,6.07,3 years,1
10000.0,19.11,5 years,1
24000.0,13.98,10+ years,1
22500.0,21.26,< 1 year,1
2800.0,13.84,10+ years,1
22900.0,15.12,3 years,1
3000.0,17.04,6 years,1
9600.0,18.68,10+ years,1
6000.0,16.59,2 years,1
16550.0,14.61,3 years,1
9500.0,18.94,4 years,1
6000.0,11.15,,1
7000.0,6.43,,1
10650.0,7.19,10+ years,1
24000.0,12.73,10+ years,1
20000.0,23.84,10+ years,1
20000.0,18.13,10+ years,1
12000.0,12.46,10+ years,1
16000.0,11.42,3 years,1
30000.0,23.55,10+ years,1
12000.0,20.88,10+ years,1
12000.0,23.24,10+ years,1
4800.0,18.87,< 1 year,1
20000.0,19.59,9 years,1
10450.0,17.82,6 years,1
9600.0,8.4,3 years,1
12000.0,6.9,< 1 year,1
12000.0,13.4,10+ years,1
10000.0,25.1,5 years,1
15000.0,26.31,3 years,1
11350.0,23.92,10+ years,1
3000.0,24.76,< 1 year,1
16000.0,25.43,3 years,1
25000.0,13.06,10+ years,1
8400.0,15.11,10+ years,1
17750.0,30.27,8 years,1
2400.0,20.01,1 year,1
28000.0,17.43,1 year,1
7000.0,25.17,2 years,1
28000.0,20.91,< 1 year,1
28000.0,16.15,10+ years,1
22000.0,14.1,10+ years,1
25000.0,15.07,10+ years,1
33600.0,28.02,10+ years,1
5325.0,11.48,1 year,1
24000.0,23.12,< 1 year,1
16000.0,21.53,9 years,1
20000.0,19.16,2 years,1
2000.0,19.56,,1
14500.0,12.62,1 year,1
20000.0,2.66,5 years,1
5000.0,33.4,5 years,1
14600.0,15.16,6 years,1
15400.0,7.55,1 year,1
17500.0,5.21,1 year,1
23000.0,28.92,7 years,1
10000.0,23.76,< 1 year,1
20000.0,2.34,4 years,1
12000.0,14.88,2 years,1
4000.0,9.64,10+ years,1
16000.0,16.77,< 1 year,1
22000.0,11.03,10+ years,1
10000.0,10.88,10+ years,1
35000.0,17.87,7 years,1
8350.0,34.4,10+ years,1
7000.0,18.41,10+ years,1
24000.0,24.54,10+ years,1
5525.0,3.86,,1
35000.0,21.67,5 years,1
5000.0,9.54,1 year,1
28000.0,23.18,,1
25000.0,19.22,10+ years,1
5000.0,12.62,5 years,1
12000.0,16.49,7 years,1
3000.0,13.82,4 years,1
9000.0,22.8,8 years,1
10000.0,28.28,3 years,1
25000.0,10.95,10+ years,1
7000.0,12.17,3 years,1
19675.0,36.08,1 year,1
30000.0,20.55,10+ years,1
7500.0,22.74,1 year,1
19200.0,21.59,10+ years,1
5000.0,24.73,5 years,1
30000.0,13.83,10+ years,1
9800.0,35.08,1 year,1
12000.0,22.2,2 years,1
15500.0,38.33,3 years,1
12000.0,11.51,10+ years,1
6000.0,8.98,10+ years,1
13200.0,18.47,8 years,1
8000.0,10.54,10+ years,1
21000.0,23.12,8 years,1
8000.0,38.24,10+ years,1
24000.0,18.53,< 1 year,1
19125.0,15.87,1 year,1
5000.0,39.44,< 1 year,1
8000.0,19.85,10+ years,1
13000.0,19.8,7 years,1
5000.0,6.99,10+ years,1
23000.0,19.59,6 years,1
21000.0,20.08,4 years,1
16000.0,20.23,10+ years,1
11000.0,14.29,10+ years,1
20000.0,25.14,2 years,1
21000.0,22.16,1 year,1
21600.0,20.13,< 1 year,1
18000.0,21.18,5 years,1
7000.0,13.0,8 years,1
6300.0,28.98,,1
5000.0,5.02,9 years,1
11875.0,29.91,3 years,1
1000.0,14.03,4 years,1
7200.0,23.12,4 years,1
8000.0,33.58,10+ years,1
5425.0,37.95,6 years,1
4800.0,25.22,10+ years,1
14875.0,15.34,< 1 year,1
15600.0,19.27,3 years,1
27000.0,21.8,3 years,1
10000.0,32.32,5 years,1
11825.0,19.99,2 years,1
28000.0,7.89,1 year,1
5000.0,18.49,10+ years,1
12500.0,23.28,6 years,1
8000.0,26.77,3 years,1
3200.0,8.18,5 years,1
24000.0,10.48,7 years,1
5000.0,24.6,7 years,1
15000.0,33.12,,1
6000.0,2.4,10+ years,1
2000.0,9.14,10+ years,1
32000.0,23.66,10+ years,1
6200.0,38.65,10+ years,1
16800.0,4.42,2 years,1
10000.0,7.42,1 year,1
4000.0,12.4,< 1 year,1
8000.0,25.81,5 years,1
7500.0,26.53,4 years,1
25600.0,18.65,10+ years,1
10000.0,15.5,5 years,1
3000.0,28.77,3 years,1
5000.0,26.34,9 years,1
6000.0,19.33,2 years,1
20000.0,25.69,9 years,1
8850.0,14.97,7 years,1
35000.0,7.22,< 1 year,1
11000.0,31.45,2 years,1
5000.0,19.94,< 1 year,1
12000.0,19.78,1 year,1
14400.0,17.86,5 years,1
10000.0,34.36,1 year,1
35000.0,14.0,10+ years,1
6375.0,14.67,4 years,1
25000.0,14.98,10+ years,1
35000.0,0.57,10+ years,1
5000.0,12.74,10+ years,1
25000.0,16.38,8 years,1
35000.0,16.0,2 years,1
6000.0,9.28,8 years,1
3600.0,32.38,10+ years,1
18000.0,17.2,1 year,1
20075.0,32.82,6 years,1
14000.0,14.1,10+ years,1
18000.0,18.46,1 year,1
1600.0,19.66,10+ years,1
12000.0,9.49,2 years,1
18875.0,30.96,3 years,1
20000.0,21.35,10+ years,1
12000.0,11.95,,1
20675.0,15.91,4 years,1
26350.0,23.97,10+ years,1
16000.0,21.39,2 years,1
35000.0,17.28,10+ years,1
15000.0,22.56,10+ years,1
10000.0,18.17,< 1 year,1
10200.0,26.07,10+ years,1
25000.0,31.0,10+ years,1
18000.0,18.72,5 years,1
20000.0,21.83,6 years,1
11575.0,20.79,5 years,1
20000.0,10.29,3 years,1
24000.0,8.62,4 years,1
6000.0,19.06,8 years,1
20000.0,17.22,1 year,1
7200.0,14.38,5 years,1
3500.0,8.13,,1
6600.0,11.18,< 1 year,1
4200.0,23.35,5 years,1
28000.0,18.73,10+ years,1
12000.0,25.95,5 years,1
4800.0,22.62,7 years,1
12000.0,6.46,10+ years,1
12000.0,6.02,< 1 year,1
24000.0,19.62,8 years,1
10000.0,13.2,,1
1600.0,21.5,< 1 year,1
3500.0,7.7,,1
21000.0,16.3,4 years,1
15000.0,20.37,10+ years,1
30500.0,20.1,< 1 year,1
27000.0,15.59,6 years,1
23000.0,20.12,4 years,1
12000.0,8.87,10+ years,1
35000.0,16.91,10+ years,1
8000.0,26.91,4 years,1
6000.0,18.87,1 year,1
7000.0,12.84,1 year,1
24000.0,28.58,8 years,1
17700.0,13.37,10+ years,1
7200.0,19.61,1 year,1
20000.0,8.74,2 years,1
8000.0,9.19,3 years,1
3000.0,8.29,10+ years,1
30100.0,33.72,8 years,1
20000.0,23.34,10+ years,1
28000.0,20.97,10+ years,1
6125.0,7.52,5 years,1
35000.0,12.01,7 years,1
5000.0,20.0,3 years,1
12000.0,9.15,5 years,1
4800.0,31.35,10+ years,1
8200.0,25.08,4 years,1
6500.0,28.43,9 years,1
35000.0,14.2,4 years,1
5875.0,18.14,7 years,1
5000.0,26.57,9 years,1
8000.0,26.85,10+ years,1
7000.0,35.3,10+ years,1
14000.0,7.27,8 years,1
15000.0,14.83,3 years,1
14000.0,22.85,3 years,1
15000.0,13.08,1 year,1
5000.0,11.93,< 1 year,1
4000.0,8.41,,1
30000.0,21.11,10+ years,1
15600.0,13.15,8 years,1
15000.0,31.36,< 1 year,1
25000.0,18.22,10+ years,1
15000.0,17.26,8 years,1
12800.0,15.06,8 years,1
12000.0,19.12,10+ years,1
10000.0,25.67,3 years,1
15000.0,33.66,10+ years,1
20000.0,15.95,10+ years,1
8000.0,31.47,10+ years,1
11000.0,19.55,2 years,1
3600.0,26.46,10+ years,1
10000.0,26.16,3 years,1
7125.0,21.43,1 year,1
24000.0,20.39,,1
19150.0,19.25,< 1 year,1
5000.0,37.01,5 years,1
2400.0,22.52,10+ years,1
19200.0,8.12,10+ years,1
16225.0,38.65,4 years,1
28000.0,17.62,10+ years,1
9000.0,10.5,2 years,1
15000.0,24.31,1 year,1
11450.0,32.02,10+ years,1
24000.0,32.37,10+ years,1
24000.0,18.81,,1
19650.0,19.07,1 year,1
14500.0,30.47,10+ years,1
15000.0,31.44,5 years,1
10000.0,17.66,< 1 year,1
7200.0,12.38,2 years,1
9600.0,14.49,6 years,1
5500.0,5.18,5 years,1
10000.0,22.2,10+ years,1
5000.0,8.58,9 years,1
3600.0,13.15,9 years,1
35000.0,27.53,10+ years,1
1000.0,1.81,1 year,1
30000.0,17.62,6 years,1
24725.0,0.67,2 years,1
12000.0,20.03,10+ years,1
5000.0,24.0,10+ years,1
35000.0,16.57,5 years,1
16975.0,14.86,5 years,1
5000.0,13.5,3 years,1
20000.0,21.08,3 years,1
13000.0,11.81,10+ years,1
14400.0,36.5,10+ years,1
10700.0,14.26,10+ years,1
18000.0,32.85,3 years,1
10000.0,18.28,6 years,1
28000.0,16.73,10+ years,1
16800.0,18.63,3 years,1
10000.0,23.73,2 years,1
12000.0,25.57,10+ years,1
25000.0,7.38,8 years,1
20000.0,19.64,10+ years,1
6025.0,17.55,1 year,1
22000.0,4.23,3 years,1
35000.0,3.35,10+ years,1
27600.0,25.7,5 years,1
10975.0,30.69,4 years,1
5050.0,19.1,2 years,1
6500.0,11.21,10+ years,1
15000.0,32.98,10+ years,1
5000.0,15.39,3 years,1
32000.0,11.53,< 1 year,1
16000.0,16.39,8 years,1
9600.0,31.29,2 years,1
9000.0,21.2,< 1 year,1
12950.0,37.83,8 years,1
10000.0,20.49,10+ years,1
11900.0,37.72,4 years,1
25000.0,17.53,5 years,1
25000.0,27.49,10+ years,1
3500.0,13.09,,1
5500.0,2.64,10+ years,1
11000.0,24.24,1 year,1
28600.0,17.3,10+ years,1
2200.0,31.39,6 years,1
6400.0,30.48,10+ years,1
15075.0,13.86,3 years,1
7000.0,6.58,1 year,1
22000.0,15.49,< 1 year,1
30000.0,26.9,10+ years,1
1800.0,5.31,3 years,1
4800.0,15.14,6 years,1
17600.0,17.84,2 years,1
10000.0,28.38,,1
22850.0,36.28,< 1 year,1
15000.0,16.1,10+ years,1
20000.0,16.32,7 years,1
2000.0,9.51,8 years,1
3500.0,16.41,4 years,1
12800.0,18.71,10+ years,1
1500.0,17.31,,1
18800.0,32.02,10+ years,1
15000.0,8.24,6 years,1
2500.0,9.08,,1
24900.0,17.23,10+ years,1
20000.0,9.44,8 years,1
8000.0,16.62,4 years,1
15000.0,25.86,10+ years,1
16000.0,28.26,10+ years,1
17600.0,24.85,10+ years,1
17000.0,15.72,5 years,1
5200.0,21.25,5 years,1
7000.0,18.42,2 years,1
24000.0,10.54,10+ years,1
35000.0,32.69,10+ years,1
12000.0,12.53,7 years,1
10000.0,17.99,7 years,1
12000.0,4.86,10+ years,1
28000.0,30.05,10+ years,1
13000.0,20.45,5 years,1
4325.0,16.46,7 years,1
20700.0,13.39,1 year,1
10000.0,3.65,10+ years,1
6500.0,22.94,2 years,1
16000.0,11.77,6 years,1
15000.0,20.61,10+ years,1
35000.0,25.32,10+ years,1
5000.0,3.38,< 1 year,1
3600.0,19.58,2 years,1
1000.0,16.59,7 years,1
22000.0,0.84,10+ years,1
10000.0,10.31,,1
25000.0,18.88,2 years,1
24000.0,15.08,10+ years,1
27500.0,28.98,4 years,1
16625.0,39.93,10+ years,1
20000.0,16.72,10+ years,1
5000.0,5.22,< 1 year,1
24000.0,8.37,10+ years,1
5000.0,19.3,10+ years,1
16975.0,29.92,10+ years,1
28000.0,14.35,10+ years,1
9275.0,24.13,4 years,1
10100.0,3.18,2 years,1
7700.0,26.69,,1
35000.0,17.88,3 years,1
35000.0,5.23,2 years,1
23000.0,29.83,3 years,1
16000.0,34.77,2 years,1
9600.0,14.81,3 years,1
8150.0,31.93,< 1 year,1
10000.0,6.69,< 1 year,1
11000.0,15.44,< 1 year,1
6375.0,32.22,10+ years,1
9500.0,21.42,< 1 year,1
2500.0,17.69,10+ years,1
2000.0,17.05,6 years,1
15000.0,24.87,1 year,1
31500.0,24.02,2 years,1
9575.0,31.5,10+ years,1
25000.0,28.91,3 years,1
15000.0,22.43,7 years,1
20000.0,16.76,10+ years,1
19200.0,32.23,7 years,1
5000.0,6.79,10+ years,1
30000.0,7.32,10+ years,1
13000.0,6.09,8 years,1
11200.0,8.54,6 years,1
5000.0,38.75,5 years,1
13675.0,8.16,< 1 year,1
2500.0,19.24,10+ years,1
8000.0,32.49,,1
12000.0,25.68,1 year,1
21000.0,15.36,3 years,1
15000.0,5.28,2 years,1
17700.0,23.48,,1
14400.0,24.69,10+ years,1
18000.0,13.06,7 years,1
35000.0,32.82,2 years,1
20000.0,17.81,10+ years,1
5600.0,7.11,1 year,1
10000.0,27.48,10+ years,1
12000.0,18.75,10+ years,1
6000.0,14.74,10+ years,1
6000.0,22.75,10+ years,1
6000.0,22.17,8 years,1
35000.0,10.67,10+ years,1
10000.0,8.07,< 1 year,1
35000.0,24.63,5 years,1
21000.0,4.28,3 years,1
10000.0,14.51,3 years,1
8000.0,17.88,10+ years,1
10550.0,24.35,< 1 year,1
11000.0,39.47,10+ years,1
15000.0,14.13,,1
10000.0,28.08,3 years,1
25000.0,11.62,10+ years,1
32200.0,27.99,9 years,1
16000.0,32.09,9 years,1
10000.0,9.19,2 years,1
12000.0,28.62,9 years,1
25000.0,23.25,< 1 year,1
14000.0,10.96,2 years,1
30000.0,15.14,10+ years,1
15000.0,22.54,8 years,1
6500.0,29.36,,1
12000.0,14.87,10+ years,1
12000.0,22.59,,1
6000.0,17.76,9 years,1
3600.0,27.01,8 years,1
20000.0,28.08,7 years,1
10000.0,38.64,,1
20000.0,24.86,3 years,1
30000.0,8.02,2 years,1
8725.0,18.91,,1
1900.0,0.38,10+ years,1
12500.0,25.49,6 years,1
3600.0,23.36,6 years,1
7000.0,11.97,10+ years,1
6000.0,23.45,< 1 year,1
20000.0,22.09,10+ years,1
16000.0,13.0,4 years,1
18000.0,3.42,6 years,1
7000.0,1.2,1 year,1
18000.0,20.7,10+ years,1
28800.0,11.03,1 year,1
24000.0,13.84,6 years,1
30000.0,15.24,6 years,1
21600.0,10.98,10+ years,1
31200.0,12.73,1 year,1
16000.0,23.78,6 years,1
10000.0,21.36,< 1 year,1
10000.0,26.08,< 1 year,1
10000.0,16.37,,1
12000.0,9.1,8 years,1
24000.0,26.12,3 years,1
25000.0,10.96,10+ years,1
25000.0,17.08,10+ years,1
15000.0,17.58,3 years,1
6400.0,20.13,10+ years,1
14000.0,28.96,10+ years,1
7200.0,15.52,< 1 year,1
7000.0,20.49,8 years,1
25000.0,9.72,6 years,1
15300.0,18.35,10+ years,1
20000.0,31.79,1 year,1
35000.0,16.12,8 years,1
5400.0,27.64,10+ years,1
25000.0,7.6,6 years,1
2500.0,26.38,10+ years,1
16350.0,19.02,10+ years,1
35000.0,7.89,4 years,1
6000.0,21.56,10+ years,1
11200.0,31.74,1 year,1
15000.0,19.65,3 years,1
10000.0,17.93,10+ years,1
24000.0,10.74,,1
4200.0,11.89,5 years,1
15000.0,32.47,3 years,1
22200.0,15.0,10+ years,1
26400.0,9.54,10+ years,1
8000.0,23.78,10+ years,1
13000.0,2.62,,1
18825.0,18.83,10+ years,1
16000.0,17.75,3 years,1
5000.0,15.03,1 year,1
25000.0,6.38,6 years,1
7500.0,20.25,< 1 year,1
7000.0,30.61,2 years,1
6000.0,32.87,< 1 year,1
35000.0,20.48,2 years,1
22500.0,15.06,2 years,1
6000.0,13.09,1 year,1
28000.0,20.28,< 1 year,1
4000.0,14.68,5 years,1
9000.0,4.97,8 years,1
12000.0,33.94,10+ years,1
9200.0,24.5,7 years,1
7200.0,5.39,10+ years,1
7000.0,11.92,< 1 year,1
7000.0,26.08,8 years,1
24000.0,8.93,3 years,1
20000.0,8.89,10+ years,1
16000.0,14.7,6 years,1
10000.0,21.18,10+ years,1
18000.0,19.14,10+ years,1
24000.0,12.16,10+ years,1
21000.0,11.24,5 years,1
20175.0,8.71,1 year,1
21000.0,20.07,10+ years,1
13375.0,22.94,7 years,1
5950.0,18.64,3 years,1
8000.0,13.9,10+ years,1
3600.0,14.92,10+ years,1
8500.0,13.88,9 years,1
16900.0,23.19,7 years,1
5000.0,25.77,2 years,1
33000.0,15.33,10+ years,1
15000.0,14.45,10+ years,1
10400.0,34.92,1 year,1
13200.0,13.49,< 1 year,1
32000.0,31.81,10+ years,1
6000.0,18.16,10+ years,1
6400.0,12.45,5 years,1
32000.0,15.39,< 1 year,1
33750.0,32.02,2 years,1
14000.0,14.0,10+ years,1
6000.0,18.34,4 years,1
10000.0,16.66,,1
16800.0,36.1,10+ years,1
12000.0,18.17,1 year,1
10000.0,7.07,10+ years,1
24000.0,13.26,9 years,1
8400.0,20.73,9 years,1
4200.0,29.81,4 years,1
9000.0,7.5,3 years,1
19575.0,11.37,10+ years,1
6000.0,33.29,5 years,1
35000.0,29.85,10+ years,1
14400.0,12.24,< 1 year,1
21000.0,31.69,< 1 year,1
6000.0,21.38,4 years,1
35000.0,10.84,9 years,1
10000.0,29.39,3 years,1
35000.0,37.07,8 years,1
4300.0,17.94,10+ years,1
3600.0,8.08,10+ years,1
23800.0,25.83,2 years,1
15000.0,18.27,3 years,1
23800.0,7.0,3 years,1
5000.0,15.37,9 years,1
7525.0,27.94,6 years,1
15000.0,24.77,< 1 year,1
7000.0,20.87,7 years,1
11650.0,16.23,,1
5600.0,26.77,8 years,1
28000.0,10.04,10+ years,1
24000.0,21.03,3 years,1
24000.0,18.44,10+ years,1
8000.0,33.95,< 1 year,1
35000.0,19.06,2 years,1
9600.0,25.14,6 years,1
8650.0,28.94,< 1 year,1
9000.0,22.64,1 year,1
24100.0,17.92,3 years,1
3000.0,16.76,< 1 year,1
25000.0,21.68,10+ years,1
14000.0,15.97,10+ years,1
14400.0,21.86,10+ years,1
10000.0,34.29,8 years,1
8000.0,16.5,< 1 year,1
11150.0,18.46,10+ years,1
9600.0,34.91,2 years,1
15000.0,33.93,4 years,1
15550.0,24.32,2 years,1
6025.0,13.18,10+ years,1
1550.0,14.27,,1
16700.0,16.2,10+ years,1
8000.0,33.8,10+ years,1
6000.0,16.47,10+ years,1
6000.0,15.87,2 years,1
23800.0,30.54,< 1 year,1
2800.0,28.21,10+ years,1
20000.0,15.21,6 years,1
14000.0,26.17,2 years,1
8300.0,8.88,1 year,1
16000.0,26.45,1 year,1
12000.0,20.3,3 years,1
12000.0,21.12,3 years,1
3600.0,37.08,3 years,1
3200.0,21.11,2 years,1
11000.0,19.69,8 years,1
17000.0,28.76,8 years,1
35000.0,33.9,2 years,1
16000.0,30.43,,1
30000.0,28.41,1 year,1
5000.0,2.88,1 year,1
25000.0,17.07,5 years,1
21000.0,19.52,3 years,1
6400.0,23.16,2 years,1
24000.0,24.08,1 year,1
6000.0,18.95,< 1 year,1
5000.0,24.28,10+ years,1
14500.0,4.19,10+ years,1
7200.0,7.11,1 year,1
20000.0,10.76,4 years,1
15000.0,3.3,,1
18775.0,21.9,< 1 year,1
8025.0,20.44,10+ years,1
22000.0,22.94,10+ years,1
2000.0,12.77,2 years,1
13125.0,29.19,2 years,1
8000.0,15.36,10+ years,1
5000.0,5.71,5 years,1
5500.0,18.87,4 years,1
11200.0,21.08,2 years,1
14000.0,8.75,2 years,1
3000.0,3.36,8 years,1
30000.0,20.25,6 years,1
7800.0,10.24,10+ years,1
25000.0,15.69,10+ years,1
7000.0,22.57,6 years,1
4000.0,3.89,10+ years,1
27625.0,15.94,10+ years,1
18600.0,14.95,10+ years,1
13050.0,20.57,6 years,1
6000.0,26.73,< 1 year,1
30000.0,20.54,6 years,1
8000.0,34.88,5 years,1
10000.0,15.93,4 years,1
12450.0,28.59,4 years,1
7000.0,4.06,8 years,1
6025.0,13.83,3 years,1
26525.0,17.48,4 years,1
15000.0,22.72,5 years,1
8400.0,27.91,2 years,1
12000.0,19.07,10+ years,1
1600.0,25.46,6 years,1
1500.0,9.7,7 years,1
20000.0,12.58,1 year,1
3600.0,7.01,< 1 year,1
9600.0,29.24,2 years,1
35000.0,21.32,8 years,1
12000.0,13.83,10+ years,1
30800.0,21.02,7 years,1
12000.0,32.57,10+ years,1
11000.0,31.72,10+ years,1
16575.0,18.15,5 years,1
5000.0,4.97,8 years,1
8000.0,0.71,8 years,1
24000.0,13.58,< 1 year,1
16000.0,28.68,10+ years,1
16000.0,34.06,10+ years,1
6000.0,18.8,4 years,1
16800.0,38.15,3 years,1
1500.0,25.84,10+ years,1
3250.0,17.7,9 years,1
9200.0,31.5,1 year,1
3000.0,31.24,10+ years,1
10000.0,21.78,,1
1925.0,13.08,3 years,1
35000.0,27.29,1 year,1
15000.0,32.43,10+ years,1
10000.0,12.3,2 years,1
35000.0,13.34,4 years,1
15825.0,10.51,10+ years,1
3000.0,3.7,5 years,1
5000.0,8.82,10+ years,1
20000.0,19.31,8 years,1
5000.0,8.19,10+ years,1
15000.0,12.85,10+ years,1
12000.0,18.5,8 years,1
14000.0,30.41,6 years,1
10650.0,2.71,1 year,1
12000.0,16.32,1 year,1
21000.0,28.29,,1
35000.0,22.31,10+ years,1
20300.0,37.34,8 years,1
30000.0,11.63,10+ years,1
10000.0,18.1,3 years,1
2000.0,20.56,2 years,1
21000.0,24.27,10+ years,1
1200.0,32.57,,1
7700.0,19.13,5 years,1
20000.0,6.19,10+ years,1
20000.0,11.26,10+ years,1
14200.0,7.8,2 years,1
25000.0,37.11,< 1 year,1
8025.0,32.36,,1
32000.0,4.43,2 years,1
25000.0,12.77,10+ years,1
5200.0,14.18,1 year,1
30000.0,8.9,9 years,1
25000.0,13.79,10+ years,1
24000.0,10.57,5 years,1
6000.0,11.69,< 1 year,1
35000.0,5.51,2 years,1
20000.0,11.3,10+ years,1
6000.0,24.57,6 years,1
10000.0,16.92,< 1 year,1
12000.0,26.68,6 years,1
18000.0,11.66,2 years,1
12000.0,11.89,3 years,1
12000.0,20.61,10+ years,1
2400.0,38.7,9 years,1
1600.0,15.82,5 years,1
12250.0,14.3,5 years,1
27500.0,15.87,3 years,1
22500.0,11.39,10+ years,1
2650.0,24.44,10+ years,1
10650.0,27.79,10+ years,1
10000.0,19.4,1 year,1
12000.0,37.72,10+ years,1
34000.0,34.53,3 years,1
2000.0,31.73,10+ years,1
11425.0,28.77,3 years,1
35000.0,17.0,10+ years,1
9600.0,11.93,< 1 year,1
20000.0,24.72,9 years,1
18000.0,27.67,10+ years,1
24000.0,24.16,2 years,1
13250.0,18.34,,1
28000.0,17.02,3 years,1
2500.0,26.28,1 year,1
14400.0,9.79,10+ years,1
20000.0,14.96,10+ years,1
24000.0,31.53,6 years,1
1500.0,31.95,9 years,1
21200.0,17.05,9 years,1
12475.0,18.06,7 years,1
22000.0,24.6,5 years,1
16000.0,21.34,10+ years,1
16000.0,16.2,5 years,1
9000.0,12.49,4 years,1
21000.0,12.73,3 years,1
13000.0,28.71,5 years,1
15825.0,3.06,3 years,1
15000.0,36.96,8 years,1
34000.0,12.0,10+ years,1
10000.0,6.72,2 years,1
4200.0,26.45,7 years,1
24000.0,9.94,10+ years,1
4250.0,20.7,7 years,1
19450.0,26.29,1 year,1
25000.0,25.61,7 years,1
15000.0,9.47,2 years,1
20225.0,7.06,10+ years,1
14875.0,11.16,< 1 year,1
12000.0,27.38,3 years,1
25000.0,14.81,9 years,1
24000.0,13.3,8 years,1
20000.0,7.49,10+ years,1
4500.0,18.08,1 year,1
7125.0,34.6,,1
6000.0,9.23,,1
10000.0,25.67,10+ years,1
4000.0,27.35,10+ years,1
15000.0,5.11,3 years,1
21825.0,30.39,2 years,1
10800.0,26.03,2 years,1
12000.0,12.0,10+ years,1
16000.0,21.37,1 year,1
18175.0,18.74,10+ years,1
16200.0,31.73,10+ years,1
8125.0,22.63,10+ years,1
35000.0,9.29,10+ years,1
12000.0,34.5,10+ years,1
10650.0,9.73,5 years,1
12000.0,35.66,,1
15000.0,35.46,< 1 year,1
30000.0,15.59,8 years,1
15000.0,19.38,10+ years,1
3200.0,30.76,10+ years,1
20000.0,15.38,6 years,1
13500.0,16.4,3 years,1
15000.0,34.75,10+ years,1
10800.0,31.69,< 1 year,1
5000.0,16.06,5 years,1
20000.0,11.52,9 years,1
17000.0,34.36,,1
35000.0,24.66,10+ years,1
10000.0,9.65,1 year,1
4200.0,5.72,< 1 year,1
14700.0,22.64,2 years,1
35000.0,18.53,4 years,1
24000.0,23.57,10+ years,1
3000.0,16.03,10+ years,1
22250.0,27.33,< 1 year,1
8000.0,25.4,8 years,1
21125.0,36.45,9 years,1
12000.0,11.84,4 years,1
18000.0,22.0,< 1 year,1
5000.0,17.56,6 years,1
15000.0,28.85,10+ years,1
9500.0,17.75,3 years,1
4325.0,9.17,4 years,1
14250.0,29.92,9 years,1
11100.0,21.79,4 years,1
12600.0,32.76,10+ years,1
11700.0,34.25,10+ years,1
18000.0,22.14,10+ years,1
6600.0,27.95,,1
32000.0,34.41,10+ years,1
4500.0,24.64,5 years,1
20000.0,32.59,8 years,1
15000.0,12.61,10+ years,1
23050.0,24.68,10+ years,1
14000.0,23.62,7 years,1
20275.0,12.23,8 years,1
12500.0,11.71,< 1 year,1
8400.0,26.57,10+ years,1
12000.0,12.47,< 1 year,1
4000.0,28.79,10+ years,1
25500.0,4.71,4 years,1
15000.0,11.24,10+ years,1
24000.0,13.16,10+ years,1
4800.0,14.9,3 years,1
7000.0,11.86,2 years,1
12000.0,14.06,3 years,1
6700.0,19.95,2 years,1
8000.0,17.64,10+ years,1
15675.0,22.68,,1
16175.0,35.98,4 years,1
6000.0,14.58,3 years,1
25000.0,4.16,4 years,1
15825.0,5.93,10+ years,1
18000.0,3.45,10+ years,1
10000.0,4.91,6 years,1
9000.0,33.52,3 years,1
7500.0,26.79,4 years,1
28000.0,36.19,5 years,1
10000.0,20.31,1 year,1
12000.0,21.78,7 years,1
12000.0,24.84,8 years,1
14400.0,36.42,6 years,1
24000.0,18.11,10+ years,1
8000.0,30.49,2 years,1
6600.0,19.08,7 years,1
1200.0,29.69,10+ years,1
10800.0,38.79,< 1 year,1
10650.0,33.03,10+ years,1
5000.0,30.03,2 years,1
16000.0,8.89,5 years,1
15675.0,17.63,10+ years,1
13500.0,17.72,4 years,1
6025.0,11.04,3 years,1
4000.0,12.56,,1
5000.0,26.4,,1
10000.0,14.18,,1
15000.0,39.7,,1
24000.0,10.3,10+ years,1
18000.0,13.04,10+ years,1
10000.0,15.89,< 1 year,1
12000.0,19.25,8 years,1
35000.0,16.36,8 years,1
25000.0,5.32,8 years,1
7200.0,10.47,,1
8475.0,9.33,10+ years,1
35000.0,24.09,10+ years,1
35000.0,24.31,10+ years,1
10525.0,35.24,6 years,1
4575.0,16.96,6 years,1
12650.0,22.44,5 years,1
7800.0,12.18,5 years,1
14400.0,21.23,4 years,1
5000.0,25.17,1 year,1
16000.0,3.62,4 years,1
9900.0,15.52,3 years,1
16000.0,26.35,1 year,1
5000.0,23.14,7 years,1
10000.0,26.55,10+ years,1
17725.0,34.13,10+ years,1
24000.0,26.09,8 years,1
10000.0,28.81,5 years,1
3600.0,19.92,,1
9000.0,19.86,10+ years,1
15525.0,32.31,6 years,1
12000.0,27.68,10+ years,1
28000.0,21.51,4 years,1
20000.0,19.2,2 years,1
8500.0,25.47,2 years,1
5000.0,34.37,10+ years,1
14000.0,21.77,10+ years,1
16000.0,34.17,10+ years,1
18950.0,31.33,10+ years,1
1700.0,18.18,< 1 year,1
14400.0,12.66,4 years,1
12000.0,7.16,8 years,1
34025.0,23.41,4 years,1
5000.0,27.5,10+ years,1
10000.0,9.96,3 years,1
25000.0,9.19,1 year,1
10900.0,23.82,,1
17275.0,27.88,10+ years,1
35000.0,23.56,10+ years,1
2800.0,28.48,10+ years,1
9000.0,28.65,6 years,1
12000.0,36.32,7 years,1
30800.0,18.05,3 years,1
11750.0,29.86,10+ years,1
29350.0,12.15,1 year,1
9000.0,22.22,9 years,1
33600.0,7.1,2 years,1
19775.0,24.25,3 years,1
20000.0,8.1,3 years,1
19200.0,12.56,1 year,1
15000.0,9.84,< 1 year,1
29500.0,17.56,5 years,1
4000.0,33.89,5 years,1
20150.0,29.49,< 1 year,1
35000.0,21.01,10+ years,1
32000.0,10.21,10+ years,1
8000.0,20.16,1 year,1
30000.0,16.96,10+ years,1
5500.0,11.33,5 years,1
35000.0,21.25,10+ years,1
16000.0,14.86,2 years,1
5000.0,5.32,< 1 year,1
18000.0,13.42,10+ years,1
15175.0,19.84,,1
15000.0,36.18,10+ years,1
18000.0,0.68,10+ years,1
18000.0,12.92,10+ years,1
22500.0,8.34,10+ years,1
35000.0,8.24,,1
26800.0,3.07,3 years,1
3000.0,4.54,10+ years,1
2000.0,10.23,,1
13000.0,27.95,3 years,1
22100.0,33.6,8 years,1
6000.0,6.67,10+ years,1
24000.0,34.91,,1
5000.0,13.18,6 years,1
15000.0,17.94,5 years,1
12000.0,6.4,10+ years,1
11750.0,4.86,7 years,1
12000.0,16.56,2 years,1
10000.0,8.14,10+ years,1
20000.0,28.05,1 year,1
12000.0,12.88,< 1 year,1
9625.0,30.2,10+ years,1
12000.0,12.08,2 years,1
5600.0,23.22,2 years,1
2000.0,18.05,10+ years,1
28000.0,30.79,10+ years,1
16000.0,6.05,8 years,1
14000.0,10.49,< 1 year,1
6600.0,14.54,,1
33000.0,18.36,6 years,1
12000.0,19.78,10+ years,1
12000.0,22.21,2 years,1
11575.0,8.96,2 years,1
1600.0,31.42,1 year,1
30000.0,23.83,< 1 year,1
10000.0,13.32,< 1 year,1
7200.0,8.55,5 years,1
30000.0,22.46,3 years,1
35000.0,9.56,10+ years,1
16000.0,19.87,10+ years,1
2500.0,24.0,10+ years,1
20000.0,25.82,3 years,1
10000.0,24.3,< 1 year,1
14750.0,18.38,3 years,1
28000.0,15.41,8 years,1
13100.0,31.92,5 years,1
13000.0,16.2,< 1 year,1
12000.0,15.21,4 years,1
3000.0,27.55,6 years,1
15000.0,16.07,3 years,1
15000.0,10.6,3 years,1
18000.0,17.72,10+ years,1
15000.0,35.73,< 1 year,1
14000.0,6.41,2 years,1
10000.0,35.25,< 1 year,1
10000.0,24.89,2 years,1
5125.0,36.84,8 years,1
6000.0,24.24,,1
18675.0,9.95,10+ years,1
20000.0,34.86,9 years,1
30000.0,27.11,< 1 year,1
25000.0,11.05,4 years,1
14400.0,28.1,10+ years,1
10000.0,7.06,3 years,1
10000.0,32.63,4 years,1
35000.0,26.53,10+ years,1
4000.0,21.31,3 years,1
12000.0,26.27,9 years,1
12000.0,7.54,10+ years,1
5000.0,35.34,10+ years,1
7000.0,27.6,< 1 year,1
12650.0,26.59,10+ years,1
7200.0,16.62,2 years,1
10000.0,21.31,10+ years,1
7900.0,7.6,10+ years,1
8000.0,19.71,1 year,1
26875.0,13.13,9 years,1
12000.0,28.23,2 years,1
5000.0,36.42,9 years,1
25000.0,18.2,< 1 year,1
12000.0,11.46,3 years,1
10000.0,8.0,10+ years,1
13525.0,33.86,4 years,1
13000.0,16.91,< 1 year,1
3000.0,37.13,,1
20000.0,7.14,,1
21600.0,22.68,5 years,1
7700.0,34.75,10+ years,1
15000.0,10.86,10+ years,1
20700.0,28.19,10+ years,1
7000.0,8.88,< 1 year,1
23200.0,12.04,10+ years,1
10000.0,9.25,2 years,1
10000.0,18.14,8 years,1
17000.0,16.82,10+ years,1
17625.0,27.03,,1
8000.0,33.54,5 years,1
24000.0,10.88,10+ years,1
14500.0,6.29,2 years,1
6350.0,26.04,9 years,1
20000.0,15.56,10+ years,1
6000.0,12.73,10+ years,1
12000.0,1.85,5 years,1
10000.0,10.78,2 years,1
7000.0,8.29,1 year,1
14750.0,25.74,4 years,1
12000.0,8.49,< 1 year,1
13200.0,38.12,5 years,1
12000.0,18.58,< 1 year,1
35000.0,9.11,4 years,1
30000.0,17.03,1 year,1
34000.0,12.5,10+ years,1
5000.0,15.32,9 years,1
8000.0,25.46,< 1 year,1
24000.0,12.9,< 1 year,1
9000.0,20.01,10+ years,1
26000.0,5.22,10+ years,1
8500.0,29.05,10+ years,1
9525.0,17.79,5 years,1
5000.0,8.7,10+ years,1
35000.0,15.98,10+ years,1
14550.0,19.59,4 years,1
15000.0,13.58,2 years,1
20000.0,14.12,10+ years,1
8000.0,30.32,2 years,1
10450.0,25.37,9 years,1
20000.0,9.86,3 years,1
4000.0,16.43,10+ years,1
10400.0,26.97,10+ years,1
33600.0,15.89,8 years,1
27000.0,5.01,< 1 year,1
21575.0,31.44,10+ years,1
19200.0,31.22,7 years,1
16000.0,13.15,2 years,1
8400.0,21.03,10+ years,1
6000.0,23.13,10+ years,1
9600.0,17.03,2 years,1
17000.0,9.62,6 years,1
13900.0,29.56,3 years,1
12000.0,18.89,3 years,1
6000.0,16.96,8 years,1
8000.0,18.4,3 years,1
9000.0,17.41,,1
28000.0,8.8,10+ years,1
17000.0,11.93,3 years,1
19950.0,31.19,10+ years,1
5600.0,18.27,3 years,1
23000.0,8.9,8 years,1
30000.0,9.98,10+ years,1
4000.0,24.69,< 1 year,1
6000.0,31.22,10+ years,1
12000.0,31.76,10+ years,1
5000.0,24.28,10+ years,1
30000.0,15.85,5 years,1
5000.0,34.09,,1
13000.0,8.7,1 year,1
10000.0,21.93,6 years,1
11000.0,11.78,5 years,1
32100.0,37.42,2 years,1
7500.0,21.0,4 years,1
18000.0,11.53,10+ years,1
25000.0,14.58,1 year,1
20000.0,33.69,2 years,1
9825.0,17.6,< 1 year,1
24000.0,21.16,6 years,1
24000.0,20.07,5 years,1
1600.0,1.82,,1
14000.0,26.48,8 years,1
16000.0,26.8,10+ years,1
12000.0,18.15,10+ years,1
8000.0,26.36,7 years,1
7000.0,20.18,4 years,1
13000.0,27.39,8 years,1
8950.0,12.26,1 year,1
14400.0,16.03,10+ years,1
12000.0,26.76,9 years,1
3600.0,15.7,3 years,1
14000.0,15.42,10+ years,1
9800.0,5.73,,1
3900.0,27.72,10+ years,1
8000.0,15.79,10+ years,1
18000.0,18.56,< 1 year,1
8400.0,7.37,10+ years,1
5525.0,25.66,,1
15000.0,14.03,1 year,1
19200.0,17.58,10+ years,1
10000.0,15.85,10+ years,1
5000.0,14.23,6 years,1
10000.0,33.37,10+ years,1
6000.0,34.8,6 years,1
11000.0,12.71,8 years,1
3000.0,10.66,3 years,1
18000.0,17.6,10+ years,1
2400.0,17.02,,1
21000.0,18.44,1 year,1
23450.0,28.42,9 years,1
9000.0,23.01,9 years,1
21000.0,7.75,2 years,1
15000.0,17.48,,1
17500.0,9.94,< 1 year,1
15000.0,23.58,10+ years,1
8000.0,7.27,1 year,1
10000.0,15.14,4 years,1
8500.0,13.12,10+ years,1
9500.0,18.22,3 years,1
21000.0,12.16,10+ years,1
15050.0,32.14,10+ years,1
20000.0,25.33,2 years,1
14000.0,30.14,6 years,1
5000.0,19.8,5 years,1
5500.0,17.97,< 1 year,1
25850.0,9.39,,1
17850.0,30.7,10+ years,1
33575.0,18.26,< 1 year,1
25000.0,12.67,10+ years,1
20400.0,9.69,10+ years,1
34075.0,15.01,,1
24000.0,31.67,10+ years,1
28000.0,13.29,6 years,1
20750.0,24.41,7 years,1
14575.0,32.06,8 years,1
4000.0,19.26,10+ years,1
7500.0,33.23,10+ years,1
28000.0,15.66,< 1 year,1
18200.0,28.1,8 years,1
35000.0,11.41,< 1 year,1
28000.0,9.05,10+ years,1
8000.0,30.33,9 years,1
23000.0,7.45,10+ years,1
5000.0,37.79,,1
20000.0,22.42,10+ years,1
5000.0,9.19,4 years,1
12000.0,27.9,8 years,1
9600.0,11.69,< 1 year,1
8175.0,28.15,3 years,1
16375.0,19.53,2 years,1
19200.0,24.86,3 years,1
15000.0,28.16,6 years,1
7000.0,1.01,10+ years,1
4600.0,20.7,10+ years,1
10000.0,22.74,10+ years,1
23000.0,20.98,2 years,1
30000.0,18.05,10+ years,1
13650.0,36.85,3 years,1
9600.0,16.96,2 years,1
16000.0,17.48,< 1 year,1
4000.0,16.51,8 years,1
5000.0,14.27,5 years,1
16000.0,23.35,3 years,1
30000.0,36.07,9 years,1
20000.0,14.45,8 years,1
23400.0,19.26,3 years,1
17850.0,30.23,10+ years,1
35000.0,18.78,9 years,1
25000.0,18.9,5 years,1
15000.0,18.88,6 years,1
3000.0,7.26,2 years,1
20250.0,17.54,9 years,1
28000.0,14.46,5 years,1
15000.0,31.5,1 year,1
3000.0,9.88,< 1 year,1
10000.0,16.15,9 years,1
17125.0,34.4,9 years,1
2500.0,25.16,9 years,1
12000.0,6.31,4 years,1
19200.0,15.39,7 years,1
30000.0,26.81,1 year,1
28000.0,4.59,5 years,1
15000.0,21.63,2 years,1
18650.0,18.36,4 years,1
18000.0,16.48,5 years,1
5000.0,27.3,1 year,1
24375.0,28.57,10+ years,1
2000.0,23.81,10+ years,1
20000.0,12.64,5 years,1
10000.0,6.56,1 year,1
28000.0,25.82,10+ years,1
8000.0,19.68,10+ years,1
11000.0,33.01,10+ years,1
19750.0,18.57,2 years,1
20000.0,24.93,2 years,1
6000.0,17.63,5 years,1
12000.0,18.38,10+ years,1
12000.0,11.9,4 years,1
8000.0,19.85,5 years,1
28000.0,10.42,7 years,1
15000.0,31.82,9 years,1
11000.0,23.6,7 years,1
24000.0,9.59,10+ years,1
1600.0,12.31,< 1 year,1
19000.0,9.3,5 years,1
12000.0,9.54,10+ years,1
16000.0,30.89,8 years,1
8975.0,18.83,5 years,1
5000.0,16.34,10+ years,1
7775.0,32.33,6 years,1
7200.0,7.4,1 year,1
12000.0,26.29,2 years,1
10000.0,11.86,1 year,1
22000.0,17.04,4 years,1
12000.0,12.69,< 1 year,1
35000.0,24.23,8 years,1
27600.0,11.54,8 years,1
9000.0,22.98,8 years,1
15000.0,27.23,,1
16000.0,7.38,10+ years,1
24000.0,19.19,10+ years,1
4800.0,31.44,10+ years,1
18000.0,9.21,6 years,1
16000.0,31.06,< 1 year,1
9000.0,8.45,1 year,1
1450.0,26.13,3 years,1
12000.0,7.67,10+ years,1
15000.0,16.14,9 years,1
32400.0,7.88,3 years,1
18000.0,10.99,5 years,1
12000.0,27.72,5 years,1
9225.0,11.4,< 1 year,1
3000.0,30.04,10+ years,1
12000.0,7.16,6 years,1
10000.0,14.46,,1
21000.0,10.07,5 years,1
5800.0,2.69,1 year,1
25000.0,11.9,10+ years,1
5000.0,23.2,10+ years,1
13825.0,21.76,5 years,1
3000.0,24.0,< 1 year,1
1000.0,9.97,< 1 year,1
10000.0,13.99,5 years,1
14400.0,21.0,10+ years,1
20000.0,12.89,5 years,1
17650.0,30.85,3 years,1
33600.0,21.84,10+ years,1
22100.0,28.91,1 year,1
35000.0,11.77,< 1 year,1
34500.0,19.54,10+ years,1
8500.0,21.08,10+ years,1
8000.0,7.72,5 years,1
15000.0,29.23,< 1 year,1
24000.0,9.35,< 1 year,1
24000.0,17.89,10+ years,1
5000.0,10.08,1 year,1
5000.0,25.93,3 years,1
28000.0,22.27,8 years,1
8000.0,23.9,4 years,1
35000.0,28.59,2 years,1
7000.0,14.55,3 years,1
25000.0,10.23,6 years,1
7750.0,17.68,4 years,1
24000.0,17.57,10+ years,1
1500.0,31.61,3 years,1
18000.0,18.76,8 years,1
23000.0,28.47,3 years,1
12600.0,23.43,8 years,1
35000.0,36.98,7 years,1
35000.0,12.26,< 1 year,1
10000.0,9.42,3 years,1
5600.0,29.52,9 years,1
7250.0,12.11,3 years,1
24000.0,16.87,10+ years,1
21000.0,29.94,10+ years,1
5300.0,15.79,1 year,1
15000.0,15.57,< 1 year,1
22000.0,22.54,< 1 year,1
7800.0,26.14,4 years,1
5000.0,29.15,5 years,1
20000.0,16.23,< 1 year,1
6550.0,999.0,,1
12000.0,15.03,10+ years,1
11200.0,24.66,3 years,1
4000.0,15.78,5 years,1
11200.0,36.62,10+ years,1
10000.0,10.03,2 years,1
22675.0,11.24,10+ years,1
8200.0,17.35,< 1 year,1
1200.0,3.71,10+ years,1
6000.0,17.9,3 years,1
8000.0,27.73,10+ years,1
20000.0,24.19,7 years,1
18000.0,15.06,10+ years,1
15000.0,25.21,10+ years,1
15000.0,19.43,,1
15400.0,25.0,10+ years,1
34625.0,25.54,< 1 year,1
11400.0,17.93,5 years,1
35000.0,6.47,2 years,1
12000.0,14.68,10+ years,1
9600.0,20.96,2 years,1
15925.0,31.5,6 years,1
25000.0,15.87,10+ years,1
20000.0,8.67,10+ years,1
24000.0,21.8,9 years,1
6000.0,32.45,9 years,1
15000.0,14.79,4 years,1
29000.0,23.94,,1
5000.0,26.98,4 years,1
8000.0,12.25,3 years,1
12000.0,15.48,8 years,1
20000.0,0.31,2 years,1
15000.0,14.96,5 years,1
6500.0,21.71,,1
20000.0,15.45,10+ years,1
2800.0,11.28,2 years,1
25075.0,34.69,10+ years,1
15000.0,6.31,,1
25000.0,30.24,10+ years,1
15000.0,11.21,10+ years,1
4000.0,26.0,2 years,1
20000.0,7.86,8 years,1
5000.0,15.27,10+ years,1
20000.0,14.14,6 years,1
7200.0,19.1,4 years,1
7200.0,4.02,,1
6000.0,5.3,,1
11000.0,19.32,1 year,1
29850.0,33.78,10+ years,1
5000.0,18.77,5 years,1
20000.0,18.63,6 years,1
2400.0,24.15,5 years,1
24000.0,18.74,10+ years,1
3000.0,9.77,< 1 year,1
25500.0,13.12,10+ years,1
6400.0,37.73,1 year,1
5000.0,16.75,6 years,1
17000.0,13.61,10+ years,1
28500.0,12.44,10+ years,1
27600.0,13.9,< 1 year,1
35000.0,17.16,10+ years,1
8500.0,20.34,5 years,1
27950.0,28.4,2 years,1
15000.0,15.36,6 years,1
9600.0,26.9,10+ years,1
5000.0,18.41,9 years,1
10000.0,12.38,8 years,1
25000.0,16.74,8 years,1
8000.0,20.16,4 years,1
12000.0,18.51,10+ years,1
4000.0,18.15,,1
10000.0,9.6,< 1 year,1
9375.0,16.13,2 years,1
35000.0,20.61,< 1 year,1
4000.0,21.74,10+ years,1
16275.0,38.75,10+ years,1
3600.0,21.35,< 1 year,1
12500.0,24.74,2 years,1
16000.0,15.7,8 years,1
21200.0,23.91,< 1 year,1
35000.0,24.68,< 1 year,1
9925.0,21.46,,1
4800.0,22.12,3 years,1
4000.0,11.35,10+ years,1
14000.0,11.74,5 years,1
3000.0,16.44,4 years,1
20000.0,11.52,5 years,1
18475.0,27.9,5 years,1
9600.0,6.23,8 years,1
5000.0,2.21,2 years,1
34600.0,20.52,1 year,1
10800.0,34.76,10+ years,1
10000.0,12.14,,1
18000.0,13.2,10+ years,1
20800.0,26.12,2 years,1
6000.0,24.36,10+ years,1
17625.0,18.86,8 years,1
16325.0,37.11,8 years,1
8800.0,21.36,1 year,1
9975.0,0.45,10+ years,1
1600.0,11.53,9 years,1
12000.0,4.66,< 1 year,1
29400.0,22.14,10+ years,1
5200.0,13.32,< 1 year,1
35000.0,11.57,10+ years,1
20000.0,4.58,10+ years,1
12000.0,21.49,< 1 year,1
8400.0,9.37,5 years,1
5000.0,19.7,10+ years,1
12950.0,9.67,10+ years,1
21125.0,27.44,6 years,1
4000.0,16.88,2 years,1
5000.0,27.64,2 years,1
6000.0,18.83,10+ years,1
2000.0,20.66,10+ years,1
10000.0,6.6,2 years,1
5600.0,20.92,6 years,1
20000.0,13.98,10+ years,1
15000.0,20.09,5 years,1
4800.0,5.57,,1
7000.0,28.88,5 years,1
7500.0,10.92,5 years,1
25000.0,23.49,1 year,1
1800.0,24.39,10+ years,1
30650.0,11.45,8 years,1
17000.0,23.88,10+ years,1
16000.0,8.36,10+ years,1
2500.0,28.72,,1
10000.0,37.37,,1
5700.0,28.32,< 1 year,1
24000.0,28.49,10+ years,1
35000.0,15.51,2 years,1
3000.0,9.12,10+ years,1
32000.0,35.35,4 years,1
3600.0,27.54,6 years,1
7000.0,12.19,5 years,1
12000.0,29.89,7 years,1
20000.0,18.75,6 years,1
30000.0,19.35,8 years,1
7200.0,36.11,10+ years,1
26750.0,30.83,6 years,1
8000.0,19.78,1 year,1
30000.0,16.58,8 years,1
12000.0,10.01,3 years,1
20000.0,13.06,10+ years,1
19275.0,29.62,10+ years,1
21000.0,11.49,2 years,1
3400.0,6.67,10+ years,1
30000.0,18.55,10+ years,1
10000.0,18.49,10+ years,1
14400.0,21.3,10+ years,1
18000.0,44.09,10+ years,1
9500.0,11.02,4 years,1
3600.0,21.64,2 years,1
10000.0,1.79,10+ years,1
25000.0,1.0,10+ years,1
35000.0,14.02,10+ years,1
9325.0,22.92,5 years,1
10000.0,28.38,4 years,1
15000.0,23.44,,1
3000.0,32.22,10+ years,1
35000.0,9.39,10+ years,1
7000.0,28.28,< 1 year,1
12000.0,31.56,9 years,1
24875.0,31.16,10+ years,1
3000.0,16.23,2 years,1
4350.0,26.15,,1
10825.0,10.83,1 year,1
3000.0,30.15,2 years,1
30000.0,29.28,7 years,1
7200.0,13.71,10+ years,1
4500.0,18.04,2 years,1
3750.0,35.96,3 years,1
5100.0,6.96,< 1 year,1
15000.0,9.71,10+ years,1
7000.0,10.6,10+ years,1
9900.0,13.94,2 years,1
13625.0,21.8,,1
24000.0,14.77,10+ years,1
15000.0,9.82,2 years,1
20000.0,19.45,10+ years,1
8000.0,13.34,3 years,1
13575.0,16.18,7 years,1
9600.0,3.08,10+ years,1
15000.0,24.87,10+ years,1
25000.0,14.03,2 years,1
8075.0,28.72,3 years,1
4000.0,12.76,7 years,1
12000.0,31.31,4 years,1
5000.0,24.58,10+ years,1
10000.0,38.81,10+ years,1
6000.0,34.83,3 years,1
30000.0,18.66,2 years,1
3600.0,16.66,10+ years,1
35000.0,15.2,,1
17025.0,34.55,1 year,1
8000.0,23.91,10+ years,1
11325.0,18.99,9 years,1
10000.0,23.74,4 years,1
21600.0,16.16,2 years,1
10950.0,14.64,,1
15000.0,9.11,10+ years,1
3000.0,8.54,3 years,1
35000.0,14.11,2 years,1
5400.0,25.07,8 years,1
3425.0,11.98,5 years,1
16000.0,24.45,10+ years,1
6725.0,19.44,,1
9325.0,31.63,10+ years,1
21000.0,16.72,3 years,1
24000.0,25.98,1 year,1
7000.0,15.72,10+ years,1
7050.0,34.72,4 years,1
9000.0,18.55,,1
6000.0,26.67,10+ years,1
4000.0,8.92,1 year,1
7000.0,28.4,,1
18225.0,34.04,9 years,1
9000.0,30.26,7 years,1
9600.0,22.26,10+ years,1
3950.0,18.04,3 years,1
7500.0,18.81,< 1 year,1
15000.0,26.3,3 years,1
1000.0,16.44,9 years,1
12000.0,31.81,1 year,1
20950.0,33.37,10+ years,1
12000.0,17.44,10+ years,1
14600.0,28.32,4 years,1
19825.0,24.98,2 years,1
8000.0,21.79,3 years,1
22800.0,32.31,4 years,1
5000.0,18.63,10+ years,1
12800.0,34.6,10+ years,1
3250.0,27.7,,1
27000.0,20.6,5 years,1
9600.0,35.68,< 1 year,1
5500.0,3.38,< 1 year,1
7725.0,17.85,2 years,1
5000.0,25.88,10+ years,1
6400.0,22.28,< 1 year,1
22000.0,19.11,7 years,1
23450.0,16.89,2 years,1
12000.0,9.78,10+ years,1
15000.0,33.58,8 years,1
35000.0,26.61,7 years,1
6000.0,6.71,< 1 year,1
28000.0,19.66,8 years,1
8000.0,11.46,1 year,1
14000.0,20.6,4 years,1
14800.0,32.39,9 years,1
16000.0,11.74,5 years,1
5000.0,13.68,3 years,1
20000.0,20.25,2 years,1
28100.0,22.38,10+ years,1
8000.0,21.22,10+ years,1
14400.0,11.25,5 years,1
12000.0,15.27,2 years,1
3600.0,20.89,10+ years,1
6000.0,2.11,< 1 year,1
15000.0,36.77,< 1 year,1
7500.0,14.09,2 years,1
6000.0,25.4,< 1 year,1
16000.0,10.19,10+ years,1
15000.0,29.05,< 1 year,1
10000.0,32.43,,1
12000.0,12.84,< 1 year,1
24000.0,16.32,10+ years,1
20250.0,10.82,4 years,1
9175.0,23.91,10+ years,1
12000.0,15.95,5 years,1
2200.0,15.95,10+ years,1
10000.0,17.52,2 years,1
15275.0,25.72,< 1 year,1
10000.0,3.05,10+ years,1
27500.0,37.6,10+ years,1
12000.0,17.02,2 years,1
25600.0,12.9,< 1 year,1
3000.0,22.56,1 year,1
16000.0,5.55,3 years,1
20000.0,38.72,10+ years,1
18000.0,27.51,8 years,1
26000.0,11.1,10+ years,1
35000.0,17.14,2 years,1
15300.0,19.49,10+ years,1
20000.0,12.88,10+ years,1
19050.0,38.12,10+ years,1
15000.0,20.48,,1
2550.0,10.99,5 years,1
27600.0,25.46,< 1 year,1
14250.0,37.25,2 years,1
32500.0,33.33,10+ years,1
7000.0,25.06,3 years,1
5000.0,15.09,7 years,1
28000.0,24.87,5 years,1
5000.0,27.35,1 year,1
27500.0,21.69,10+ years,1
10000.0,19.4,10+ years,1
12000.0,13.16,10+ years,1
12800.0,29.75,< 1 year,1
6025.0,9.45,9 years,1
21000.0,14.28,9 years,1
23100.0,39.99,10+ years,1
5450.0,37.59,3 years,1
7900.0,33.93,1 year,1
21000.0,21.54,1 year,1
7000.0,13.59,10+ years,1
25000.0,37.5,10+ years,1
8100.0,14.67,2 years,1
6700.0,18.46,2 years,1
30000.0,22.66,1 year,1
10000.0,5.72,2 years,1
9800.0,20.8,6 years,1
12000.0,15.44,10+ years,1
15000.0,36.21,10+ years,1
22000.0,21.43,10+ years,1
15000.0,23.85,2 years,1
25000.0,16.48,3 years,1
15000.0,9.37,6 years,1
24175.0,24.88,10+ years,1
15000.0,9.33,10+ years,1
15000.0,23.13,10+ years,1
6000.0,36.59,,1
8000.0,20.22,10+ years,1
16000.0,26.98,1 year,1
15675.0,30.71,9 years,1
10000.0,2.18,1 year,1
4400.0,18.38,2 years,1
10000.0,25.02,2 years,1
32400.0,34.27,,1
3500.0,13.5,10+ years,1
19775.0,7.4,5 years,1
2500.0,30.26,10+ years,1
15000.0,20.29,1 year,1
7500.0,16.03,< 1 year,1
3600.0,19.86,8 years,1
3000.0,12.53,10+ years,1
8000.0,37.76,10+ years,1
7200.0,26.14,5 years,1
35000.0,15.95,10+ years,1
2400.0,22.46,4 years,1
13800.0,21.2,< 1 year,1
3425.0,15.3,4 years,1
31275.0,18.12,2 years,1
10000.0,8.11,,1
28000.0,8.53,3 years,1
10000.0,7.41,,1
34500.0,24.98,10+ years,1
5000.0,27.24,10+ years,1
17300.0,33.06,,1
8000.0,31.09,2 years,1
23500.0,18.18,10+ years,1
18000.0,35.87,10+ years,1
9875.0,19.17,< 1 year,1
18725.0,24.07,10+ years,1
16000.0,17.09,2 years,1
21000.0,18.18,3 years,1
22800.0,27.57,3 years,1
12000.0,14.12,4 years,1
3000.0,22.47,10+ years,1
8400.0,16.39,10+ years,1
7000.0,7.27,10+ years,1
11325.0,32.23,3 years,1
12800.0,20.44,10+ years,1
10000.0,22.45,3 years,1
4625.0,19.44,10+ years,1
1000.0,16.78,10+ years,1
18000.0,10.93,3 years,1
7750.0,39.77,2 years,1
7200.0,18.77,6 years,1
15000.0,14.32,< 1 year,1
5000.0,34.18,< 1 year,1
20450.0,30.02,4 years,1
30000.0,13.08,10+ years,1
35000.0,16.33,5 years,1
8500.0,7.22,6 years,1
2000.0,12.85,10+ years,1
23000.0,17.77,7 years,1
10000.0,8.96,5 years,1
5475.0,36.34,,1
28000.0,22.55,2 years,1
7000.0,22.08,6 years,1
14400.0,15.05,10+ years,1
6000.0,26.97,2 years,1
10000.0,24.68,3 years,1
20000.0,16.24,3 years,1
7900.0,36.28,10+ years,1
10500.0,33.11,5 years,1
3375.0,14.64,3 years,1
20000.0,29.2,< 1 year,1
10000.0,20.29,10+ years,1
21000.0,17.8,3 years,1
25000.0,6.09,10+ years,1
9000.0,21.52,2 years,1
18000.0,26.04,1 year,1
7500.0,19.27,2 years,1
6500.0,22.7,10+ years,1
3000.0,22.34,10+ years,1
10000.0,30.72,8 years,1
15000.0,9.47,10+ years,1
7450.0,28.85,< 1 year,1
24000.0,23.05,< 1 year,1
8525.0,28.01,,1
12150.0,9.96,< 1 year,1
14000.0,15.09,10+ years,1
20000.0,20.28,1 year,1
2800.0,9.64,10+ years,1
14000.0,30.42,10+ years,1
12000.0,11.17,< 1 year,1
18000.0,32.74,6 years,1
15000.0,11.94,10+ years,1
6400.0,10.18,< 1 year,1
25000.0,23.88,6 years,1
14900.0,18.52,10+ years,1
35000.0,32.14,8 years,1
16000.0,17.3,5 years,1
11225.0,26.31,1 year,1
9000.0,24.73,6 years,1
8000.0,29.8,5 years,1
10900.0,29.0,9 years,1
10000.0,13.63,4 years,1
11500.0,11.64,10+ years,1
24000.0,28.09,,1
10000.0,30.54,5 years,1
11900.0,17.11,3 years,1
5000.0,7.04,8 years,1
4825.0,6.65,8 years,1
6000.0,11.36,2 years,1
19200.0,19.44,< 1 year,1
12000.0,10.5,10+ years,1
20000.0,25.94,10+ years,1
5000.0,7.51,3 years,1
5000.0,24.61,9 years,1
6000.0,29.71,4 years,1
28000.0,33.81,10+ years,1
30000.0,23.93,4 years,1
6000.0,16.65,7 years,1
2150.0,31.06,10+ years,1
22500.0,25.95,10+ years,1
25000.0,9.78,8 years,1
11275.0,20.78,10+ years,1
7500.0,13.03,< 1 year,1
6600.0,12.8,10+ years,1
7000.0,11.78,3 years,1
10000.0,20.1,< 1 year,1
10000.0,8.79,10+ years,1
3600.0,35.5,3 years,1
10000.0,6.03,10+ years,1
10000.0,23.71,5 years,1
10000.0,4.82,5 years,1
21000.0,19.99,1 year,1
24000.0,11.27,10+ years,1
10000.0,13.48,10+ years,1
16800.0,4.65,2 years,1
12000.0,11.67,< 1 year,1
7600.0,14.86,,1
4000.0,34.62,10+ years,1
5000.0,33.12,,1
16000.0,26.68,8 years,1
15000.0,20.75,3 years,1
16150.0,24.46,1 year,1
20000.0,20.29,10+ years,1
4800.0,34.32,10+ years,1
12600.0,25.04,7 years,1
15000.0,11.81,10+ years,1
12000.0,9.04,10+ years,1
24700.0,9.89,9 years,1
5000.0,15.15,10+ years,1
17975.0,35.58,5 years,1
30000.0,6.92,9 years,1
18000.0,31.64,10+ years,1
10000.0,2.43,2 years,1
14175.0,27.03,2 years,1
10000.0,21.95,10+ years,1
15000.0,20.8,6 years,1
9000.0,24.87,1 year,1
5000.0,28.96,2 years,1
8000.0,28.24,10+ years,1
24000.0,22.02,,1
12000.0,29.88,5 years,1
4500.0,14.98,3 years,1
11400.0,9.07,10+ years,1
13000.0,20.02,7 years,1
10000.0,12.46,2 years,1
24000.0,26.88,4 years,1
12000.0,21.03,10+ years,1
10000.0,1.81,10+ years,1
24000.0,30.92,10+ years,1
24000.0,22.29,8 years,1
17625.0,14.42,,1
17000.0,24.48,< 1 year,1
7000.0,24.37,,1
35000.0,0.9,1 year,1
15000.0,7.7,10+ years,1
9000.0,20.92,10+ years,1
11000.0,11.29,2 years,1
17600.0,17.82,,1
35000.0,25.38,6 years,1
14000.0,7.18,7 years,1
15000.0,26.4,4 years,1
10000.0,17.04,10+ years,1
20000.0,7.57,3 years,1
20000.0,2.51,6 years,1
14000.0,21.58,5 years,1
6000.0,20.27,1 year,1
27600.0,18.6,10+ years,1
7200.0,14.52,3 years,1
9600.0,9.25,4 years,1
9600.0,6.65,10+ years,1
13000.0,14.77,7 years,1
2100.0,7.94,10+ years,1
2400.0,34.58,,1
14000.0,16.88,4 years,1
2000.0,6.19,10+ years,1
9500.0,14.57,2 years,1
8000.0,18.77,6 years,1
8000.0,21.41,5 years,1
11500.0,19.81,10+ years,1
6000.0,25.93,,1
7000.0,34.25,,1
6000.0,17.67,2 years,1
10800.0,24.3,10+ years,1
16000.0,14.75,10+ years,1
8500.0,24.12,7 years,1
8000.0,31.64,2 years,1
6000.0,19.41,7 years,1
23000.0,34.42,10+ years,1
12000.0,11.17,10+ years,1
5000.0,18.43,10+ years,1
16650.0,29.4,10+ years,1
2000.0,13.41,10+ years,1
7950.0,20.49,,1
9000.0,25.83,10+ years,1
25000.0,10.62,3 years,1
8975.0,33.22,1 year,1
10000.0,4.52,5 years,1
5000.0,26.78,10+ years,1
9800.0,29.8,10+ years,1
3000.0,13.3,,1
15000.0,7.11,10+ years,1
15000.0,18.58,10+ years,1
21000.0,35.49,3 years,1
20000.0,22.0,10+ years,1
12000.0,12.25,4 years,1
10575.0,36.67,,1
7550.0,26.19,2 years,1
6000.0,3.74,3 years,1
25000.0,15.25,7 years,1
12000.0,19.24,10+ years,1
9600.0,23.19,7 years,1
9000.0,9.5,< 1 year,1
20000.0,25.71,4 years,1
6000.0,10.37,10+ years,1
8625.0,18.19,< 1 year,1
13625.0,36.53,10+ years,1
3825.0,21.0,< 1 year,1
25000.0,12.39,10+ years,1
9100.0,24.57,10+ years,1
1400.0,20.93,10+ years,1
10000.0,13.12,2 years,1
10000.0,37.6,3 years,1
3000.0,20.04,8 years,1
3600.0,6.73,9 years,1
35000.0,15.5,< 1 year,1
5600.0,33.14,4 years,1
6400.0,29.82,10+ years,1
8000.0,23.53,,1
9000.0,7.14,< 1 year,1
7700.0,13.2,3 years,1
29600.0,21.18,10+ years,1
24000.0,23.83,10+ years,1
7000.0,6.35,10+ years,1
20000.0,9.5,10+ years,1
3600.0,19.76,10+ years,1
9450.0,17.74,< 1 year,1
4500.0,31.25,3 years,1
4800.0,28.42,10+ years,1
12000.0,20.44,10+ years,1
7000.0,17.55,5 years,1
10000.0,23.23,9 years,1
24000.0,29.41,,1
12000.0,16.03,10+ years,1
6000.0,16.86,10+ years,1
5000.0,16.36,< 1 year,1
1600.0,15.73,< 1 year,1
7975.0,15.37,10+ years,1
16150.0,32.59,2 years,1
20000.0,34.95,10+ years,1
12350.0,34.16,10+ years,1
8000.0,28.83,10+ years,1
16000.0,14.58,9 years,1
35000.0,20.83,3 years,1
22925.0,31.89,6 years,1
14075.0,36.27,2 years,1
22750.0,9.95,4 years,1
16000.0,16.46,3 years,1
5000.0,35.7,10+ years,1
4400.0,36.25,1 year,1
12000.0,14.21,2 years,1
25000.0,16.37,10+ years,1
20000.0,13.02,10+ years,1
3700.0,33.02,1 year,1
1000.0,17.76,2 years,1
17500.0,32.3,10+ years,1
6000.0,10.44,< 1 year,1
4425.0,14.76,< 1 year,1
4000.0,5.92,10+ years,1
16000.0,20.87,3 years,1
15000.0,27.66,5 years,1
4450.0,28.47,,1
8000.0,13.0,2 years,1
35000.0,16.93,10+ years,1
2500.0,13.82,2 years,1
12000.0,15.52,10+ years,1
11200.0,24.52,,1
12000.0,13.31,5 years,1
28000.0,7.45,6 years,1
8000.0,21.2,8 years,1
5550.0,7.47,10+ years,1
13200.0,16.34,1 year,1
15000.0,27.3,10+ years,1
12775.0,26.68,< 1 year,1
10000.0,20.03,1 year,1
12000.0,11.01,10+ years,1
1000.0,31.78,2 years,1
20000.0,12.49,8 years,1
3600.0,23.71,,1
28000.0,18.87,10+ years,1
7000.0,22.05,10+ years,1
35000.0,16.31,10+ years,1
12325.0,31.32,10+ years,1
10000.0,12.96,10+ years,1
21850.0,15.27,8 years,1
15000.0,26.17,8 years,1
6450.0,15.88,,1
19000.0,30.45,1 year,1
8000.0,8.79,4 years,1
10950.0,22.44,5 years,1
5850.0,7.99,2 years,1
20000.0,10.45,10+ years,1
3000.0,13.9,8 years,1
10000.0,29.92,6 years,1
6000.0,32.5,3 years,1
10000.0,13.57,9 years,1
8400.0,13.6,2 years,1
10000.0,13.07,3 years,1
25975.0,35.8,9 years,1
6000.0,38.54,1 year,1
8000.0,11.25,10+ years,1
3600.0,12.54,10+ years,1
35000.0,6.43,7 years,1
8000.0,10.49,3 years,1
9500.0,14.61,1 year,1
2500.0,6.78,10+ years,1
10000.0,17.93,5 years,1
20000.0,17.27,10+ years,1
24000.0,20.37,10+ years,1
16000.0,14.72,6 years,1
16800.0,34.08,4 years,1
7325.0,16.23,3 years,1
5075.0,26.67,,1
33000.0,16.27,5 years,1
10000.0,16.21,5 years,1
32000.0,9.41,10+ years,1
33600.0,22.94,8 years,1
24000.0,16.25,10+ years,1
12800.0,19.46,3 years,1
8800.0,36.79,,1
20000.0,18.87,8 years,1
11000.0,15.47,10+ years,1
3600.0,1.59,10+ years,1
35000.0,34.0,10+ years,1
19200.0,12.51,7 years,1
10000.0,26.11,2 years,1
22000.0,17.74,3 years,1
9000.0,13.46,< 1 year,1
15000.0,8.02,< 1 year,1
6000.0,14.33,8 years,1
9000.0,17.55,3 years,1
10000.0,3.74,1 year,1
5000.0,33.99,< 1 year,1
6000.0,21.15,3 years,1
22575.0,39.5,7 years,1
5000.0,28.35,6 years,1
15000.0,11.63,10+ years,1
11400.0,36.04,10+ years,1
11400.0,24.43,7 years,1
16000.0,10.57,9 years,1
33000.0,29.63,10+ years,1
10000.0,3.89,10+ years,1
8400.0,39.63,10+ years,1
5000.0,7.67,10+ years,1
12000.0,17.93,2 years,1
16000.0,31.28,10+ years,1
10000.0,32.34,1 year,1
5500.0,13.86,10+ years,1
6000.0,18.04,< 1 year,1
9000.0,15.31,10+ years,1
5000.0,23.75,9 years,1
3600.0,23.16,4 years,1
25000.0,24.0,10+ years,1
4000.0,27.83,10+ years,1
18550.0,21.62,10+ years,1
7000.0,26.85,4 years,1
30000.0,13.89,10+ years,1
4750.0,29.64,,1
7425.0,25.69,< 1 year,1
3475.0,22.85,10+ years,1
15000.0,14.48,10+ years,1
10000.0,10.37,10+ years,1
23000.0,32.69,10+ years,1
6000.0,7.89,10+ years,1
25000.0,22.87,10+ years,1
19650.0,21.99,10+ years,1
20000.0,8.3,10+ years,1
9625.0,32.4,7 years,1
15000.0,23.87,9 years,1
23100.0,33.97,< 1 year,1
35000.0,8.39,1 year,1
6750.0,7.69,10+ years,1
20000.0,27.32,2 years,1
9800.0,12.18,2 years,1
3250.0,9.36,2 years,1
4800.0,20.36,10+ years,1
8000.0,15.21,3 years,1
7000.0,13.18,< 1 year,1
15000.0,10.78,8 years,1
35000.0,33.79,< 1 year,1
35000.0,22.16,8 years,1
24000.0,14.53,3 years,1
6300.0,10.8,5 years,1
15000.0,25.81,1 year,1
7000.0,7.35,1 year,1
5000.0,22.21,2 years,1
30000.0,17.01,< 1 year,1
13625.0,18.51,9 years,1
18075.0,37.23,< 1 year,1
10000.0,20.48,3 years,1
7000.0,30.45,10+ years,1
20000.0,18.91,,1
18000.0,20.47,10+ years,1
14000.0,20.82,3 years,1
5000.0,25.76,8 years,1
5600.0,34.93,9 years,1
8125.0,24.54,5 years,1
10350.0,17.64,6 years,1
15000.0,17.49,2 years,1
10000.0,20.79,10+ years,1
7775.0,32.47,10+ years,1
14000.0,26.64,4 years,1
6000.0,13.42,10+ years,1
30000.0,36.05,2 years,1
9500.0,9.36,5 years,1
15000.0,12.77,10+ years,1
11000.0,18.77,< 1 year,1
10000.0,15.4,2 years,1
3500.0,4.03,10+ years,1
14400.0,16.89,10+ years,1
10000.0,19.95,2 years,1
3100.0,13.85,4 years,1
12000.0,12.91,3 years,1
8000.0,15.4,8 years,1
7500.0,15.44,2 years,1
16000.0,22.64,1 year,1
24000.0,13.01,1 year,1
24000.0,8.98,9 years,1
8525.0,39.37,3 years,1
30800.0,15.73,< 1 year,1
24000.0,39.63,2 years,1
19800.0,20.77,1 year,1
2400.0,5.24,10+ years,1
6025.0,38.4,1 year,1
5000.0,20.86,< 1 year,1
12000.0,19.1,1 year,1
18000.0,31.29,10+ years,1
7000.0,3.41,8 years,1
10000.0,9.69,7 years,1
10000.0,11.51,10+ years,1
25000.0,26.73,4 years,1
10000.0,23.62,< 1 year,1
6000.0,21.93,2 years,1
10000.0,8.23,10+ years,1
22400.0,13.89,10+ years,1
4000.0,11.31,5 years,1
35000.0,9.77,1 year,1
4600.0,7.45,5 years,1
4000.0,27.62,8 years,1
7000.0,20.24,10+ years,1
10000.0,16.43,10+ years,1
1600.0,32.2,10+ years,1
5500.0,18.47,2 years,1
16200.0,26.67,7 years,1
9000.0,32.13,3 years,1
18000.0,13.28,3 years,1
9550.0,11.14,10+ years,1
24000.0,17.31,< 1 year,1
35000.0,9.86,10+ years,1
25000.0,23.82,2 years,1
16500.0,23.29,4 years,1
9500.0,14.52,7 years,1
26550.0,26.36,10+ years,1
23150.0,17.82,5 years,1
35000.0,35.18,10+ years,1
1400.0,25.07,5 years,1
16075.0,3.38,4 years,1
6450.0,21.96,2 years,1
12000.0,24.86,10+ years,1
12000.0,4.4,10+ years,1
8000.0,37.95,4 years,1
35000.0,25.81,5 years,1
24000.0,11.04,3 years,1
18000.0,31.82,10+ years,1
15000.0,24.6,10+ years,1
12300.0,15.84,6 years,1
6000.0,7.68,5 years,1
11500.0,9.91,4 years,1
28000.0,23.67,10+ years,1
4200.0,24.24,,1
3500.0,9.34,2 years,1
24000.0,11.88,8 years,1
30000.0,29.31,8 years,1
1000.0,20.34,10+ years,1
9000.0,8.2,< 1 year,1
18000.0,13.28,3 years,1
10000.0,19.64,1 year,1
19875.0,30.05,1 year,1
30000.0,20.66,6 years,1
4200.0,17.6,< 1 year,1
29900.0,23.2,10+ years,1
12000.0,27.78,10+ years,1
24000.0,24.56,< 1 year,1
15000.0,19.42,2 years,1
10000.0,2.76,10+ years,1
5000.0,25.09,2 years,1
13200.0,19.28,2 years,1
35000.0,35.17,< 1 year,1
30650.0,29.13,4 years,1
18850.0,20.44,10+ years,1
9000.0,27.7,4 years,1
3800.0,10.62,5 years,1
27000.0,18.11,8 years,1
17375.0,10.12,7 years,1
19200.0,24.11,1 year,1
11000.0,20.27,2 years,1
9600.0,11.2,1 year,1
35000.0,18.79,10+ years,1
1400.0,17.03,10+ years,1
6650.0,7.38,,1
6000.0,6.68,10+ years,1
30000.0,15.11,< 1 year,1
10000.0,12.23,10+ years,1
12000.0,21.55,10+ years,1
15000.0,19.9,10+ years,1
30000.0,2.87,,1
25000.0,19.44,10+ years,1
16000.0,23.62,4 years,1
14000.0,18.22,7 years,1
12000.0,8.69,7 years,1
10000.0,13.81,3 years,1
25000.0,11.92,8 years,1
6000.0,16.02,3 years,1
20000.0,12.27,10+ years,1
15000.0,23.5,8 years,1
24000.0,25.42,9 years,1
6400.0,23.68,10+ years,1
10000.0,3.0,8 years,1
7000.0,15.84,5 years,1
20000.0,17.16,6 years,1
25000.0,6.25,2 years,1
4500.0,6.93,10+ years,1
18700.0,21.62,10+ years,1
25000.0,28.8,10+ years,1
8400.0,31.04,4 years,1
3500.0,16.74,2 years,1
18000.0,9.81,10+ years,1
30000.0,13.11,3 years,1
11000.0,11.39,3 years,1
1200.0,1.22,10+ years,1
11000.0,9.93,10+ years,1
25200.0,19.22,7 years,1
1000.0,7.99,6 years,1
6400.0,12.83,< 1 year,1
8000.0,12.24,1 year,1
6000.0,21.63,10+ years,1
16000.0,18.6,< 1 year,1
20000.0,13.32,< 1 year,1
30000.0,5.47,9 years,1
8000.0,20.34,1 year,1
12000.0,22.07,5 years,1
5625.0,25.56,10+ years,1
24000.0,14.62,6 years,1
3600.0,8.15,,1
12000.0,1.59,< 1 year,1
20000.0,35.92,10+ years,1
17000.0,18.06,10+ years,1
10000.0,12.2,5 years,1
16000.0,12.71,1 year,1
10000.0,34.56,6 years,1
9600.0,38.53,10+ years,1
35000.0,20.63,,1
28000.0,7.13,9 years,1
20000.0,22.42,9 years,1
15000.0,17.44,2 years,1
3000.0,23.65,1 year,1
6200.0,27.46,3 years,1
6000.0,33.25,10+ years,1
7500.0,18.24,,1
24000.0,10.67,4 years,1
35000.0,12.9,< 1 year,1
15000.0,31.88,4 years,1
5650.0,21.6,2 years,1
1750.0,13.37,,1
6000.0,36.04,< 1 year,1
3000.0,14.19,1 year,1
30000.0,19.47,10+ years,1
35000.0,26.94,1 year,1
22400.0,11.8,6 years,1
10500.0,37.4,10+ years,1
9000.0,23.88,,1
14700.0,31.31,10+ years,1
14000.0,5.79,3 years,1
8150.0,28.28,3 years,1
7925.0,23.93,8 years,1
8800.0,18.39,10+ years,1
16800.0,13.83,2 years,1
1500.0,10.66,8 years,1
20000.0,19.21,3 years,1
3600.0,24.58,2 years,1
31600.0,17.61,10+ years,1
27800.0,12.63,10+ years,1
6500.0,20.04,4 years,1
5000.0,30.67,2 years,1
16450.0,19.09,< 1 year,1
28000.0,11.29,5 years,1
9000.0,13.4,6 years,1
19000.0,23.78,8 years,1
12000.0,10.85,1 year,1
6650.0,11.45,6 years,1
20000.0,21.65,,1
6000.0,16.76,10+ years,1
10000.0,18.38,10+ years,1
13000.0,14.28,2 years,1
30000.0,31.54,6 years,1
12000.0,27.81,10+ years,1
15300.0,14.91,1 year,1
1000.0,13.53,1 year,1
35000.0,13.6,10+ years,1
6025.0,9.64,10+ years,1
30000.0,16.47,5 years,1
10000.0,25.48,5 years,1
3600.0,23.17,4 years,1
10000.0,13.76,8 years,1
20000.0,25.92,8 years,1
16000.0,31.14,3 years,1
6500.0,29.95,10+ years,1
10000.0,8.68,8 years,1
14900.0,19.83,10+ years,1
18000.0,24.5,5 years,1
16500.0,12.89,10+ years,1
1125.0,34.81,10+ years,1
9600.0,23.09,4 years,1
18000.0,20.4,8 years,1
10000.0,31.34,4 years,1
2500.0,19.32,6 years,1
6000.0,32.95,,1
15000.0,5.87,< 1 year,1
20000.0,14.98,1 year,1
9000.0,7.96,6 years,1
6000.0,16.01,10+ years,1
30000.0,27.75,2 years,1
14000.0,35.81,10+ years,1
7000.0,16.15,9 years,1
7500.0,24.18,5 years,1
6000.0,20.32,3 years,1
12000.0,27.91,5 years,1
10000.0,20.59,10+ years,1
16000.0,14.95,10+ years,1
12000.0,29.79,2 years,1
1000.0,28.57,,1
2525.0,12.66,2 years,1
5775.0,9.77,< 1 year,1
8300.0,16.73,,1
8000.0,16.21,,1
6400.0,22.71,10+ years,1
7000.0,17.3,< 1 year,1
35000.0,14.44,10+ years,1
9000.0,26.73,10+ years,1
8000.0,25.44,,1
16500.0,17.2,2 years,1
19675.0,19.63,< 1 year,1
20000.0,6.72,10+ years,1
13675.0,23.37,1 year,1
12600.0,32.51,5 years,1
21500.0,6.73,< 1 year,1
5000.0,19.89,2 years,1
18000.0,29.89,10+ years,1
30225.0,29.49,10+ years,1
14000.0,32.26,10+ years,1
24000.0,17.18,10+ years,1
15000.0,8.93,3 years,1
12000.0,22.92,< 1 year,1
16500.0,15.06,10+ years,1
1500.0,17.11,10+ years,1
25000.0,18.24,2 years,1
10000.0,22.94,3 years,1
8000.0,22.0,3 years,1
5000.0,23.39,3 years,1
20000.0,14.04,10+ years,1
18000.0,19.72,< 1 year,1
6000.0,26.97,2 years,1
4000.0,30.44,10+ years,1
12000.0,12.35,10+ years,1
8000.0,28.9,10+ years,1
12000.0,13.65,7 years,1
10500.0,23.56,1 year,1
1925.0,2.19,,1
35000.0,7.76,10+ years,1
5000.0,13.4,,1
15025.0,24.71,10+ years,1
9000.0,35.06,5 years,1
14000.0,22.45,6 years,1
10000.0,23.01,8 years,1
5000.0,11.98,10+ years,1
22000.0,25.98,10+ years,1
19000.0,14.04,4 years,1
30000.0,36.99,1 year,1
14000.0,18.56,< 1 year,1
35000.0,27.4,< 1 year,1
35000.0,9.35,10+ years,1
2800.0,22.23,3 years,1
23000.0,11.8,3 years,1
12300.0,20.89,10+ years,1
6000.0,13.08,4 years,1
21000.0,29.36,9 years,1
12000.0,36.92,7 years,1
8200.0,25.75,9 years,1
9600.0,12.47,10+ years,1
5275.0,21.15,10+ years,1
15000.0,10.57,8 years,1
14000.0,25.58,10+ years,1
8000.0,7.7,10+ years,1
7000.0,14.55,4 years,1
13200.0,12.82,10+ years,1
5000.0,6.88,6 years,1
3500.0,29.96,< 1 year,1
12000.0,22.54,10+ years,1
1000.0,10.38,10+ years,1
15000.0,19.11,4 years,1
19775.0,14.7,< 1 year,1
12000.0,31.39,< 1 year,1
10000.0,23.19,< 1 year,1
28000.0,33.95,10+ years,1
9000.0,9.56,6 years,1
6400.0,20.64,3 years,1
4775.0,22.43,< 1 year,1
24000.0,18.94,1 year,1
26000.0,10.0,2 years,1
10350.0,25.8,1 year,1
3075.0,13.05,10+ years,1
2500.0,17.17,10+ years,1
12000.0,23.98,6 years,1
17875.0,19.84,10+ years,1
16000.0,14.34,10+ years,1
16575.0,17.16,4 years,1
6500.0,24.34,1 year,1
16000.0,31.02,4 years,1
7500.0,30.8,,1
5875.0,10.17,8 years,1
1000.0,33.79,< 1 year,1
14400.0,8.47,7 years,1
18000.0,20.5,10+ years,1
10000.0,1.86,5 years,1
10000.0,17.82,< 1 year,1
10000.0,30.56,10+ years,1
35000.0,23.73,10+ years,1
1000.0,34.41,7 years,1
12000.0,19.09,3 years,1
6050.0,24.11,9 years,1
5000.0,16.06,3 years,1
20000.0,24.74,10+ years,1
9600.0,29.37,6 years,1
10000.0,13.27,2 years,1
16000.0,7.78,2 years,1
8175.0,1.85,,1
30000.0,21.58,7 years,1
6000.0,16.9,,1
28000.0,7.29,9 years,1
12475.0,0.72,2 years,1
6000.0,17.8,,1
28000.0,18.12,10+ years,1
10000.0,33.65,< 1 year,1
35000.0,31.36,10+ years,1
5000.0,20.63,1 year,1
24000.0,9.44,3 years,1
32975.0,32.28,7 years,1
5000.0,17.95,< 1 year,1
8500.0,17.55,10+ years,1
17000.0,4.03,4 years,1
6000.0,14.53,4 years,1
18000.0,19.96,1 year,1
8550.0,8.68,10+ years,1
8500.0,12.43,1 year,1
17325.0,0.46,6 years,1
18000.0,14.58,7 years,1
3375.0,14.43,,1
7000.0,14.16,6 years,1
5000.0,10.53,1 year,1
8000.0,19.52,10+ years,1
7500.0,20.45,2 years,1
8000.0,17.86,3 years,1
21125.0,29.87,7 years,1
24000.0,19.89,6 years,1
20000.0,22.44,10+ years,1
12000.0,15.99,2 years,1
12000.0,24.16,1 year,1
25000.0,10.59,6 years,1
15000.0,30.89,10+ years,1
3600.0,9.7,5 years,1
12000.0,13.86,3 years,1
10000.0,4.16,4 years,1
15600.0,34.79,10+ years,1
21000.0,13.41,10+ years,1
10000.0,9.46,6 years,1
16800.0,10.3,10+ years,1
30000.0,21.74,3 years,1
15000.0,23.74,10+ years,1
15000.0,3.24,< 1 year,1
6000.0,11.52,3 years,1
6800.0,20.77,,1
5000.0,15.67,6 years,1
8525.0,15.77,8 years,1
3000.0,6.53,6 years,1
5000.0,29.63,1 year,1
16000.0,8.32,10+ years,1
10000.0,3.84,9 years,1
21000.0,10.97,10+ years,1
1000.0,10.0,4,0
1000.0,10.0,0,0
11000.0,10.0,1,0
6000.0,38.64,0,0
1500.0,9.43,0,0
15000.0,0.0,3,0
10000.0,10.0,0,0
3900.0,10.0,2,0
3000.0,10.0,4,0
2500.0,11.76,4,0
3900.0,10.0,10,0
1000.0,10.0,1,0
3000.0,10.0,0,0
1500.0,10.0,3,0
1000.0,10.0,0,0
8000.0,10.0,0,0
12000.0,10.0,3,0
1000.0,10.0,3,0
15000.0,10.0,0,0
5000.0,10.0,0,0
15000.0,10.0,0,0
5000.0,10.0,1,0
4950.0,10.0,2,0
6100.0,24.69,2,0
12000.0,10.0,2,0
25000.0,10.0,0,0
15000.0,15.56,0,0
5000.0,10.0,0,0
10000.0,2.25,0,0
10000.0,21.77,0,0
1000.0,0.0,0,0
4000.0,36.8,0,0
7000.0,17.73,0,0
25000.0,4.5,2,0
1000.0,15.92,2,0
6500.0,12.98,0,0
2000.0,32.64,0,0
15000.0,1.55,4,0
6000.0,12.34,1,0
2500.0,18.43,1,0
12500.0,31.82,9,0
3000.0,0.0,0,0
7500.0,61.47,5,0
5000.0,8.93,1,0
5000.0,6.0,0,0
4000.0,43.8,0,0
1000.0,4.61,0,0
5000.0,15.73,4,0
1000.0,28.04,2,0
1000.0,41.35,2,0
6025.0,69.84,2,0
10000.0,61.07,1,0
3000.0,20.91,1,0
10000.0,8.7,1,0
2100.0,10.0,1,0
5000.0,53.76,0,0
10000.0,3.84,0,0
1200.0,0.0,4,0
4000.0,0.0,0,0
15000.0,27.48,2,0
1000.0,12.4,0,0
2500.0,13.1,1,0
5000.0,0.0,5,0
2500.0,29.16,0,0
1000.0,7.68,0,0
5000.0,20.0,1,0
5000.0,0.0,1,0
1500.0,0.0,0,0
1000.0,11.12,2,0
1000.0,1.07,0,0
8000.0,11.67,1,0
3500.0,1.73,0,0
2500.0,0.0,0,0
25000.0,20.06,4,0
4500.0,16.8,0,0
2000.0,0.0,0,0
10000.0,23.1,1,0
3500.0,0.0,0,0
5000.0,3.48,1,0
11000.0,37.3,1,0
1500.0,27.45,0,0
1500.0,58.8,1,0
1000.0,8.51,0,0
7000.0,23.96,0,0
25000.0,4.9,0,0
10000.0,0.0,0,0
4000.0,9.87,1,0
2500.0,10.0,0,0
3000.0,20.01,1,0
1000.0,13.01,3,0
7500.0,14.36,7,0
2000.0,0.0,0,0
1000.0,16.58,0,0
1100.0,0.72,4,0
3000.0,4.05,0,0
1000.0,0.86,0,0
7000.0,39.79,2,0
1000.0,6.55,4,0
5000.0,1.6,2,0
1300.0,22.5,2,0
500.0,18.52,4,0
1000.0,7.21,7,0
1000.0,493.6,1,0
3000.0,6.72,0,0
2000.0,5.51,1,0
5000.0,18.4,2,0
2000.0,10.85,5,0
10000.0,14.76,3,0
6700.0,4.17,2,0
20000.0,0.4,0,0
3400.0,24.36,9,0
5000.0,13.03,0,0
8000.0,12.21,0,0
6000.0,26.07,0,0
5000.0,5.86,0,0
9500.0,1.47,1,0
3500.0,3.12,0,0
1500.0,3.98,0,0
10000.0,6.48,0,0
10000.0,46.15,0,0
800.0,24.0,0,0
10000.0,0.0,0,0
5000.0,10.18,0,0
6000.0,2.36,0,0
1000.0,3.0,0,0
1000.0,5.51,1,0
15000.0,34.27,0,0
2500.0,14.16,0,0
16000.0,22.98,1,0
2000.0,6.91,1,0
4000.0,14.5,0,0
2000.0,14.34,0,0
3000.0,9.26,0,0
6000.0,12.0,0,0
2500.0,21.94,7,0
3000.0,60.11,3,0
6000.0,4042.11,0,0
17000.0,5.96,4,0
5000.0,2.6,0,0
7500.0,45.95,6,0
15000.0,15.0,8,0
4000.0,0.0,0,0
4000.0,6.36,0,0
1000.0,24.0,0,0
1500.0,6.4,1,0
6500.0,1.84,9,0
5000.0,24.7,1,0
4000.0,36.92,4,0
1500.0,9.23,0,0
1000.0,36.7,1,0
10000.0,17.3,2,0
6000.0,21.6,0,0
25000.0,0.77,0,0
10000.0,0.0,1,0
4975.0,1.84,8,0
25000.0,18.83,1,0
5000.0,0.0,0,0
15000.0,17.06,2,0
3000.0,17.74,4,0
3000.0,10.59,3,0
12000.0,100.0,0,0
14000.0,27.98,3,0
25000.0,0.0,4,0
1000.0,0.0,0,0
11000.0,0.75,1,0
1000.0,4.68,2,0
5000.0,9.6,0,0
5000.0,1.32,4,0
3000.0,48.24,1,0
1000.0,25.64,2,0
4000.0,48.6,4,0
12000.0,10.15,0,0
2000.0,27.94,0,0
2500.0,15.07,0,0
2000.0,0.0,0,0
7000.0,136.56,2,0
15000.0,18.91,1,0
5000.0,20.64,1,0
2500.0,42.55,1,0
2000.0,0.0,0,0
5000.0,16.05,0,0
3000.0,12.6,2,0
2500.0,8.67,1,0
25000.0,0.0,7,0
22000.0,37.09,2,0
2500.0,3.0,0,0
2000.0,10.45,1,0
15000.0,20.57,10,0
5000.0,14.28,0,0
15000.0,28.33,3,0
5000.0,1.8,0,0
9000.0,37.4,3,0
1000.0,8.36,0,0
3000.0,4.8,1,0
1000.0,13.5,0,0
1500.0,4.44,4,0
10000.0,4.02,2,0
10000.0,31.65,3,0
3000.0,17.93,10,0
17000.0,22.76,0,0
1000.0,9.95,0,0
7000.0,4.02,7,0
3000.0,10.04,1,0
1000.0,7.8,0,0
10000.0,28.46,1,0
4000.0,100.0,0,0
5000.0,32.64,2,0
1800.0,9.33,0,0
10000.0,11.06,3,0
25000.0,9.26,0,0
5200.0,27.04,0,0
5000.0,26.5,1,0
2150.0,13.52,1,0
5000.0,0.0,1,0
23000.0,11.27,1,0
25000.0,41.64,1,0
2000.0,27.01,1,0
5000.0,6.17,0,0
5000.0,19.75,8,0
25000.0,5.74,2,0
3000.0,4.69,2,0
5000.0,11.1,3,0
5000.0,24.6,10,0
1000.0,67.14,2,0
3500.0,0.0,0,0
7500.0,24.0,3,0
1000.0,21.43,0,0
1500.0,2.52,1,0
10000.0,13.35,1,0
4000.0,12.29,0,0
12000.0,22.72,5,0
8000.0,15.67,0,0
1300.0,11.53,1,0
3000.0,7.3,5,0
2200.0,0.5,2,0
25000.0,10.29,2,0
10000.0,12.93,0,0
1000.0,0.0,0,0
7500.0,0.0,5,0
1000.0,109.2,0,0
5000.0,10.12,1,0
10000.0,0.0,2,0
3000.0,9.07,0,0
20000.0,9.87,3,0
8500.0,30.19,1,0
1000.0,21.7,3,0
20000.0,0.69,4,0
3500.0,13.55,7,0
8000.0,12.38,0,0
9000.0,2.81,0,0
4500.0,15.79,10,0
1000.0,18.8,0,0
25000.0,43.25,10,0
4000.0,6.12,0,0
20000.0,5.2,10,0
5000.0,11.0,2,0
25000.0,22.56,2,0
4000.0,39.55,2,0
11000.0,2.09,10,0
7000.0,30.79,10,0
4000.0,0.0,7,0
1400.0,8.94,9,0
15000.0,40.78,2,0
5000.0,6.63,8,0
7500.0,3.94,6,0
2000.0,1.82,10,0
20000.0,0.0,0,0
9000.0,38.42,0,0
10000.0,50.76,5,0
20000.0,29.12,2,0
1000.0,0.0,1,0
15000.0,680.31,1,0
15000.0,8.58,0,0
2000.0,0.75,1,0
15000.0,23.6,0,0
20000.0,27.72,2,0
13000.0,45.78,10,0
25000.0,23.01,4,0
2000.0,51.73,6,0
20000.0,9.96,6,0
5250.0,0.26,0,0
4000.0,5.04,1,0
12000.0,16.77,0,0
2500.0,3.2,1,0
6000.0,9.51,0,0
5000.0,40.88,10,0
10700.0,10.55,0,0
3500.0,0.0,1,0
3000.0,0.0,10,0
6500.0,50.4,4,0
15000.0,3.76,10,0
5000.0,47.2,3,0
20000.0,0.0,1,0
18000.0,33.05,10,0
5000.0,0.0,10,0
5000.0,18.22,10,0
3500.0,4.03,2,0
1000.0,11.86,2,0
2500.0,33.12,5,0
13000.0,0.0,0,0
1000.0,18.84,0,0
4000.0,22.95,3,0
4000.0,100.5,0,0
25000.0,41.79,10,0
1000.0,9.19,4,0
500.0,22.64,0,0
25000.0,7.94,1,0
5500.0,18.76,0,0
4000.0,31.79,6,0
1000.0,10.08,0,0
1000.0,100.0,10,0
1000.0,1.84,0,0
6000.0,15.23,7,0
1000.0,7.2,0,0
1000.0,16.26,0,0
20000.0,17.79,3,0
5000.0,24.2,10,0
2500.0,15.18,1,0
3000.0,56.27,2,0
20000.0,25.8,0,0
3000.0,20400.0,0,0
1000.0,0.0,0,0
1500.0,14.35,5,0
3500.0,242.83,10,0
5000.0,3.74,0,0
25000.0,6.69,0,0
1200.0,3.63,0,0
3500.0,0.0,0,0
1000.0,414.4,0,0
20000.0,33.04,5,0
4500.0,21.03,0,0
10000.0,0.0,4,0
8000.0,36.68,6,0
1500.0,2.54,0,0
1500.0,14.4,2,0
2500.0,88.4,3,0
2500.0,0.0,0,0
15000.0,2.37,0,0
5000.0,63.5,3,0
3000.0,11.96,3,0
2500.0,12.5,0,0
25000.0,28.19,10,0
5500.0,0.0,0,0
10000.0,73.87,0,0
1500.0,0.0,0,0
22000.0,17.11,1,0
1000.0,27.21,4,0
20000.0,19.49,3,0
4000.0,6.56,1,0
1000.0,32.8,2,0
1100.0,6.78,0,0
25000.0,15.36,0,0
8000.0,47.63,4,0
6000.0,18.91,9,0
5000.0,13.43,0,0
15000.0,40.73,1,0
25000.0,34.42,0,0
3500.0,48.68,2,0
3000.0,2.18,1,0
5000.0,0.0,0,0
10500.0,6.95,0,0
11000.0,6.0,0,0
1000.0,8.17,1,0
8000.0,38.4,5,0
13000.0,19.95,0,0
15000.0,0.0,1,0
8000.0,4.89,0,0
4500.0,14.47,0,0
21000.0,18.43,0,0
15000.0,28.95,2,0
5000.0,5.36,0,0
20000.0,25.32,1,0
500.0,28.96,0,0
4000.0,4.13,1,0
15000.0,12.46,7,0
1000.0,36.42,0,0
5000.0,9.19,3,0
925.0,13.2,0,0
25000.0,45.6,1,0
7500.0,16.19,4,0
2000.0,23.23,3,0
5000.0,23.52,0,0
1000.0,1.32,1,0
10500.0,32.61,1,0
4000.0,35.49,0,0
4500.0,4.72,5,0
2500.0,37.58,4,0
8000.0,6.07,0,0
2500.0,19.4,10,0
5000.0,16.33,5,0
4000.0,0.0,2,0
2000.0,12.0,2,0
1500.0,23.2,10,0
500.0,1.86,0,0
1000.0,25.5,0,0
1000.0,0.0,0,0
9825.0,14.28,2,0
1000.0,0.0,1,0
5000.0,21.06,6,0
8000.0,27.0,0,0
1000.0,266.67,0,0
1000.0,0.34,0,0
25000.0,13.92,1,0
15000.0,8.25,7,0
3000.0,35.79,0,0
2500.0,21.17,0,0
2500.0,23.88,0,0
1000.0,1.98,0,0
2000.0,0.0,0,0
1000.0,0.89,0,0
2500.0,0.0,0,0
25000.0,1.92,1,0
8300.0,24.95,7,0
500.0,16.37,0,0
1000.0,8.27,0,0
2000.0,0.0,1,0
10000.0,14.12,10,0
3500.0,4.54,1,0
5000.0,21.68,4,0
6000.0,9.94,0,0
3000.0,3.25,0,0
12000.0,2.04,3,0
16000.0,2.48,2,0
5000.0,6.38,1,0
5000.0,8.04,0,0
10000.0,0.0,0,0
6000.0,23.43,1,0
5000.0,44.17,0,0
5000.0,12.62,1,0
12000.0,245.63,3,0
20000.0,38.06,3,0
1000.0,0.0,0,0
20000.0,7.12,10,0
10000.0,43.26,4,0
2500.0,0.0,1,0
3000.0,1.97,0,0
1000.0,16.32,1,0
1000.0,7.17,2,0
3000.0,0.0,0,0
10000.0,12.17,10,0
3000.0,23.96,2,0
3000.0,0.0,1,0
1000.0,9.69,1,0
4500.0,82.38,0,0
3500.0,0.0,10,0
2500.0,0.3,0,0
1000.0,14.16,0,0
5000.0,5.2,2,0
4500.0,8.02,0,0
2500.0,0.62,0,0
8000.0,6.36,7,0
6000.0,31.63,0,0
5000.0,21.49,1,0
15000.0,15.76,10,0
1000.0,10.03,1,0
8000.0,11.47,1,0
5000.0,28.14,8,0
5000.0,32.81,10,0
10000.0,33.05,0,0
20000.0,8.92,2,0
15000.0,13.76,3,0
2000.0,6.89,8,0
7000.0,16.22,0,0
4500.0,2.95,1,0
5000.0,11.77,0,0
14000.0,0.0,7,0
25000.0,15.17,7,0
2300.0,6.24,9,0
1500.0,9.57,0,0
5500.0,1.34,0,0
2000.0,18.86,4,0
3500.0,0.6,0,0
8000.0,10.01,3,0
1000.0,20.19,10,0
2000.0,13.0,2,0
1500.0,0.0,0,0
12000.0,4.43,10,0
4500.0,6.0,1,0
500.0,1.92,1,0
15000.0,10.57,0,0
3000.0,28.42,0,0
3000.0,24.65,0,0
3000.0,0.0,1,0
6000.0,11.49,0,0
5000.0,18.33,0,0
8000.0,29.57,8,0
15000.0,4.14,3,0
15000.0,30.52,2,0
5000.0,31.45,0,0
3000.0,13.47,1,0
2000.0,54.35,0,0
5000.0,17.44,3,0
25000.0,0.0,1,0
12000.0,18.65,4,0
2000.0,29.13,0,0
7000.0,0.0,0,0
3000.0,18.75,0,0
4750.0,5.0,0,0
6000.0,0.0,4,0
2000.0,10.63,1,0
4000.0,5.98,0,0
2000.0,19.98,1,0
600.0,2.66,1,0
1000.0,4.55,1,0
6000.0,7.38,10,0
7500.0,8.6,0,0
15000.0,0.33,2,0
3500.0,0.57,1,0
1500.0,12.65,1,0
13000.0,14.56,10,0
25000.0,24.94,10,0
4500.0,10.75,10,0
15000.0,14.81,2,0
1400.0,0.67,1,0
1500.0,2.91,0,0
2000.0,4.41,3,0
1700.0,17.67,0,0
2000.0,7.25,10,0
6000.0,15.66,3,0
20000.0,25.46,3,0
7500.0,1.65,5,0
10000.0,23.19,0,0
7275.0,2.15,3,0
7500.0,8.16,3,0
500.0,21.03,0,0
7500.0,15.41,1,0
10000.0,12.75,1,0
7000.0,0.0,1,0
3000.0,12.86,6,0
5000.0,21.65,3,0
5000.0,32.96,0,0
10000.0,29.73,1,0
500.0,1.1,1,0
25000.0,11.95,1,0
2500.0,14.53,2,0
10000.0,14.25,2,0
1000.0,85.0,6,0
2500.0,0.0,0,0
2000.0,14.01,2,0
25000.0,22.9,1,0
17000.0,74.86,1,0
600.0,14.4,0,0
13500.0,25.25,10,0
7500.0,100.0,3,0
10000.0,47.56,2,0
25000.0,0.0,2,0
10000.0,34.37,1,0
3500.0,0.0,0,0
1300.0,11.39,1,0
7000.0,9.0,10,0
20000.0,30.67,3,0
3500.0,63.75,1,0
6000.0,57.66,1,0
5000.0,56.4,0,0
2000.0,11.6,0,0
1500.0,31.61,5,0
3500.0,13.21,7,0
6000.0,569.27,10,0
3300.0,1.57,1,0
1000.0,5.12,0,0
3000.0,28.4,0,0
7000.0,17.29,6,0
10000.0,17.34,0,0
3000.0,6.09,2,0
1200.0,19.95,0,0
4100.0,3.23,2,0
10000.0,4.44,3,0
2500.0,18.62,1,0
10000.0,0.0,2,0
12000.0,0.0,6,0
3000.0,16.63,2,0
5000.0,43.44,1,0
7500.0,28.45,4,0
25000.0,17.92,2,0
1775.0,9.95,4,0
12000.0,9.63,0,0
5000.0,4.2,0,0
1000.0,2.0,0,0
10000.0,26.87,1,0
3500.0,92.84,0,0
3500.0,5.33,9,0
5000.0,10.82,1,0
6000.0,3.29,0,0
6000.0,0.48,10,0
5000.0,0.0,0,0
4000.0,0.0,0,0
1500.0,3.98,1,0
8000.0,31.87,2,0
1550.0,7.93,0,0
7000.0,13.25,0,0
5000.0,3.9,0,0
25000.0,65.8,1,0
5000.0,1.75,3,0
4800.0,15.93,1,0
1000.0,68.0,6,0
9500.0,0.0,2,0
500.0,0.0,0,0
15000.0,2.31,0,0
500.0,0.0,1,0
2500.0,23.5,0,0
25000.0,0.0,2,0
500.0,20.16,0,0
2200.0,27.6,2,0
3750.0,3.36,1,0
3500.0,7.53,1,0
1200.0,1.71,0,0
4925.0,1.71,1,0
2000.0,6.21,0,0
2000.0,22.17,0,0
1000.0,28.56,0,0
1500.0,32.35,0,0
500.0,45.08,1,0
2000.0,9.08,0,0
12500.0,26.84,6,0
15000.0,0.0,9,0
15000.0,32.34,1,0
25000.0,20.62,0,0
5000.0,22.51,0,0
14000.0,13.48,1,0
1600.0,15.74,1,0
1000.0,0.0,5,0
10000.0,0.88,1,0
15000.0,36.53,0,0
22000.0,41.86,10,0
8000.0,618.7,0,0
2000.0,17.4,0,0
16000.0,37.11,8,0
5000.0,17.28,0,0
5000.0,16.58,0,0
800.0,0.0,1,0
500.0,0.0,10,0
20000.0,8.55,1,0
10000.0,24.96,0,0
25000.0,84.9,10,0
15000.0,45.7,3,0
1000.0,7.54,4,0
25000.0,19.32,2,0
25000.0,16.27,7,0
2500.0,22.8,2,0
10000.0,14.28,2,0
20000.0,16.78,10,0
5500.0,4.05,10,0
1500.0,18.08,0,0
6000.0,30.45,0,0
15000.0,32.5,0,0
15000.0,29.32,4,0
7000.0,5.31,1,0
1500.0,39.12,0,0
10000.0,36.71,3,0
2500.0,0.0,0,0
5000.0,0.0,3,0
7500.0,11.87,0,0
2000.0,3.59,0,0
5000.0,51.16,10,0
2000.0,13.83,6,0
2500.0,15.9,2,0
2000.0,0.87,1,0
9000.0,0.0,1,0
20000.0,2.23,9,0
1000.0,33.86,8,0
1000.0,19.28,10,0
12000.0,0.0,0,0
2000.0,5.85,10,0
1500.0,0.0,3,0
5000.0,26.36,2,0
1550.0,6.32,2,0
7000.0,7.89,2,0
5000.0,6.16,1,0
1000.0,0.0,3,0
17000.0,15.84,2,0
1000.0,4.76,3,0
20000.0,11.16,4,0
8000.0,10.39,0,0
7000.0,7.68,2,0
7000.0,0.55,2,0
10000.0,146.4,0,0
1000.0,3.16,1,0
20000.0,13.94,2,0
5000.0,5.4,9,0
1000.0,4.56,0,0
23000.0,59.25,5,0
1500.0,0.41,3,0
10000.0,7.71,2,0
5000.0,5.49,3,0
1000.0,9999.0,0,0
3000.0,15.03,1,0
8500.0,260.28,8,0
5500.0,17.97,1,0
2000.0,0.0,1,0
25000.0,19.16,4,0
3000.0,36.83,3,0
10000.0,25.48,6,0
10000.0,25.15,1,0
20000.0,10.5,0,0
20000.0,9.51,1,0
5000.0,30.96,1,0
1500.0,100.0,0,0
4000.0,14.87,4,0
5000.0,22.62,10,0
7000.0,16.65,3,0
2000.0,25.38,1,0
500.0,372.0,0,0
6000.0,0.0,2,0
6000.0,8.16,3,0
4000.0,7.34,1,0
11000.0,685.09,0,0
1500.0,15.4,6,0
1500.0,2.4,0,0
500.0,0.0,2,0
500.0,11.22,3,0
18000.0,44.83,10,0
10000.0,19.45,0,0
2525.0,10.27,8,0
20000.0,15.0,0,0
9000.0,9.21,1,0
6500.0,16.57,3,0
750.0,2.4,4,0
5000.0,50.19,5,0
12000.0,2.57,0,0
25000.0,3012.0,0,0
10000.0,1.61,0,0
3000.0,19.77,4,0
20000.0,0.0,0,0
6000.0,0.43,0,0
13000.0,19.69,10,0
9000.0,0.9,1,0
5000.0,9.93,0,0
25000.0,16.53,8,0
1000.0,5.04,2,0
5000.0,4.0,3,0
7500.0,8.0,3,0
25000.0,13.95,0,0
2000.0,25.11,9,0
500.0,11.28,0,0
15000.0,10.97,0,0
5000.0,17.05,4,0
950.0,9.37,3,0
1000.0,27.78,4,0
16225.0,18.0,3,0
500.0,12.26,1,0
5000.0,2.4,1,0
15000.0,6.25,2,0
5500.0,8.72,10,0
13000.0,25.17,0,0
12000.0,38.17,2,0
4000.0,25.5,0,0
5000.0,10.82,1,0
7500.0,6.3,0,0
8000.0,9.38,0,0
2000.0,0.0,0,0
4000.0,4.78,5,0
6000.0,4.08,1,0
25000.0,23.94,0,0
7500.0,14.78,6,0
2700.0,31.69,6,0
2500.0,12.56,1,0
500.0,63600.0,2,0
5000.0,13.92,1,0
700.0,9.63,0,0
25000.0,3.16,10,0
5000.0,20.95,5,0
3000.0,41.71,2,0
5000.0,13.76,1,0
5000.0,34.75,0,0
3000.0,0.85,2,0
9000.0,52.98,0,0
22300.0,37.05,0,0
5000.0,0.52,1,0
25000.0,2.74,3,0
2000.0,0.0,0,0
8700.0,52.95,4,0
5000.0,4.72,1,0
25000.0,0.0,0,0
5000.0,25.0,0,0
1000.0,18.18,2,0
12500.0,19.02,1,0
25000.0,16.54,2,0
10000.0,7.1,1,0
1500.0,2.5,1,0
25000.0,33.0,5,0
2000.0,16.66,4,0
1500.0,0.0,0,0
5000.0,27.31,10,0
10000.0,47.02,0,0
5000.0,2.38,10,0
3000.0,26.74,0,0
8000.0,25.92,0,0
2000.0,30.6,2,0
10000.0,0.0,2,0
5000.0,1.26,3,0
4000.0,12.72,0,0
4000.0,0.0,1,0
10000.0,4.14,3,0
16200.0,0.0,0,0
3000.0,0.0,3,0
25000.0,56.61,2,0
25000.0,24.31,3,0
500.0,0.0,0,0
1500.0,112.0,0,0
2700.0,11.69,1,0
2000.0,41.57,0,0
18000.0,12.38,0,0
2475.0,10.0,0,0
3000.0,0.0,0,0
20000.0,46.98,4,0
5000.0,1.02,1,0
7000.0,44.4,8,0
800.0,444.0,0,0
6000.0,8.56,2,0
5000.0,25.95,4,0
20000.0,18.17,2,0
3000.0,28.24,1,0
3000.0,2.56,1,0
25000.0,17.64,0,0
1000.0,0.44,10,0
25000.0,71.27,2,0
1000.0,16.19,6,0
7000.0,23.13,5,0
4500.0,0.0,1,0
2600.0,14.88,0,0
2400.0,22.17,9,0
3000.0,5.45,0,0
25000.0,21.11,10,0
5000.0,25.2,2,0
25000.0,27.38,2,0
4300.0,7.06,0,0
5000.0,1.09,1,0
3000.0,8.84,0,0
10000.0,42.15,0,0
6000.0,17.33,5,0
7500.0,6.24,3,0
2000.0,25.24,5,0
5000.0,105.43,5,0
20000.0,35.91,0,0
15000.0,7.6,2,0
5000.0,21.65,0,0
9000.0,51.1,0,0
1000.0,10.8,3,0
3500.0,20.32,2,0
8000.0,19.73,1,0
2500.0,12.07,0,0
10000.0,17.76,0,0
1250.0,324.0,2,0
10000.0,28.77,1,0
17000.0,16.8,2,0
1450.0,16.59,10,0
1850.0,31.0,0,0
1000.0,12.87,5,0
8500.0,2.84,0,0
2000.0,4.58,10,0
10000.0,0.0,2,0
500.0,9.65,1,0
500.0,16.1,4,0
2000.0,26.71,0,0
1500.0,30.3,3,0
25000.0,0.0,0,0
4000.0,16.3,0,0
5000.0,0.61,3,0
3500.0,9.21,0,0
10000.0,2.3,1,0
2000.0,2.4,9,0
10000.0,41.66,0,0
11500.0,1.0,1,0
5000.0,25.89,2,0
10000.0,31.04,4,0
15000.0,16.75,1,0
9000.0,4.35,5,0
5000.0,0.39,8,0
3000.0,0.0,0,0
8500.0,101.5,7,0
3000.0,22.08,0,0
3000.0,0.93,3,0
15400.0,31.28,4,0
6000.0,0.56,0,0
2000.0,10.39,3,0
3000.0,17.03,1,0
7000.0,25.0,0,0
3800.0,25.0,0,0
25000.0,277.66,6,0
2000.0,7.97,1,0
8000.0,9.06,0,0
5000.0,28.7,1,0
10000.0,13.94,3,0
7000.0,2.78,1,0
4000.0,0.0,0,0
2500.0,1.68,2,0
4200.0,24.53,0,0
1500.0,0.46,3,0
10000.0,2.29,2,0
4200.0,23.07,0,0
7200.0,24.98,0,0
3000.0,16.76,3,0
600.0,0.0,0,0
5000.0,13.49,0,0
1500.0,3.0,2,0
6250.0,0.0,6,0
1000.0,3.45,0,0
2000.0,13.23,9,0
10000.0,23.89,3,0
500.0,8.59,0,0
9000.0,27.46,5,0
4500.0,0.0,3,0
5500.0,19.49,10,0
15000.0,65.2,1,0
4000.0,0.32,2,0
25000.0,23.46,1,0
1500.0,33.03,1,0
1000.0,7.09,0,0
500.0,11.34,7,0
2000.0,1.84,2,0
15000.0,1.23,10,0
6000.0,35.35,10,0
25000.0,1.63,1,0
1500.0,51.36,1,0
2000.0,18.22,5,0
6700.0,0.0,1,0
25000.0,21.04,4,0
20000.0,64.91,4,0
7000.0,64.8,7,0
23000.0,19.09,1,0
500.0,0.0,1,0
5000.0,29.55,2,0
7500.0,0.57,3,0
500.0,0.82,0,0
3500.0,21.07,0,0
5000.0,9.2,2,0
500.0,10.46,0,0
3500.0,18.89,5,0
6000.0,18.25,3,0
25000.0,35.62,0,0
17500.0,61.35,10,0
1500.0,16.5,2,0
10000.0,23.24,5,0
6500.0,282.6,0,0
25000.0,15.58,2,0
4000.0,8.11,1,0
3000.0,25.18,0,0
5000.0,8.99,4,0
5000.0,4.47,4,0
1000.0,0.0,8,0
7500.0,0.0,10,0
15000.0,12.75,0,0
500.0,13.36,0,0
800.0,24.25,0,0
10000.0,43.52,0,0
10000.0,6.61,9,0
2000.0,1.84,0,0
25000.0,22.71,0,0
10000.0,122.1,0,0
1000.0,0.96,1,0
5000.0,4.47,1,0
7000.0,0.0,0,0
1500.0,18.03,10,0
3500.0,17.51,2,0
12500.0,0.47,2,0
25000.0,0.0,0,0
3000.0,25.73,10,0
10000.0,24.42,10,0
12000.0,13.64,2,0
8000.0,30.35,1,0
7000.0,1.89,8,0
6000.0,11.92,10,0
1600.0,14.33,0,0
5000.0,73.0,2,0
5000.0,53.13,1,0
500.0,0.0,4,0
10000.0,13.78,2,0
3800.0,0.46,2,0
2500.0,2.13,7,0
25000.0,27.06,8,0
5000.0,41.96,7,0
12500.0,73.83,7,0
10000.0,26.88,1,0
4500.0,33.36,0,0
3500.0,41.3,10,0
5000.0,11.71,3,0
3000.0,31.62,1,0
7500.0,11.56,1,0
6500.0,14.88,2,0
2000.0,209.58,4,0
9000.0,8.5,1,0
18000.0,8.72,1,0
5000.0,11.74,10,0
1500.0,3.48,0,0
2000.0,20.3,10,0
2500.0,23.38,0,0
6000.0,5.05,0,0
4500.0,8.36,3,0
25000.0,5.11,0,0
14250.0,11.84,0,0
5000.0,10.8,5,0
1000.0,47.16,6,0
4500.0,0.9,3,0
5750.0,25.31,1,0
500.0,57.33,1,0
7275.0,8.56,0,0
1000.0,40.96,0,0
5000.0,12.93,10,0
6500.0,0.0,3,0
6000.0,19.8,0,0
3000.0,0.0,1,0
15000.0,10.44,7,0
2000.0,8.03,1,0
8500.0,43.33,10,0
3000.0,11.69,2,0
4000.0,0.0,0,0
25000.0,24.11,0,0
5000.0,4.98,0,0
7000.0,8.27,2,0
5000.0,0.0,0,0
500.0,30.13,0,0
25000.0,47.61,5,0
2500.0,220.89,0,0
1600.0,22.04,0,0
4000.0,6.31,3,0
1000.0,2.25,0,0
4000.0,241200.0,10,0
2000.0,3.2,1,0
25000.0,33.93,1,0
10000.0,23.54,1,0
9000.0,33.0,10,0
4000.0,0.84,4,0
10000.0,17.02,0,0
2000.0,35.4,0,0
6500.0,51.58,2,0
3500.0,8.57,6,0
2000.0,8.65,1,0
4000.0,22.88,2,0
5000.0,12.85,0,0
5000.0,11.26,0,0
4000.0,18.05,2,0
12000.0,18.03,10,0
14000.0,10.2,10,0
1000.0,0.0,1,0
7000.0,0.0,0,0
8500.0,32.78,9,0
1000.0,16.57,1,0
10000.0,9.83,1,0
15000.0,11.71,2,0
3500.0,3.85,0,0
500.0,26.55,2,0
5000.0,16.24,1,0
5000.0,0.0,0,0
3000.0,47.58,10,0
8275.0,8.34,10,0
5000.0,42.69,2,0
12000.0,44.08,0,0
2000.0,0.0,2,0
3500.0,24.79,9,0
2050.0,31.94,10,0
2050.0,30.58,1,0
1000.0,10.58,2,0
4650.0,1.13,3,0
4000.0,0.0,0,0
1500.0,2.15,4,0
3000.0,2.67,0,0
4000.0,0.75,0,0
500.0,3.5,4,0
8000.0,16.2,0,0
10000.0,0.0,0,0
9000.0,5.15,10,0
6000.0,12.72,10,0
5100.0,5.33,10,0
6000.0,25.65,0,0
5000.0,18.5,10,0
8000.0,0.0,0,0
5225.0,29.06,7,0
4500.0,20.39,1,0
3000.0,9.69,1,0
5500.0,0.51,1,0
10000.0,15.12,1,0
3000.0,14.94,2,0
1000.0,2.59,0,0
2000.0,0.38,6,0
1200.0,31.2,1,0
9000.0,6.08,4,0
850.0,0.0,7,0
5000.0,16.32,10,0
25000.0,0.55,10,0
1500.0,1.6,3,0
25000.0,18.76,2,0
3000.0,13.85,1,0
5000.0,11.05,10,0
3500.0,5.75,10,0
13000.0,9.23,3,0
2000.0,0.71,0,0
500.0,27.81,2,0
8275.0,6.33,10,0
8275.0,4.17,10,0
5000.0,13.9,4,0
25000.0,0.0,9,0
7500.0,3.94,0,0
500.0,10.83,0,0
7500.0,32.28,2,0
2000.0,0.0,10,0
4000.0,1.54,3,0
5000.0,4.92,10,0
7500.0,9.4,4,0
17000.0,24.96,2,0
8000.0,10.2,4,0
1000.0,0.0,1,0
15000.0,15.08,10,0
6050.0,32.55,6,0
2000.0,3.31,5,0
12000.0,15.05,10,0
9000.0,1.54,1,0
500.0,0.0,0,0
12000.0,18.8,1,0
25000.0,46.53,3,0
5000.0,5.99,10,0
5000.0,47.36,0,0
15000.0,13.36,6,0
4000.0,18.3,10,0
2500.0,32.8,4,0
5000.0,20.88,0,0
10000.0,27.89,5,0
8525.0,0.0,2,0
500.0,17.91,3,0
15000.0,14.13,0,0
1200.0,5.84,6,0
20000.0,26.47,0,0
8000.0,14.93,2,0
5000.0,10.97,0,0
9000.0,100.14,1,0
2000.0,7.44,0,0
2000.0,0.0,1,0
20000.0,28.44,0,0
7500.0,8.04,1,0
1500.0,0.9,0,0
1000.0,24.59,5,0
5000.0,1.48,4,0
15000.0,0.41,2,0
5000.0,15.4,0,0
3000.0,38.86,3,0
15000.0,0.0,1,0
500.0,8.72,0,0
2000.0,12.06,7,0
5000.0,14.55,0,0
25000.0,0.0,0,0
500.0,1.38,0,0
4000.0,0.0,1,0
5000.0,15.28,3,0
5000.0,21.44,1,0
1000.0,80.3,1,0
8950.0,24.61,8,0
3500.0,28.07,1,0
15000.0,11.29,0,0
7000.0,0.0,0,0
3000.0,0.0,4,0
7000.0,26.76,2,0
10000.0,16.52,3,0
4000.0,1.48,1,0
25000.0,34.19,2,0
8000.0,8.85,10,0
20000.0,40.83,0,0
12000.0,0.0,0,0
12500.0,0.0,5,0
4000.0,17.79,7,0
25000.0,13.75,2,0
10000.0,11.43,4,0
2000.0,27.36,0,0
500.0,16.05,10,0
8500.0,33.39,1,0
800.0,0.0,0,0
1000.0,3.33,10,0
2000.0,8.16,4,0
3500.0,0.0,3,0
2000.0,8.36,0,0
4000.0,0.0,0,0
15000.0,2.91,4,0
4500.0,18.04,2,0
6500.0,0.0,2,0
7500.0,18.44,4,0
4500.0,12.51,10,0
5000.0,27.55,0,0
6000.0,119.47,10,0
800.0,43.27,0,0
25000.0,17.32,10,0
5000.0,0.0,0,0
5000.0,0.0,9,0
15000.0,36.13,1,0
23500.0,0.0,2,0
25000.0,0.0,10,0
3500.0,0.0,0,0
800.0,21.89,4,0
3500.0,41.66,0,0
7000.0,27.5,0,0
15000.0,0.0,10,0
2000.0,8.35,1,0
5000.0,18.14,0,0
8800.0,0.0,1,0
7500.0,30.12,2,0
2000.0,0.0,1,0
25000.0,15.01,1,0
2000.0,50.69,7,0
5000.0,22.05,0,0
7500.0,0.0,0,0
6000.0,1.25,9,0
5000.0,2.55,3,0
1000.0,40.15,0,0
2000.0,5.76,4,0
9000.0,23.56,0,0
5000.0,11.28,1,0
3275.0,0.0,0,0
5000.0,11.58,1,0
9000.0,9.7,0,0
25000.0,26.37,4,0
500.0,8.46,1,0
10000.0,2.08,0,0
14800.0,11.55,10,0
1500.0,1.74,10,0
500.0,4.85,9,0
20000.0,10.34,1,0
5000.0,0.42,2,0
25000.0,26.96,6,0
18000.0,167.52,1,0
5000.0,28.6,4,0
3000.0,22.44,0,0
21500.0,12.97,10,0
15000.0,13.38,0,0
3000.0,0.0,0,0
1500.0,6.23,1,0
5000.0,0.0,0,0
11500.0,15.87,1,0
500.0,13.04,0,0
7500.0,18.63,5,0
17000.0,15.5,10,0
2000.0,15.52,1,0
1600.0,0.0,1,0
3000.0,4.55,0,0
13000.0,4.44,10,0
5000.0,5.26,2,0
25000.0,0.0,1,0
10000.0,8.4,2,0
16500.0,10.67,2,0
10000.0,44.23,10,0
2500.0,2.72,1,0
4000.0,12.42,0,0
2400.0,5.53,0,0
3000.0,32.4,5,0
10000.0,7.09,1,0
15000.0,0.0,10,0
5500.0,27.48,0,0
6500.0,12.23,10,0
10000.0,379.2,1,0
6500.0,29.75,4,0
10000.0,16.78,2,0
25000.0,48.94,4,0
25000.0,4.48,1,0
10000.0,6.55,0,0
7500.0,16.36,10,0
4750.0,38.57,1,0
500.0,0.65,7,0
5000.0,1.03,6,0
8275.0,9.64,10,0
2500.0,2.5,1,0
2000.0,22.68,8,0
8500.0,6.36,10,0
1500.0,0.0,0,0
3000.0,38.96,10,0
500.0,0.0,0,0
10000.0,0.0,10,0
6275.0,22.15,0,0
6275.0,8.72,0,0
14000.0,19.11,2,0
10000.0,15.91,0,0
2000.0,23.81,3,0
25000.0,21.26,0,0
25000.0,13.43,2,0
9000.0,0.72,0,0
12500.0,6.67,3,0
25000.0,0.0,3,0
2000.0,4.14,0,0
20000.0,11.12,1,0
5500.0,20.93,2,0
20000.0,24.44,4,0
2000.0,2.47,2,0
25000.0,19.0,9,0
3000.0,22.8,1,0
3500.0,21.39,4,0
2000.0,13.87,3,0
1000.0,1.2,1,0
5000.0,9.05,1,0
2000.0,79.27,0,0
3500.0,8.52,10,0
1000.0,0.0,2,0
1500.0,26.91,2,0
5000.0,11.34,2,0
5000.0,13.29,10,0
1000.0,10.78,1,0
1000.0,12.33,0,0
3000.0,10.92,4,0
2500.0,16.77,1,0
7500.0,180000.0,10,0
25000.0,9.12,3,0
7500.0,0.0,0,0
1000.0,0.0,2,0
8000.0,20.31,10,0
14250.0,16.34,1,0
7500.0,5.19,2,0
8500.0,0.0,7,0
15000.0,18.0,2,0
3000.0,15.08,0,0
8500.0,88.6,10,0
1000.0,0.0,0,0
1500.0,0.0,1,0
15000.0,0.54,0,0
600.0,40.91,1,0
15000.0,90.0,1,0
15000.0,61.35,10,0
10000.0,0.0,1,0
15000.0,0.0,0,0
23500.0,29.67,1,0
7000.0,18.56,0,0
25000.0,2.36,10,0
4000.0,12.05,3,0
8000.0,12.88,7,0
500.0,29.11,1,0
15000.0,31.76,2,0
6000.0,0.0,0,0
1000.0,54.6,2,0
20000.0,1.54,10,0
8000.0,24.81,0,0
525.0,14.9,0,0
25000.0,0.28,10,0
2000.0,3.36,0,0
17000.0,12.51,0,0
12000.0,11.55,0,0
15000.0,0.83,2,0
15000.0,3.84,2,0
15000.0,37.53,0,0
5000.0,11.04,0,0
15000.0,27.74,8,0
12000.0,0.0,1,0
25000.0,7.25,0,0
12000.0,0.0,0,0
10000.0,28.51,0,0
7500.0,0.0,1,0
5000.0,41.57,3,0
25000.0,24.22,0,0
5275.0,15.04,0,0
14750.0,37.36,10,0
15000.0,0.0,10,0
1200.0,11.68,9,0
5000.0,16.84,3,0
5000.0,11.36,0,0
1200.0,3.62,2,0
12000.0,34.26,4,0
2000.0,7.15,2,0
7500.0,5.17,0,0
18000.0,30.45,3,0
15000.0,13.08,7,0
4650.0,14.9,1,0
4650.0,3.5,0,0
25000.0,6.29,7,0
5000.0,10.39,6,0
15000.0,6.61,1,0
2500.0,24.0,2,0
500.0,15.18,1,0
15000.0,0.0,3,0
2000.0,5.7,0,0
12500.0,0.0,3,0
23500.0,20.55,1,0
25000.0,5.45,6,0
25000.0,0.95,1,0
5100.0,7.73,1,0
25000.0,44.29,1,0
4000.0,22.34,3,0
11000.0,0.0,5,0
800.0,1.78,10,0
500.0,2.31,2,0
7500.0,12.25,1,0
10000.0,19.66,10,0
500.0,7.69,0,0
2000.0,0.0,0,0
5700.0,18.72,2,0
5000.0,13.7,1,0
5000.0,9.62,0,0
2000.0,20.9,0,0
5000.0,7.13,5,0
4000.0,8.85,1,0
7500.0,7.27,9,0
1200.0,10.0,0,0
500.0,0.0,10,0
5000.0,35.56,4,0
1000.0,13.52,5,0
3000.0,33.78,2,0
500.0,12.89,1,0
20000.0,0.32,8,0
6000.0,10.38,0,0
800.0,4.42,1,0
5000.0,14.78,2,0
1000.0,1.51,0,0
2000.0,15.91,1,0
15000.0,4.91,1,0
500.0,0.0,2,0
15000.0,34.2,2,0
1000.0,7.8,1,0
5000.0,18.35,2,0
10000.0,12.24,0,0
8000.0,11.76,6,0
20000.0,8.55,0,0
5000.0,0.0,1,0
14500.0,35.61,10,0
25000.0,25.29,1,0
1000.0,2.8,9,0
6500.0,0.0,2,0
8275.0,28.16,6,0
25000.0,47.76,10,0
15000.0,12.65,2,0
1200.0,1.71,0,0
2000.0,0.0,6,0
9300.0,6.79,3,0
6000.0,4.15,0,0
4650.0,38.76,1,0
5000.0,6.0,0,0
3200.0,0.0,0,0
15000.0,22.54,4,0
500.0,9.76,3,0
800.0,0.0,0,0
6200.0,14.55,0,0
5000.0,39.85,1,0
2000.0,0.0,3,0
1300.0,0.0,0,0
15000.0,3.07,2,0
5000.0,25.44,0,0
25000.0,25.95,2,0
4000.0,13.46,8,0
500.0,12.12,0,0
5000.0,13.24,1,0
3000.0,0.0,0,0
4950.0,5.05,0,0
6275.0,21.14,10,0
20000.0,0.0,0,0
4000.0,27.5,3,0
25000.0,19.6,3,0
25000.0,37.45,8,0
3000.0,5.05,1,0
25000.0,14.81,3,0
3500.0,1.68,0,0
1500.0,156.75,2,0
2000.0,9.0,2,0
5000.0,3.33,10,0
20000.0,9.0,0,0
5000.0,11.97,10,0
3000.0,23.28,0,0
5000.0,23.93,0,0
5000.0,20.89,10,0
2500.0,6.0,4,0
5000.0,0.0,0,0
8275.0,1.84,6,0
8275.0,25.3,4,0
500.0,0.0,0,0
16500.0,32.53,10,0
10000.0,15.07,5,0
4500.0,35.76,10,0
3500.0,0.0,2,0
1000.0,69.45,2,0
1500.0,12.4,0,0
4000.0,5.16,0,0
10000.0,13.25,10,0
2000.0,0.0,0,0
25000.0,0.82,0,0
2500.0,12.0,2,0
500.0,0.0,2,0
10000.0,11.05,0,0
3000.0,18.43,10,0
5000.0,16.18,0,0
2000.0,36.8,5,0
2500.0,15.2,1,0
3000.0,263.38,1,0
20000.0,13.95,1,0
20000.0,19.63,1,0
5000.0,35.13,10,0
10000.0,0.0,1,0
2000.0,9.15,1,0
1500.0,53.15,2,0
5000.0,14.1,10,0
2000.0,12.9,1,0
8000.0,0.0,4,0
7000.0,12.53,1,0
10000.0,3.32,0,0
1500.0,19.92,10,0
2000.0,2.85,0,0
9500.0,5.24,5,0
10000.0,0.24,10,0
1000.0,6.29,9,0
2500.0,0.88,0,0
15000.0,29.46,8,0
3000.0,8.59,0,0
5000.0,38.63,3,0
10000.0,0.8,2,0
25000.0,14.41,2,0
500.0,19.41,0,0
17500.0,6.96,2,0
5000.0,0.0,9,0
25000.0,19.01,4,0
9900.0,6.36,10,0
5000.0,38.71,7,0
5000.0,21.28,0,0
15000.0,16.34,1,0
2425.0,15.8,1,0
25000.0,36.82,0,0
6000.0,9.69,2,0
5000.0,28.26,3,0
500.0,0.58,7,0
21000.0,22.5,5,0
1500.0,0.0,1,0
4000.0,221.94,1,0
22000.0,6.61,1,0
14000.0,19.33,0,0
1000.0,20.85,10,0
500.0,40.29,1,0
3000.0,10.9,0,0
5000.0,0.33,5,0
2000.0,0.0,0,0
5000.0,25.2,10,0
5000.0,58.71,10,0
15000.0,14.61,7,0
10850.0,44.75,9,0
9000.0,13.41,4,0
5000.0,35.94,5,0
10000.0,31.97,7,0
3500.0,69.16,3,0
25000.0,12.6,0,0
5000.0,14.72,4,0
4000.0,4.8,10,0
9000.0,6.99,0,0
25000.0,7.71,0,0
6000.0,0.0,0,0
4000.0,24.26,9,0
5000.0,23.68,9,0
17000.0,53.3,3,0
500.0,1.52,8,0
9000.0,2.0,0,0
7000.0,15.53,4,0
2500.0,13.18,6,0
5000.0,4.18,10,0
3000.0,8.4,0,0
25000.0,73.6,8,0
4000.0,0.0,4,0
1000.0,0.0,0,0
5000.0,0.0,7,0
5000.0,27.21,2,0
1000.0,5.54,1,0
500.0,0.0,0,0
2500.0,21.79,2,0
2500.0,3.13,1,0
25000.0,22.1,10,0
2200.0,42.36,2,0
6000.0,9.22,10,0
4000.0,13.8,1,0
12500.0,27.64,1,0
5000.0,16.46,0,0
1500.0,6.0,2,0
12000.0,17.83,2,0
5000.0,22.39,10,0
6000.0,19.69,3,0
8000.0,26.73,10,0
2200.0,11.66,2,0
2500.0,6.0,0,0
4000.0,5.66,8,0
4000.0,11.67,4,0
2000.0,1.72,6,0
5000.0,28.36,10,0
5000.0,1.76,5,0
25000.0,13.5,2,0
750.0,42.04,7,0
1000.0,3.81,1,0
20000.0,10.95,0,0
10000.0,764.83,10,0
2000.0,6.42,0,0
6000.0,2.43,9,0
25000.0,5.67,0,0
25000.0,40.57,7,0
5000.0,3.0,2,0
5500.0,14.76,0,0
1000.0,29.84,6,0
12000.0,66.76,0,0
15000.0,19.2,5,0
10000.0,17.32,5,0
1000.0,0.0,1,0
25000.0,4.71,10,0
25000.0,23.43,3,0
1000.0,12.0,1,0
5000.0,13.67,10,0
5000.0,10.8,1,0
8275.0,36.18,0,0
10000.0,10.79,2,0
25000.0,21.98,4,0
1500.0,15.31,1,0
3000.0,19.22,3,0
5000.0,19.92,10,0
500.0,60.67,7,0
500.0,10.34,2,0
3000.0,14.4,6,0
6000.0,46.2,5,0
5000.0,1.9,7,0
1000.0,14.68,2,0
20000.0,49.71,10,0
4000.0,10.79,5,0
25000.0,21.81,2,0
5000.0,19.54,10,0
7000.0,0.45,0,0
25000.0,6.26,2,0
1500.0,15.04,2,0
2500.0,26.7,5,0
15000.0,14.85,10,0
6000.0,13.4,2,0
5000.0,21.46,5,0
3000.0,11.57,2,0
5000.0,0.0,0,0
8275.0,3.98,10,0
25000.0,50.88,1,0
8275.0,3.98,10,0
2000.0,29.5,1,0
15000.0,16.84,10,0
5000.0,24.12,0,0
5000.0,3.71,1,0
575.0,89.43,2,0
5275.0,34.27,8,0
7500.0,9.84,1,0
2500.0,0.0,8,0
5000.0,9.42,10,0
7000.0,0.0,4,0
6075.0,0.0,0,0
5275.0,32.17,1,0
10000.0,12.58,2,0
2625.0,38.19,3,0
2625.0,1.4,1,0
10000.0,13.12,10,0
4650.0,60.23,4,0
1500.0,15.69,6,0
10000.0,16.64,0,0
5000.0,1.36,1,0
7500.0,9.84,6,0
10000.0,9.3,5,0
5000.0,6.56,5,0
800.0,39.8,3,0
7000.0,0.96,10,0
6000.0,71.31,0,0
15000.0,240.0,0,0
8000.0,23.17,10,0
8500.0,5.77,5,0
6200.0,3.86,0,0
4000.0,65.23,10,0
3275.0,10.62,0,0
1500.0,42.43,1,0
10000.0,21.51,0,0
15000.0,32.8,7,0
10000.0,6.0,0,0
25000.0,7.54,3,0
1500.0,2.04,0,0
3725.0,25.97,0,0
3725.0,13.94,0,0
7500.0,6.32,8,0
2000.0,39.7,3,0
30000.0,43.24,10,0
9000.0,1.11,0,0
3200.0,7.47,10,0
10000.0,0.0,2,0
1700.0,41.98,10,0
15000.0,16.24,8,0
5000.0,19.53,1,0
5000.0,6.37,0,0
2200.0,2.33,0,0
5000.0,70.32,0,0
5000.0,29.85,0,0
4000.0,36.9,0,0
7000.0,6.35,1,0
5000.0,19.09,1,0
2000.0,180.48,2,0
10000.0,261.0,3,0
25000.0,59.17,4,0
7500.0,2.79,6,0
3800.0,13.37,7,0
10000.0,17.45,1,0
5000.0,36.33,1,0
25000.0,56.89,0,0
12000.0,14.76,0,0
1000.0,0.0,3,0
25000.0,40.1,0,0
2500.0,6.08,0,0
5000.0,0.56,5,0
10000.0,12.33,2,0
7500.0,28.25,0,0
5000.0,14.93,4,0
1000.0,14.6,0,0
10000.0,15.36,0,0
5000.0,9.46,3,0
25000.0,21.15,10,0
25000.0,12.88,2,0
7500.0,49.93,0,0
600.0,62.88,2,0
7500.0,17.02,0,0
4000.0,19.54,4,0
800.0,7.38,10,0
3000.0,28.48,4,0
2500.0,12.24,10,0
5000.0,2526.77,5,0
15000.0,15.55,2,0
15000.0,37.88,10,0
2500.0,20.69,10,0
25000.0,25.83,10,0
25000.0,62.07,1,0
12000.0,18.7,0,0
3000.0,22.47,1,0
15000.0,1.94,0,0
7500.0,36.8,7,0
500.0,4.52,2,0
4000.0,0.0,0,0
25000.0,32.59,10,0
3500.0,16.11,3,0
10000.0,17.33,2,0
5000.0,18.16,1,0
2000.0,102.67,1,0
25000.0,22.92,8,0
2500.0,8.1,2,0
2500.0,42.66,5,0
3000.0,5.2,10,0
5000.0,4.78,0,0
4500.0,38.09,1,0
500.0,10.26,0,0
15000.0,20.45,0,0
2500.0,13.47,1,0
3800.0,21.33,1,0
20000.0,23.52,2,0
15000.0,18.72,0,0
25000.0,5.87,1,0
15500.0,14.03,0,0
5000.0,11.86,0,0
15000.0,30.76,0,0
15000.0,15.79,4,0
500.0,2.25,1,0
2600.0,19.95,3,0
20000.0,37.14,8,0
5000.0,73.02,1,0
5000.0,0.0,4,0
15000.0,4.1,10,0
17000.0,0.0,0,0
1000.0,13.07,2,0
3200.0,0.0,4,0
8000.0,44.67,1,0
500.0,0.0,6,0
4000.0,2.84,0,0
15000.0,10.47,2,0
500.0,1.02,7,0
25000.0,5.32,3,0
15000.0,30.46,9,0
15000.0,4.79,10,0
2500.0,1.76,10,0
5000.0,20.87,0,0
10000.0,5.22,3,0
6000.0,16.4,0,0
9000.0,40.05,2,0
1700.0,0.0,6,0
10000.0,39.23,0,0
3000.0,2.31,1,0
1000.0,10.43,2,0
6000.0,1.17,0,0
3500.0,14.9,1,0
10000.0,14.52,0,0
10000.0,48.03,10,0
12000.0,20.18,2,0
2000.0,5.8,0,0
1500.0,49.97,8,0
2500.0,12.23,0,0
5000.0,271.2,3,0
25000.0,10.21,8,0
2000.0,12.43,8,0
10000.0,12.61,10,0
3000.0,18.57,1,0
25000.0,44.64,2,0
25000.0,5.08,3,0
15000.0,0.0,0,0
20000.0,15.47,5,0
600.0,12.96,0,0
15000.0,10.58,0,0
4500.0,23.32,10,0
2500.0,9.5,5,0
1200.0,41.07,2,0
2000.0,239.33,3,0
2500.0,23.56,10,0
12500.0,21.98,0,0
6000.0,38.55,1,0
1500.0,20.33,6,0
6000.0,1.83,1,0
15000.0,17.93,0,0
5000.0,34.73,10,0
800.0,39.34,0,0
2500.0,6.39,0,0
20000.0,17.5,9,0
2500.0,16.57,0,0
25000.0,51.26,10,0
15000.0,20.1,1,0
1500.0,3.0,0,0
10000.0,11.93,2,0
20000.0,28.04,5,0
2500.0,43.09,1,0
6000.0,48.21,2,0
13525.0,2.29,0,0
12000.0,30.22,2,0
12000.0,6.69,1,0
2500.0,41.41,7,0
1500.0,6.06,10,0
25000.0,1.72,10,0
5000.0,24.12,4,0
25000.0,28.29,10,0
4000.0,0.0,6,0
500.0,0.0,0,0
5000.0,26.04,9,0
2500.0,100.73,6,0
2400.0,0.95,0,0
1000.0,2.0,0,0
17000.0,0.71,2,0
3000.0,1.47,3,0
25000.0,49.64,0,0
1600.0,23.76,3,0
20000.0,13.9,1,0
2500.0,20.23,10,0
6500.0,369.44,2,0
10000.0,16.48,2,0
8000.0,39.6,0,0
5000.0,14.02,9,0
3500.0,11.88,10,0
10000.0,21.54,9,0
3600.0,25.62,1,0
10000.0,38.69,8,0
25000.0,26.03,5,0
15000.0,8.67,0,0
15000.0,1.55,2,0
4000.0,35.23,1,0
10000.0,19.63,1,0
1200.0,6.54,0,0
3000.0,9.32,0,0
1800.0,39.04,8,0
25000.0,2.86,2,0
500.0,0.0,0,0
20000.0,9.04,1,0
3000.0,12.66,4,0
10000.0,12.15,2,0
4500.0,12.51,6,0
10000.0,15.07,2,0
10000.0,17.62,0,0
2000.0,0.44,1,0
5000.0,27.79,4,0
3000.0,93.03,0,0
5000.0,33.49,3,0
5000.0,9.67,0,0
5000.0,2.37,10,0
10000.0,28.69,7,0
25000.0,18.9,0,0
6300.0,22.34,5,0
25000.0,29.57,0,0
20000.0,0.0,2,0
5000.0,345.2,0,0
10000.0,22.07,1,0
3000.0,0.0,3,0
1500.0,4.57,9,0
2000.0,4.13,4,0
5000.0,34.71,10,0
7000.0,1.2,2,0
23500.0,5.56,2,0
16000.0,14.92,10,0
3500.0,3.98,0,0
2500.0,17.47,10,0
1500.0,16.07,0,0
1500.0,15.61,2,0
2000.0,4.01,3,0
19000.0,18.14,0,0
25000.0,2.28,1,0
4000.0,29.25,8,0
5000.0,15.8,3,0
12000.0,35.33,1,0
5000.0,31.45,1,0
7500.0,16.06,1,0
10000.0,40.82,3,0
1500.0,24.0,0,0
7500.0,65.04,10,0
600.0,8.04,1,0
2500.0,0.0,0,0
5000.0,17.56,1,0
8000.0,0.0,2,0
3900.0,0.0,2,0
12000.0,10.96,3,0
10000.0,0.0,2,0
25000.0,21.51,4,0
10000.0,0.63,5,0
25000.0,22.13,0,0
10000.0,25.59,8,0
2000.0,14.11,2,0
5000.0,40.46,10,0
25000.0,27.9,0,0
8000.0,34.75,0,0
10000.0,7.32,6,0
5300.0,19.19,2,0
3200.0,9.65,2,0
1500.0,16.79,2,0
5000.0,1.44,10,0
10000.0,22.19,0,0
15000.0,14.54,0,0
25000.0,27.87,6,0
25000.0,23.76,1,0
25000.0,18.06,4,0
25000.0,22.3,0,0
500.0,14.4,10,0
13000.0,43.27,10,0
8000.0,13.0,0,0
25000.0,26.03,3,0
3000.0,11.28,4,0
10000.0,13.1,2,0
12000.0,16.13,0,0
15000.0,39.53,8,0
15000.0,22.4,3,0
10000.0,0.0,0,0
15000.0,522.62,10,0
10000.0,71.07,10,0
500.0,28.03,8,0
3000.0,16.34,0,0
3000.0,16.29,6,0
10000.0,59.4,0,0
5000.0,10.57,7,0
5100.0,27.55,3,0
5500.0,6.16,0,0
2500.0,14.91,0,0
12500.0,0.0,0,0
8000.0,31.07,0,0
5000.0,23.52,5,0
10000.0,3.9,0,0
20000.0,0.79,1,0
5000.0,13.24,0,0
2500.0,2.88,2,0
23000.0,23.85,7,0
15000.0,7.5,7,0
5000.0,1.9,1,0
5000.0,30.62,0,0
25000.0,6.49,8,0
10000.0,0.0,8,0
5000.0,9.6,1,0
20000.0,98.14,10,0
10000.0,10.03,5,0
1000.0,0.0,1,0
9800.0,1.71,2,0
25000.0,32.79,0,0
25000.0,14.98,10,0
25000.0,280.39,2,0
20000.0,17.55,1,0
4500.0,0.67,0,0
7000.0,17.25,0,0
3600.0,0.7,2,0
3000.0,13.44,10,0
20000.0,9.41,10,0
7000.0,29.39,10,0
15000.0,37.55,10,0
500.0,7.1,0,0
2000.0,0.0,0,0
4000.0,54.91,6,0
25000.0,0.0,0,0
4000.0,3.92,3,0
4000.0,10.8,4,0
7500.0,24.3,10,0
35000.0,62.38,0,0
7000.0,23.78,3,0
11900.0,3.0,0,0
4500.0,4.67,0,0
15000.0,36.21,3,0
4000.0,6.66,1,0
12000.0,22.96,10,0
25000.0,9.8,7,0
10000.0,37.28,4,0
2500.0,0.99,0,0
2300.0,0.0,5,0
25000.0,0.0,1,0
5000.0,50.74,3,0
25000.0,12.56,0,0
2500.0,28.96,1,0
20000.0,0.0,0,0
7000.0,17.61,7,0
8000.0,557.14,5,0
15000.0,14.12,1,0
6000.0,18.23,0,0
10000.0,20.61,0,0
5000.0,17.84,1,0
15000.0,23.72,6,0
1000.0,22.44,2,0
9500.0,66.11,3,0
1000.0,2.5,0,0
4500.0,5.82,2,0
25000.0,21.63,2,0
20000.0,11.09,0,0
25000.0,8.97,10,0
2500.0,29.77,2,0
25000.0,29.28,10,0
3400.0,11.58,3,0
15000.0,3.23,5,0
6000.0,8.4,2,0
5000.0,0.0,1,0
4000.0,9.66,7,0
5000.0,24.05,2,0
2000.0,1.58,3,0
15000.0,20.08,4,0
3000.0,11.77,10,0
3000.0,13.39,1,0
12000.0,9.06,3,0
25000.0,82.4,0,0
1000.0,4.52,6,0
15000.0,5.21,1,0
10000.0,29.26,7,0
5000.0,9.84,10,0
4000.0,11.71,2,0
10000.0,40.12,10,0
1000.0,0.0,0,0
4000.0,1.95,2,0
5000.0,26.31,0,0
5000.0,0.0,0,0
20000.0,6.34,3,0
500.0,10.42,0,0
2300.0,0.0,1,0
8000.0,18.45,0,0
15000.0,15.52,2,0
25000.0,1.95,2,0
5000.0,9.65,0,0
1600.0,52.07,0,0
3000.0,4.42,0,0
7500.0,4.11,1,0
12000.0,9.14,1,0
3000.0,33.97,10,0
14800.0,17.01,10,0
11500.0,17.94,9,0
15000.0,28.56,1,0
5000.0,15.81,5,0
5000.0,23.98,5,0
5000.0,0.0,0,0
2000.0,14.77,4,0
6500.0,14.32,3,0
1000.0,0.0,1,0
20000.0,12.69,10,0
500.0,5.22,0,0
8000.0,1.95,7,0
18000.0,1.52,2,0
10000.0,10.65,1,0
6000.0,0.4,8,0
6000.0,27.36,4,0
10000.0,12.45,0,0
10000.0,1.85,1,0
3000.0,29.81,3,0
2500.0,25.98,0,0
15000.0,2.87,6,0
6000.0,5.57,3,0
3000.0,0.0,0,0
15000.0,0.46,1,0
10000.0,20.37,3,0
5000.0,10.82,10,0
20000.0,13.43,1,0
20000.0,51.7,8,0
500.0,11.05,3,0
2500.0,46.69,7,0
10000.0,32.0,3,0
3000.0,14.88,0,0
8000.0,0.0,7,0
20000.0,53.27,10,0
22000.0,44.46,1,0
500.0,28.59,5,0
6100.0,16.82,1,0
25000.0,47.4,10,0
7000.0,48.34,1,0
15000.0,6.05,2,0
900.0,0.0,2,0
6000.0,6.62,6,0
3500.0,0.0,1,0
10000.0,24.31,2,0
20000.0,6.73,6,0
3500.0,10.71,1,0
1000.0,0.0,4,0
2500.0,98.18,0,0
3000.0,20.57,2,0
7000.0,0.6,1,0
4000.0,4.41,3,0
15000.0,14.89,10,0
5000.0,0.0,10,0
10000.0,43.2,0,0
15000.0,82.8,0,0
15000.0,47.04,6,0
1300.0,20.42,2,0
20000.0,155.56,4,0
4700.0,16.8,3,0
20000.0,36.71,7,0
25000.0,40.72,10,0
10000.0,1.67,10,0
5000.0,2.4,0,0
20000.0,0.4,5,0
20000.0,26.02,1,0
15000.0,26.11,0,0
2500.0,12.02,1,0
6500.0,45.36,7,0
5000.0,37.26,3,0
700.0,0.0,0,0
10000.0,24.3,3,0
1500.0,0.0,1,0
2500.0,13.2,0,0
4000.0,20.43,0,0
25000.0,2.21,3,0
11200.0,6.72,0,0
15000.0,33.31,1,0
2500.0,4.5,6,0
8000.0,3.29,2,0
4000.0,16.05,10,0
7000.0,1.15,0,0
7500.0,47.27,9,0
3500.0,38.34,10,0
5000.0,18.36,1,0
5500.0,0.0,10,0
14000.0,58.61,2,0
1500.0,16.29,5,0
5000.0,12.78,6,0
10000.0,0.53,0,0
500.0,26.0,0,0
4000.0,1.97,0,0
15000.0,4.18,5,0
25000.0,7.93,9,0
10000.0,0.0,1,0
15000.0,17.44,10,0
1600.0,26.13,3,0
3500.0,12.89,0,0
15000.0,5.34,2,0
25000.0,32.5,0,0
10000.0,49.74,5,0
20000.0,24.38,5,0
10000.0,0.0,1,0
8000.0,1.1,3,0
3000.0,202.8,0,0
5000.0,12.83,0,0
7500.0,32.53,4,0
7500.0,36.71,4,0
5000.0,17.05,1,0
3000.0,1.38,0,0
1500.0,8.94,2,0
1500.0,19.6,4,0
4750.0,0.0,0,0
25000.0,2.37,8,0
5000.0,3.32,6,0
700.0,2.52,2,0
12000.0,18.63,5,0
1500.0,29.73,1,0
800.0,9.47,1,0
1000.0,22.37,8,0
15000.0,35.49,0,0
15000.0,21.08,2,0
20000.0,29.26,10,0
5000.0,19.06,7,0
2000.0,0.0,0,0
12000.0,88.94,1,0
20000.0,31.11,4,0
5000.0,9.24,1,0
2000.0,4.13,10,0
20000.0,29.47,4,0
2400.0,0.0,0,0
7000.0,19.59,0,0
4250.0,1.29,1,0
5000.0,18.41,4,0
4000.0,27.73,3,0
15000.0,2.94,10,0
25000.0,41.42,9,0
5500.0,47.08,0,0
1500.0,14.83,10,0
20000.0,22.31,1,0
1500.0,0.0,4,0
2000.0,9.18,1,0
10000.0,36.61,10,0
5000.0,0.27,3,0
2500.0,18.62,1,0
500.0,0.0,1,0
5000.0,25.95,4,0
25000.0,25.96,10,0
10000.0,23.75,0,0
9000.0,0.0,10,0
3600.0,44.27,9,0
3000.0,0.0,1,0
10000.0,33.81,2,0
19000.0,6.78,5,0
2500.0,40.31,2,0
2500.0,2.96,0,0
500.0,0.0,2,0
10000.0,12.43,0,0
1000.0,11.93,5,0
4000.0,25.34,4,0
15000.0,18.14,7,0
7000.0,5.23,9,0
5000.0,17.5,1,0
6000.0,6.68,1,0
5000.0,2.12,1,0
5000.0,18.3,2,0
3000.0,49.45,0,0
3000.0,13.65,0,0
9000.0,0.0,2,0
700.0,125.49,0,0
6300.0,4.48,3,0
1000.0,0.0,2,0
5000.0,36.33,1,0
2500.0,20.91,1,0
25000.0,43.2,10,0
15000.0,23.0,10,0
2500.0,18.72,0,0
2000.0,38.07,0,0
20000.0,0.0,3,0
25000.0,22.59,1,0
3000.0,9.68,3,0
5000.0,20.32,9,0
2500.0,1.4,1,0
1200.0,2.14,1,0
3500.0,12.25,8,0
10000.0,7.65,4,0
5000.0,0.0,10,0
16000.0,2.13,1,0
8000.0,6.21,1,0
12000.0,0.0,1,0
20000.0,7.88,1,0
10000.0,22.08,0,0
1000.0,9.94,7,0
500.0,20.8,10,0
6000.0,34.06,0,0
11300.0,12.91,0,0
7500.0,9.6,0,0
5000.0,3.98,1,0
10000.0,3.76,0,0
10000.0,3.78,0,0
10000.0,467.08,6,0
25000.0,82.32,4,0
18000.0,54.8,1,0
2500.0,18.31,2,0
3000.0,22.07,9,0
2000.0,24.36,10,0
4500.0,0.0,2,0
25000.0,13.36,1,0
5000.0,9.91,1,0
12500.0,16.15,0,0
2000.0,15.08,3,0
8000.0,13.16,2,0
700.0,0.0,0,0
5000.0,37.51,0,0
10000.0,2.13,3,0
5000.0,42.55,2,0
10000.0,14.8,1,0
5800.0,19.62,8,0
1000.0,7.84,1,0
1000.0,30.6,0,0
5000.0,50.96,1,0
25000.0,0.94,7,0
3000.0,20.7,1,0
5000.0,13.91,2,0
18000.0,1.23,2,0
7500.0,14.59,3,0
7500.0,2.94,1,0
1000.0,8.04,2,0
2000.0,22.49,0,0
3600.0,0.0,0,0
19650.0,2.83,7,0
5150.0,27.82,0,0
20000.0,45.86,9,0
5000.0,15.59,9,0
10000.0,68.63,4,0
1000.0,27.3,0,0
3200.0,5.4,10,0
500.0,50.0,0,0
2500.0,0.9,1,0
8000.0,21.64,0,0
6000.0,27.58,4,0
3000.0,5.97,0,0
5000.0,32.0,3,0
7500.0,0.54,1,0
1000.0,6.81,10,0
5000.0,17.16,3,0
5000.0,26.77,8,0
2000.0,10.51,0,0
5000.0,14.58,1,0
12000.0,6.03,5,0
15000.0,0.0,10,0
15000.0,17.1,9,0
25000.0,21.99,0,0
25000.0,178.63,0,0
5000.0,2.48,2,0
5000.0,5.93,1,0
1000.0,35.73,1,0
1000.0,4.51,3,0
725.0,30.0,5,0
8000.0,22.44,0,0
500.0,41.91,0,0
2000.0,0.0,0,0
15000.0,34.88,10,0
4000.0,17.67,0,0
2200.0,12.24,5,0
1000.0,31.9,0,0
25000.0,10.11,10,0
25000.0,37.37,10,0
10000.0,15.8,0,0
7000.0,163.84,0,0
5000.0,7.51,0,0
5000.0,1.26,3,0
6000.0,23.55,1,0
10000.0,10.41,5,0
10000.0,0.0,2,0
6000.0,2.92,10,0
10000.0,11.11,0,0
3000.0,78.1,2,0
25000.0,26.91,0,0
3000.0,18.41,1,0
5000.0,43.22,0,0
5000.0,3.88,4,0
8625.0,23.63,3,0
2500.0,15.09,2,0
6500.0,0.0,10,0
12000.0,0.0,10,0
500.0,360.67,7,0
5000.0,4.6,8,0
25000.0,10.2,10,0
23500.0,1.46,3,0
15000.0,19.71,1,0
8050.0,35.02,9,0
1000.0,11.43,4,0
5500.0,4.39,3,0
10000.0,16.57,3,0
12000.0,11.84,10,0
4000.0,18.6,1,0
3000.0,0.0,5,0
4000.0,17.98,10,0
2600.0,0.0,0,0
7000.0,5.21,1,0
4000.0,9.33,0,0
4000.0,31.47,2,0
8000.0,19.53,5,0
6000.0,9.66,5,0
2000.0,10.05,0,0
7000.0,44.4,10,0
2000.0,19.06,2,0
10000.0,0.0,6,0
18500.0,13.75,2,0
8500.0,1.06,4,0
13500.0,15.78,0,0
6400.0,50.77,0,0
3500.0,7.55,10,0
5000.0,11.4,1,0
14000.0,0.74,2,0
2000.0,4.43,10,0
2000.0,6.37,9,0
5000.0,41.27,0,0
15000.0,39.21,3,0
3500.0,3.97,2,0
5500.0,2.72,8,0
10000.0,7.41,7,0
25000.0,40.23,6,0
15000.0,8.4,2,0
11000.0,25.74,0,0
2000.0,10.62,8,0
25000.0,25.75,8,0
12300.0,16.87,6,0
25000.0,55.17,10,0
6000.0,237.49,7,0
5000.0,0.81,3,0
15000.0,22.92,2,0
1500.0,2.89,10,0
3000.0,22.94,10,0
2500.0,30.23,0,0
15000.0,8.67,0,0
8000.0,0.0,7,0
15000.0,32.26,0,0
12000.0,0.48,2,0
2500.0,17.86,0,0
10000.0,10.34,0,0
1500.0,13.61,0,0
5000.0,4.24,4,0
20000.0,30.14,0,0
1500.0,0.0,0,0
7525.0,20.48,1,0
5000.0,49.72,3,0
5000.0,22.85,10,0
2500.0,0.55,9,0
5000.0,29.17,1,0
2500.0,3.59,1,0
2000.0,36.43,2,0
13000.0,1.5,10,0
25000.0,35.39,10,0
5000.0,38.28,5,0
2000.0,27.41,4,0
24000.0,21.31,4,0
3000.0,0.0,0,0
1000.0,76.0,2,0
4000.0,29.93,10,0
5000.0,1.83,1,0
25000.0,5.55,10,0
5700.0,18.76,10,0
6000.0,67.83,3,0
5000.0,0.75,0,0
25000.0,36.0,2,0
10000.0,15.17,6,0
5000.0,8.4,1,0
25000.0,24.18,10,0
5000.0,24.64,4,0
8000.0,3.07,0,0
2500.0,1.0,0,0
5000.0,21.17,9,0
1500.0,11.68,5,0
20000.0,0.0,0,0
2000.0,36.64,5,0
5000.0,2.21,0,0
17000.0,2.94,0,0
20000.0,11.8,2,0
7000.0,77.68,0,0
1500.0,0.0,3,0
2500.0,0.52,10,0
2500.0,48.05,0,0
2000.0,40.02,1,0
2650.0,31.3,0,0
5000.0,5.08,9,0
25000.0,29.06,0,0
4000.0,0.78,4,0
15000.0,6.72,0,0
2000.0,1.0,3,0
15000.0,49.32,0,0
5000.0,12.05,3,0
3000.0,4.45,9,0
5000.0,0.0,3,0
5000.0,46.08,0,0
1000.0,0.0,5,0
25000.0,32.61,0,0
4000.0,9.75,2,0
25000.0,19.75,1,0
7500.0,8.74,7,0
1500.0,0.0,0,0
15000.0,40.14,4,0
25000.0,1.73,0,0
15000.0,19.62,2,0
12000.0,25.52,5,0
25000.0,25.51,8,0
5000.0,12.81,1,0
10000.0,9.15,2,0
6500.0,0.0,9,0
25000.0,42.66,0,0
5000.0,45.73,1,0
6000.0,24.22,0,0
5000.0,12.62,4,0
2000.0,0.0,1,0
25000.0,23.71,2,0
5000.0,23.01,3,0
15000.0,1.55,2,0
15000.0,1.97,4,0
6000.0,11.64,3,0
7500.0,1.88,1,0
2000.0,14.82,3,0
5000.0,0.0,0,0
3000.0,6.34,4,0
5000.0,13.84,2,0
1500.0,22.3,9,0
2500.0,0.0,1,0
24625.0,10.76,0,0
6000.0,27.48,10,0
9500.0,12.48,2,0
1950.0,0.91,0,0
15000.0,16.68,0,0
2500.0,6.67,5,0
12000.0,12.49,5,0
2500.0,44.43,3,0
10000.0,5.08,1,0
2500.0,9.75,2,0
5000.0,6.36,0,0
5000.0,6.36,0,0
6000.0,0.2,4,0
6000.0,0.2,3,0
10000.0,2.04,0,0
2000.0,29.31,1,0
15000.0,41.91,3,0
6000.0,16.71,10,0
25000.0,0.42,0,0
5000.0,3.84,2,0
10000.0,23.43,0,0
800.0,16.91,0,0
7500.0,16.99,4,0
2500.0,1.04,0,0
1000.0,20.4,1,0
10000.0,100.0,2,0
15000.0,18.16,0,0
5000.0,16.76,0,0
16000.0,24.37,0,0
15000.0,19.4,1,0
4000.0,14.89,2,0
15000.0,7.17,10,0
25000.0,14.14,2,0
20000.0,0.0,0,0
3500.0,3.49,0,0
2500.0,33.6,0,0
6000.0,13.2,0,0
20000.0,42.35,4,0
19900.0,2.68,3,0
5000.0,18.79,3,0
25000.0,22.08,4,0
14000.0,13.98,2,0
2500.0,23.67,1,0
5000.0,0.0,1,0
2000.0,19.85,0,0
15000.0,45.12,10,0
7000.0,19.24,5,0
8000.0,31.92,0,0
5000.0,42.24,2,0
15000.0,2.66,0,0
1000.0,21.28,0,0
5000.0,18.18,10,0
20000.0,27.2,2,0
15000.0,24.84,4,0
10000.0,5.36,6,0
3000.0,41.71,3,0
10000.0,45.05,10,0
18000.0,5.97,7,0
500.0,0.0,0,0
25000.0,25.4,1,0
25000.0,20.09,9,0
10000.0,30.65,1,0
25000.0,0.0,0,0
2500.0,37.2,10,0
4000.0,0.5,8,0
18000.0,0.0,0,0
3000.0,0.0,0,0
20000.0,20.88,2,0
4800.0,13.33,2,0
5000.0,43.65,0,0
2000.0,14.63,6,0
15000.0,1.45,10,0
5000.0,21.21,2,0
3000.0,13.18,1,0
1500.0,32.04,0,0
5500.0,15.03,10,0
3000.0,11.59,10,0
5000.0,13.84,1,0
20000.0,10.33,0,0
20000.0,64.09,1,0
10000.0,28.08,0,0
20000.0,45.63,0,0
20000.0,8.77,3,0
4000.0,22.11,8,0
5000.0,24.48,0,0
1000.0,23.37,7,0
1000.0,0.0,1,0
6500.0,4.01,0,0
5500.0,13.77,4,0
800.0,14.95,2,0
17000.0,59.2,7,0
4000.0,1.55,1,0
1000.0,46.06,10,0
15000.0,4.99,0,0
10000.0,0.0,8,0
2000.0,11.26,0,0
8500.0,5.91,4,0
8000.0,26.11,0,0
1000.0,0.0,0,0
8500.0,22.97,0,0
8000.0,12.62,1,0
6000.0,36.62,5,0
7500.0,633.6,0,0
500.0,1.71,0,0
7000.0,2.35,10,0
8500.0,0.0,1,0
11000.0,36.27,5,0
5000.0,0.37,10,0
9500.0,34.72,4,0
3000.0,14.35,0,0
2000.0,27.17,10,0
2500.0,11.73,3,0
10000.0,2.48,0,0
4000.0,1.54,4,0
1500.0,20.37,5,0
7000.0,13.77,0,0
2000.0,34.36,8,0
6000.0,27.92,0,0
10000.0,3.98,0,0
6000.0,14.35,0,0
7000.0,13.53,9,0
15000.0,1.01,10,0
5000.0,0.0,0,0
7500.0,0.0,0,0
5000.0,37.61,4,0
12500.0,13.82,0,0
2500.0,33.55,0,0
18000.0,27.67,2,0
1000.0,13.3,1,0
5000.0,33.36,10,0
10000.0,27.72,1,0
8000.0,16.65,2,0
3000.0,29.83,0,0
15000.0,7.03,3,0
3000.0,38.4,2,0
5000.0,6.87,2,0
6000.0,2.04,0,0
5000.0,36.73,5,0
2000.0,10.68,1,0
14000.0,1.31,2,0
5000.0,12.56,10,0
10400.0,0.0,0,0
5000.0,3.36,0,0
3000.0,38.14,2,0
7000.0,25.7,0,0
2500.0,5.04,5,0
12000.0,32.48,1,0
2500.0,12.51,6,0
20000.0,0.0,2,0
15000.0,0.0,0,0
8000.0,27.49,4,0
2000.0,100.0,10,0
3000.0,24.21,0,0
10000.0,5.92,0,0
4000.0,12.61,9,0
500.0,11.52,4,0
1000.0,0.0,0,0
12000.0,30.97,4,0
2000.0,0.69,5,0
7500.0,15.94,0,0
15000.0,0.0,1,0
10000.0,13.72,10,0
15000.0,29.34,0,0
700.0,23.53,2,0
10000.0,11.56,1,0
3000.0,0.0,6,0
15000.0,15.54,1,0
15000.0,91.88,0,0
20000.0,36.04,1,0
5000.0,6.3,1,0
15000.0,11.1,1,0
15000.0,32.55,2,0
10000.0,26.28,4,0
11000.0,29.54,3,0
5000.0,3.0,10,0
6000.0,0.0,4,0
8000.0,41.28,2,0
22600.0,4.55,10,0
1500.0,0.0,2,0
6000.0,8.59,5,0
1500.0,27.12,4,0
5000.0,1.47,0,0
1000.0,29.68,6,0
4500.0,0.0,0,0
7000.0,8.84,4,0
4500.0,6.99,1,0
7000.0,45.53,5,0
15000.0,4.8,10,0
1000.0,22.71,7,0
5000.0,16.6,3,0
15000.0,46.3,0,0
5000.0,46.38,5,0
25000.0,28.03,8,0
25000.0,44.25,0,0
500.0,16.42,1,0
21000.0,6.33,0,0
1500.0,7.92,10,0
5000.0,32.16,3,0
1500.0,19.37,10,0
4000.0,26.16,8,0
500.0,0.54,2,0
2500.0,4.78,1,0
25000.0,0.6,6,0
6800.0,4.17,10,0
8500.0,0.0,10,0
25000.0,15.7,10,0
8500.0,2.15,10,0
5000.0,17.45,10,0
5000.0,11.75,10,0
6000.0,19.09,0,0
2000.0,0.0,0,0
1500.0,10.01,1,0
1500.0,11.49,0,0
3000.0,13.44,3,0
3900.0,3.23,0,0
2000.0,18.96,3,0
2500.0,4.0,0,0
3000.0,23.98,1,0
20000.0,0.0,3,0
10000.0,14.92,9,0
12500.0,16.49,10,0
6000.0,29.44,1,0
1000.0,47.63,4,0
5000.0,2.0,1,0
20000.0,5.19,2,0
500.0,2.72,4,0
6800.0,23.98,2,0
3000.0,7.65,3,0
5000.0,13.11,0,0
2000.0,33.03,6,0
1200.0,0.0,6,0
3000.0,24.68,1,0
1300.0,34.71,10,0
25000.0,46.85,0,0
10000.0,2.4,1,0
1500.0,1.34,0,0
4000.0,0.0,10,0
1000.0,60.08,6,0
10000.0,44.47,3,0
6000.0,8.08,5,0
10000.0,0.75,0,0
12000.0,0.0,10,0
5000.0,27.6,7,0
5000.0,32.07,0,0
1100.0,26.3,1,0
2000.0,0.0,1,0
5000.0,0.44,2,0
2000.0,19.65,1,0
7500.0,39.66,10,0
9000.0,60.36,3,0
5000.0,37.36,3,0
22000.0,30.3,4,0
4500.0,9.71,10,0
3500.0,0.43,5,0
5000.0,4.83,10,0
5500.0,13.01,1,0
5000.0,4.62,3,0
4000.0,27.63,5,0
25000.0,42.73,10,0
25000.0,16.5,0,0
22000.0,11.79,3,0
6000.0,24.34,5,0
5000.0,31.37,3,0
3900.0,53.84,9,0
5500.0,14.08,7,0
13000.0,25.47,5,0
5000.0,19.34,7,0
2000.0,22.46,0,0
8000.0,53.56,0,0
3000.0,21.33,0,0
7700.0,37.05,0,0
10000.0,16.54,0,0
3500.0,25.71,10,0
2500.0,0.15,2,0
11350.0,22.36,2,0
5000.0,13.12,0,0
10000.0,12.84,0,0
3000.0,21.92,5,0
5000.0,51.85,10,0
1500.0,123.33,0,0
15000.0,30.45,4,0
25000.0,39.46,2,0
2000.0,3.24,3,0
5000.0,0.0,0,0
7500.0,24.95,4,0
3000.0,17.94,8,0
5000.0,0.87,5,0
10000.0,0.0,4,0
20000.0,14.46,10,0
2200.0,10.03,1,0
5000.0,15.85,3,0
10000.0,6.73,10,0
2500.0,58.73,5,0
1800.0,0.0,0,0
10000.0,35.31,1,0
1000.0,13.2,0,0
5000.0,19.15,6,0
15000.0,6.41,7,0
2625.0,24.25,0,0
5000.0,4.98,0,0
500.0,27.83,1,0
8000.0,37.49,10,0
10000.0,8.21,4,0
750.0,8.66,10,0
25000.0,29.04,4,0
1500.0,3.35,3,0
4000.0,1.04,2,0
10000.0,9.83,0,0
10000.0,16.6,1,0
25000.0,20.44,4,0
10000.0,19.97,0,0
3500.0,1.33,2,0
20000.0,8.88,1,0
5000.0,0.89,5,0
6000.0,30.16,10,0
12000.0,10.96,2,0
4500.0,10.72,3,0
15000.0,6.48,0,0
7000.0,14.4,2,0
7000.0,21.93,2,0
1000.0,4.05,1,0
7000.0,1.95,10,0
1000.0,1.02,1,0
2000.0,67.76,1,0
12000.0,2.24,10,0
2000.0,0.0,2,0
1000.0,0.0,2,0
2000.0,1.96,2,0
25000.0,19.54,10,0
10000.0,2.36,0,0
5000.0,5.35,7,0
5000.0,9.54,10,0
15000.0,14.8,0,0
2500.0,29.89,0,0
25000.0,0.0,3,0
2000.0,12.13,3,0
2000.0,18.99,0,0
800.0,19.3,4,0
2000.0,1.58,6,0
20000.0,20.67,2,0
2000.0,0.0,1,0
13800.0,20.3,2,0
5000.0,18.05,0,0
3000.0,3.76,0,0
5400.0,5.57,1,0
5000.0,6.66,0,0
2500.0,40.72,0,0
4000.0,34.77,10,0
5000.0,32.62,10,0
2500.0,4.33,2,0
25000.0,0.6,3,0
7200.0,8.17,1,0
2500.0,0.0,1,0
15000.0,27.72,3,0
10000.0,5.76,2,0
5000.0,18.15,3,0
3000.0,43.34,0,0
3000.0,25.77,3,0
700.0,0.0,1,0
25000.0,12.49,0,0
3000.0,32.43,2,0
7500.0,0.8,0,0
20000.0,32.63,6,0
20000.0,10.13,7,0
7500.0,20.73,6,0
7500.0,37.22,6,0
25000.0,0.6,10,0
10000.0,5.88,10,0
1000.0,24.74,3,0
1000.0,2.8,0,0
7500.0,18.14,10,0
6000.0,13.85,7,0
2500.0,24.96,7,0
3000.0,2.28,8,0
8100.0,21.15,0,0
1000.0,2.27,1,0
12000.0,0.0,2,0
10000.0,0.0,10,0
500.0,0.0,4,0
3000.0,5.42,2,0
2000.0,11.49,1,0
7500.0,0.3,10,0
5000.0,0.8,2,0
3000.0,16.76,0,0
10000.0,21.12,1,0
5000.0,21.08,0,0
6000.0,0.0,0,0
7425.0,28.62,1,0
22350.0,15.07,2,0
2000.0,51.96,0,0
5000.0,3.0,4,0
10000.0,22.33,10,0
8500.0,0.0,6,0
3000.0,0.0,0,0
2500.0,26.64,10,0
15000.0,13.88,0,0
1500.0,5.76,2,0
2500.0,48.5,7,0
7500.0,12.56,10,0
10000.0,33.2,0,0
2500.0,6.97,4,0
9000.0,0.0,4,0
2000.0,21.06,1,0
3000.0,12.84,1,0
3000.0,45.09,0,0
6000.0,0.0,0,0
25000.0,177.93,1,0
25000.0,3.69,2,0
5500.0,34.9,7,0
6500.0,5.84,8,0
5500.0,33.2,1,0
10000.0,7.3,5,0
25000.0,18.05,1,0
2000.0,21.74,10,0
7000.0,17.29,0,0
5500.0,0.0,6,0
10000.0,0.0,1,0
500.0,4.31,1,0
6000.0,0.0,0,0
8000.0,15.82,4,0
5000.0,0.92,6,0
25000.0,20.77,6,0
25000.0,34.88,10,0
3000.0,4.59,0,0
2000.0,8.0,0,0
2000.0,2.33,1,0
4000.0,21.72,9,0
25000.0,9.04,10,0
4000.0,12.92,2,0
25000.0,27.0,0,0
6000.0,16.01,0,0
5000.0,14.02,2,0
1200.0,4.96,1,0
8000.0,20.66,8,0
25000.0,25.32,10,0
8000.0,29.28,0,0
2500.0,18.81,3,0
3500.0,3.42,10,0
2500.0,9.7,6,0
5000.0,0.0,4,0
25000.0,1.6,2,0
3500.0,0.67,1,0
25000.0,46.0,1,0
10000.0,11.14,0,0
15000.0,52.0,0,0
2500.0,13.14,1,0
1500.0,33.36,0,0
15000.0,13.2,2,0
1000.0,0.66,7,0
2500.0,0.0,1,0
1500.0,26.7,0,0
500.0,0.0,0,0
2000.0,26.94,0,0
10000.0,7.2,10,0
20000.0,19.35,2,0
5000.0,23.27,1,0
5000.0,3.82,1,0
10000.0,1.66,7,0
2500.0,18.35,0,0
1500.0,1.38,5,0
10000.0,17.44,2,0
6000.0,5.28,0,0
3575.0,6.17,4,0
6000.0,13.18,0,0
5000.0,18.48,1,0
25000.0,0.0,1,0
10000.0,11.85,1,0
1500.0,0.0,4,0
6000.0,15.09,10,0
4000.0,9.94,0,0
6000.0,10.04,1,0
5000.0,2.24,0,0
1700.0,30.94,0,0
5000.0,18.8,1,0
3200.0,6.72,9,0
7000.0,44.26,10,0
8000.0,4.29,1,0
6500.0,13.94,1,0
2500.0,36.52,5,0
2000.0,36.8,3,0
18000.0,11.2,2,0
2000.0,6.92,1,0
35000.0,61.06,4,0
15000.0,4.8,2,0
21000.0,0.51,0,0
25000.0,0.68,0,0
15000.0,21.04,0,0
500.0,0.0,0,0
15000.0,47.5,1,0
5000.0,210.59,3,0
15000.0,18.68,1,0
2500.0,9.6,0,0
1000.0,5.28,0,0
7000.0,8.67,0,0
2000.0,16.17,2,0
7500.0,7.33,1,0
3500.0,39.8,0,0
3800.0,1.82,0,0
6000.0,23.07,0,0
24000.0,18.3,7,0
30000.0,100.0,10,0
1200.0,18.87,7,0
6000.0,0.0,7,0
11000.0,24.64,2,0
7000.0,1.26,0,0
30000.0,100.0,10,0
3000.0,32.36,3,0
12000.0,42.79,1,0
25000.0,0.81,0,0
10000.0,25.18,10,0
1500.0,0.0,1,0
15000.0,3.8,0,0
8000.0,52.9,0,0
6000.0,11.76,1,0
10000.0,41.34,10,0
10000.0,6.1,3,0
2000.0,29.45,10,0
3000.0,31.83,4,0
3000.0,15.55,0,0
4000.0,6.37,2,0
25000.0,7.34,1,0
500.0,16.72,4,0
10000.0,14.95,1,0
25000.0,14.29,2,0
500.0,16.99,1,0
4000.0,0.0,2,0
4000.0,6.86,1,0
800.0,36.92,1,0
500.0,0.0,3,0
25000.0,0.0,0,0
10000.0,6.0,1,0
5000.0,2.93,6,0
600.0,24.19,1,0
15000.0,36.75,10,0
5000.0,22.31,0,0
25000.0,45.0,0,0
10000.0,7.06,10,0
2500.0,10.12,3,0
12000.0,62.82,5,0
5000.0,13.21,1,0
5000.0,3.43,10,0
4000.0,18.27,3,0
2000.0,0.0,6,0
10000.0,3.85,0,0
2000.0,9.0,10,0
5000.0,5.95,2,0
10000.0,3.08,5,0
6000.0,23.51,0,0
25000.0,17.13,10,0
9000.0,8.51,1,0
1000.0,24.8,2,0
18000.0,48.96,1,0
5000.0,11.32,0,0
10000.0,0.0,4,0
600.0,0.0,0,0
25000.0,81.42,4,0
6300.0,21.92,3,0
25000.0,17.43,10,0
15000.0,24.85,0,0
6000.0,6.84,1,0
10000.0,21.46,0,0
7000.0,23.53,2,0
5000.0,17.81,4,0
6000.0,35.13,8,0
20000.0,36.92,8,0
10000.0,63.88,10,0
4000.0,0.0,0,0
2000.0,30.53,6,0
1500.0,38.21,2,0
16000.0,27.67,2,0
10000.0,39.25,10,0
20000.0,153.7,10,0
3000.0,16.38,0,0
2000.0,0.0,0,0
20000.0,100.0,10,0
8000.0,34.55,6,0
16000.0,28.11,4,0
10000.0,100.0,6,0
10000.0,36.02,0,0
1900.0,2.8,8,0
13000.0,100.0,0,0
8000.0,100.0,0,0
7500.0,15.07,10,0
20000.0,100.0,4,0
5000.0,100.0,0,0
20000.0,22.48,4,0
20000.0,22.1,1,0
16500.0,41.19,10,0
15000.0,18.14,10,0
10000.0,70.7,10,0
20000.0,14.12,4,0
15000.0,28.42,0,0
20000.0,17.04,5,0
20000.0,123.23,10,0
10000.0,0.15,4,0
2000.0,30.9,4,0
5000.0,47.56,10,0
800.0,0.0,2,0
2500.0,14.02,2,0
7000.0,11.4,10,0
5000.0,7.61,4,0
17000.0,100.0,10,0
2000.0,1.36,9,0
5000.0,0.0,0,0
10000.0,100.0,0,0
9000.0,14.39,2,0
8500.0,18.6,2,0
6000.0,5.6,1,0
2500.0,38.15,10,0
1500.0,8.4,0,0
2500.0,33.8,5,0
10000.0,2.47,3,0
6000.0,11.05,3,0
3000.0,29.01,4,0
12000.0,1.06,1,0
4000.0,0.0,0,0
4000.0,15.6,1,0
25000.0,0.5,10,0
2500.0,0.75,2,0
15000.0,58.8,2,0
10000.0,6.95,3,0
5000.0,1.2,4,0
14000.0,26.59,10,0
10200.0,21.59,6,0
2000.0,3.36,0,0
9000.0,48.44,0,0
7000.0,25.0,1,0
1500.0,28.95,10,0
7000.0,100.0,1,0
4000.0,0.95,10,0
500.0,9.77,5,0
500.0,1.38,1,0
25000.0,21.64,10,0
5000.0,18.58,0,0
1500.0,13.73,7,0
1500.0,15.63,0,0
5000.0,0.0,10,0
7500.0,14.94,10,0
3000.0,17.79,2,0
15000.0,9.06,8,0
1000.0,3.22,5,0
14500.0,47.76,0,0
3000.0,20.81,2,0
2500.0,26.73,8,0
7000.0,4.71,0,0
500.0,3.1,6,0
1500.0,0.0,2,0
2000.0,8.36,2,0
9000.0,100.0,0,0
10000.0,26.21,6,0
4000.0,26.43,5,0
10000.0,23.19,0,0
2000.0,13.0,0,0
10000.0,0.0,10,0
15000.0,100.0,1,0
15000.0,25.2,1,0
21000.0,30.03,1,0
10000.0,23.83,1,0
5000.0,17.98,3,0
20000.0,0.0,3,0
7800.0,22.36,5,0
2500.0,2.4,10,0
15000.0,64.29,0,0
15000.0,41.41,10,0
25000.0,17.87,5,0
3000.0,8.7,1,0
5000.0,15.86,0,0
5000.0,18.64,9,0
10000.0,100.0,10,0
4500.0,11.13,2,0
3000.0,30.1,0,0
9900.0,0.64,2,0
3500.0,20.27,3,0
16000.0,60.46,4,0
15000.0,47.12,8,0
12000.0,29.25,1,0
16000.0,18.69,3,0
7000.0,6.46,4,0
5000.0,0.0,2,0
5000.0,100.0,4,0
4500.0,13.3,1,0
5000.0,5.94,10,0
1500.0,100.0,8,0
900.0,0.0,0,0
1500.0,10.5,0,0
500.0,5.75,2,0
17000.0,0.3,4,0
7000.0,45.6,1,0
6000.0,27.78,3,0
22000.0,32.01,10,0
6000.0,14.98,10,0
18000.0,100.0,10,0
5025.0,12.97,0,0
22000.0,16.9,7,0
12000.0,12.39,2,0
2000.0,15.0,10,0
20000.0,26.55,2,0
25000.0,42.13,0,0
4300.0,90.63,2,0
15000.0,0.4,10,0
1000.0,33.32,10,0
16000.0,57.06,0,0
4150.0,20.13,10,0
5000.0,14.76,10,0
1000.0,0.0,1,0
2000.0,21.9,1,0
2000.0,8.16,1,0
18000.0,30.56,6,0
7500.0,36.05,7,0
5000.0,4.27,0,0
4000.0,18.1,10,0
6500.0,45.25,10,0
12000.0,29.69,10,0
10000.0,7.94,0,0
3000.0,34.13,10,0
5500.0,8.72,3,0
20000.0,44.23,1,0
2000.0,8.96,1,0
12500.0,28.27,2,0
15000.0,0.0,10,0
20000.0,2.47,1,0
25000.0,0.9,0,0
2000.0,2.16,2,0
6000.0,100.0,10,0
5500.0,27.83,1,0
5000.0,0.99,10,0
3000.0,16.99,8,0
10000.0,100.0,10,0
1500.0,19.68,1,0
24000.0,24.7,10,0
2500.0,18.04,0,0
25000.0,34.4,4,0
7000.0,11.64,1,0
5000.0,0.0,5,0
5000.0,15.15,2,0
3200.0,10.17,10,0
3000.0,11.87,2,0
25000.0,17.63,10,0
21000.0,100.0,10,0
3500.0,2.9,6,0
5500.0,24.24,4,0
15000.0,26.53,2,0
5000.0,32.9,2,0
15000.0,19.83,10,0
15000.0,27.79,4,0
10000.0,5.27,0,0
5000.0,1.68,10,0
1500.0,0.63,2,0
4500.0,18.64,0,0
7000.0,8.58,4,0
25000.0,0.0,0,0
4400.0,48.67,0,0
15000.0,21.64,2,0
2500.0,27.18,0,0
9500.0,65.46,6,0
10000.0,13.27,2,0
5000.0,0.0,6,0
10000.0,100.0,6,0
5000.0,16.19,0,0
10000.0,14.75,4,0
7000.0,4.85,10,0
5000.0,4.2,2,0
10000.0,100.0,0,0
4500.0,28.5,0,0
15725.0,20.43,10,0
10000.0,47.31,4,0
15000.0,100.0,4,0
6180.0,100.0,1,0
5000.0,5.03,0,0
25000.0,29.72,3,0
4000.0,42.19,0,0
2000.0,6.17,0,0
10830.0,12.05,10,0
6000.0,11.23,1,0
24000.0,8.56,2,0
6000.0,20.4,1,0
17000.0,19.57,2,0
3500.0,5.15,0,0
10000.0,28.27,10,0
22300.0,74.63,10,0
15000.0,55.37,2,0
3500.0,100.0,0,0
20000.0,14.96,10,0
15000.0,27.56,6,0
6000.0,100.0,10,0
20000.0,2.66,10,0
15000.0,28.61,0,0
25000.0,3.1,6,0
10000.0,993600.0,1,0
25000.0,29.22,10,0
700.0,0.0,3,0
5000.0,10.36,10,0
20000.0,2.14,2,0
2300.0,32.38,4,0
2300.0,54.44,0,0
25000.0,22.63,0,0
2000.0,2.85,7,0
5000.0,4.15,7,0
25000.0,23.42,8,0
1500.0,9.93,10,0
8000.0,0.56,1,0
20000.0,40.5,10,0
15000.0,0.78,2,0
2500.0,4.18,0,0
5000.0,8.11,5,0
20000.0,33.77,0,0
1000.0,0.0,0,0
2500.0,19.33,1,0
1000.0,0.0,1,0
3000.0,7.96,0,0
5000.0,6.69,2,0
20000.0,31.28,10,0
11000.0,5.56,6,0
8000.0,0.0,6,0
17000.0,100.0,10,0
10000.0,6.67,0,0
20000.0,33.85,4,0
14000.0,18.85,2,0
21600.0,26.64,8,0
10000.0,49.0,0,0
12000.0,42.68,0,0
9000.0,10.0,1,0
5000.0,5.22,2,0
1000.0,0.0,7,0
19000.0,100.0,2,0
12000.0,35.42,0,0
6500.0,9.33,0,0
5000.0,66.15,10,0
5000.0,2.61,2,0
1500.0,6.13,2,0
10000.0,50.24,2,0
4000.0,100.0,0,0
5000.0,41.28,0,0
15000.0,33.73,2,0
2000.0,16.7,2,0
3500.0,33.78,10,0
5000.0,185.89,3,0
15000.0,26.45,10,0
2000.0,9.61,3,0
2500.0,0.33,2,0
10000.0,33.24,10,0
9000.0,23.21,0,0
10000.0,0.0,7,0
25000.0,26.97,2,0
5000.0,8.61,5,0
6500.0,10.24,2,0
10000.0,100.0,0,0
20000.0,5.33,5,0
10000.0,1.37,3,0
1500.0,3.08,0,0
15000.0,32.62,0,0
5000.0,9.78,1,0
25000.0,21.91,10,0
4000.0,8.56,10,0
8000.0,13.33,2,0
10000.0,16.4,2,0
3000.0,14.83,2,0
10000.0,0.98,0,0
5000.0,10.73,10,0
10000.0,22.62,1,0
20000.0,6.37,10,0
9500.0,29.36,6,0
1500.0,0.0,0,0
3000.0,7.94,2,0
5000.0,18.8,0,0
2000.0,21.36,10,0
2000.0,1168.2,10,0
1600.0,12.38,3,0
10000.0,14.19,1,0
1000.0,26.11,4,0
3000.0,14.23,0,0
3000.0,23.47,0,0
4000.0,17.68,4,0
5000.0,36.36,0,0
1500.0,36.06,1,0
5000.0,100.0,0,0
7500.0,30.67,0,0
4000.0,12.18,4,0
1500.0,0.0,6,0
25000.0,45.26,2,0
5000.0,0.0,7,0
3000.0,27.87,1,0
6500.0,37.38,0,0
8000.0,42.9,7,0
10000.0,14.68,0,0
21000.0,0.33,0,0
15000.0,25.84,2,0
5000.0,0.0,10,0
3000.0,17.53,3,0
6000.0,20.18,4,0
2400.0,6.27,10,0
4000.0,11.78,10,0
2000.0,26.3,6,0
2000.0,6.19,6,0
9500.0,134.57,4,0
3000.0,0.0,1,0
4000.0,19.88,7,0
25000.0,8.54,10,0
15000.0,38.6,10,0
7000.0,19.92,0,0
2000.0,13.63,10,0
6000.0,25.58,7,0
5000.0,23.27,8,0
4000.0,1.23,10,0
11000.0,9.61,0,0
6000.0,127.6,7,0
15000.0,53.59,10,0
25000.0,0.0,10,0
15000.0,100.0,6,0
3000.0,10.78,10,0
4000.0,49.38,4,0
12500.0,2.98,0,0
7500.0,7.13,6,0
5000.0,1.88,4,0
1500.0,81.3,3,0
3500.0,18.19,0,0
15000.0,35.75,9,0
10000.0,7.99,2,0
10000.0,0.0,2,0
5000.0,100.0,10,0
2000.0,41.6,10,0
1000.0,0.0,5,0
5000.0,85.32,0,0
25000.0,20.23,10,0
6000.0,24.4,5,0
2000.0,64.55,2,0
25000.0,2.06,1,0
4200.0,26.36,0,0
10000.0,6.12,8,0
25000.0,0.0,2,0
15000.0,18.18,4,0
5000.0,3.9,2,0
5000.0,0.0,0,0
6200.0,15.16,0,0
10000.0,34.56,10,0
6000.0,0.0,0,0
10000.0,27.12,10,0
20000.0,0.0,0,0
500.0,24.08,0,0
2000.0,42.19,3,0
10000.0,12.77,10,0
2000.0,1.07,0,0
1450.0,22.19,0,0
1500.0,0.0,0,0
10000.0,0.4,10,0
15000.0,20.78,1,0
25000.0,3.33,10,0
15000.0,11.25,1,0
15000.0,19.59,3,0
2000.0,2.79,5,0
25000.0,21.15,0,0
20000.0,18.2,3,0
2500.0,0.0,0,0
5000.0,13.36,10,0
14000.0,0.0,1,0
2000.0,0.8,0,0
5000.0,13.68,2,0
3000.0,19.11,10,0
5000.0,13.36,10,0
15000.0,81.14,2,0
5000.0,9.3,0,0
4000.0,11.87,3,0
4000.0,3.84,0,0
6000.0,19.99,10,0
6000.0,6.13,0,0
10000.0,1.12,1,0
25000.0,17.39,10,0
2500.0,33.3,1,0
18000.0,40.07,10,0
5000.0,0.0,1,0
8500.0,18.86,0,0
10000.0,85.78,1,0
2500.0,13.63,10,0
3500.0,15.38,0,0
5000.0,21.36,10,0
6000.0,16.04,0,0
3000.0,11.68,10,0
18500.0,30.8,1,0
5000.0,12.99,1,0
10000.0,37.07,0,0
20000.0,27.04,10,0
12000.0,27.62,1,0
20000.0,7.76,10,0
25000.0,15.43,10,0
10000.0,37.41,10,0
5000.0,31.23,2,0
14000.0,18.22,7,0
4000.0,3.45,5,0
10000.0,63.25,4,0
6000.0,0.0,0,0
8000.0,24.54,3,0
3500.0,0.0,8,0
15000.0,7.7,2,0
24000.0,47.12,10,0
15000.0,37.69,1,0
5000.0,18.9,0,0
15000.0,33.96,10,0
3000.0,53.35,4,0
10000.0,51.6,10,0
10000.0,25.12,8,0
12000.0,31.03,1,0
1000.0,41.35,1,0
15000.0,60.21,10,0
500.0,0.0,8,0
500.0,0.0,1,0
3000.0,21.66,9,0
8000.0,28.22,10,0
5000.0,43.1,5,0
3000.0,309.6,1,0
4800.0,8.15,10,0
20000.0,0.72,7,0
3000.0,12.63,10,0
15000.0,5.6,0,0
1000.0,23.33,2,0
4000.0,52.13,8,0
15000.0,19.1,6,0
10000.0,15.53,10,0
5000.0,9.63,4,0
5000.0,21.16,10,0
1000.0,6.48,0,0
4000.0,0.0,10,0
25000.0,22.67,0,0
2000.0,4.17,1,0
3000.0,59.15,10,0
6000.0,44.85,5,0
20000.0,59.26,2,0
15000.0,1.31,8,0
10000.0,21.22,10,0
5000.0,12.42,10,0
4500.0,0.0,0,0
10000.0,0.26,0,0
1000.0,327.31,0,0
25000.0,22.32,0,0
12500.0,5.39,0,0
20000.0,39.95,1,0
10000.0,18.92,4,0
23000.0,41.13,10,0
5000.0,18.99,1,0
15000.0,0.0,4,0
3000.0,0.0,0,0
2000.0,14.59,6,0
18000.0,39.39,9,0
3000.0,13.44,1,0
25000.0,0.24,2,0
2000.0,40.89,3,0
2000.0,1.26,10,0
2500.0,0.0,1,0
8000.0,9.41,1,0
7500.0,6.64,0,0
5000.0,11.38,7,0
3000.0,15.78,1,0
10000.0,4.98,5,0
10000.0,9.79,0,0
8000.0,19.99,10,0
2000.0,0.0,10,0
5000.0,2.0,0,0
15000.0,0.84,0,0
2500.0,799.88,10,0
500.0,8.93,7,0
12000.0,7.58,4,0
8000.0,4.74,1,0
2500.0,11.59,2,0
25000.0,12.33,0,0
15000.0,19.08,3,0
15000.0,35.75,10,0
7500.0,10.76,3,0
1650.0,7.51,1,0
5000.0,0.0,1,0
10000.0,36.63,8,0
10000.0,0.9,0,0
15000.0,12.61,1,0
20025.0,7.01,10,0
2000.0,15.62,2,0
15000.0,47.51,10,0
5500.0,8.51,1,0
15000.0,4.76,2,0
7000.0,9.33,10,0
2000.0,36.78,1,0
6200.0,39.11,5,0
1200.0,7.34,1,0
8900.0,34.7,3,0
8500.0,18.07,1,0
19000.0,0.0,10,0
5000.0,2.95,0,0
10000.0,18.42,1,0
12000.0,28.62,0,0
5000.0,3.56,6,0
5000.0,23.2,2,0
4000.0,19.07,0,0
5000.0,15.48,1,0
5000.0,34.55,3,0
14500.0,8.47,0,0
14000.0,20.96,6,0
25000.0,35.53,0,0
700.0,23.88,0,0
500.0,19.49,1,0
5000.0,15.48,0,0
5000.0,0.46,8,0
5000.0,57.1,10,0
10000.0,3.67,1,0
10000.0,44.28,1,0
15000.0,15.4,7,0
2500.0,37.66,1,0
5000.0,7.18,4,0
16000.0,40.0,2,0
2500.0,0.0,6,0
3000.0,38.1,1,0
10000.0,32.66,6,0
7500.0,20.85,1,0
2500.0,18.31,2,0
10000.0,26.82,0,0
15000.0,37.87,10,0
17000.0,5.59,0,0
10000.0,100.0,0,0
15000.0,2.55,0,0
7000.0,0.0,3,0
5000.0,20.9,7,0
3000.0,47.45,3,0
7500.0,12.6,10,0
7500.0,0.0,6,0
5500.0,0.0,0,0
500.0,23.6,0,0
1000.0,177.6,0,0
8000.0,2.62,0,0
8000.0,4.92,0,0
6000.0,0.9,3,0
5000.0,19.24,6,0
1525.0,24.47,3,0
20000.0,39.0,1,0
7500.0,21.38,0,0
2000.0,0.0,0,0
17500.0,12.41,10,0
12000.0,197.6,2,0
8000.0,24.96,8,0
8600.0,11.03,3,0
20000.0,19.4,6,0
24000.0,29.92,4,0
10000.0,25.6,10,0
7500.0,31.5,5,0
8200.0,22.85,10,0
15000.0,29.68,10,0
12000.0,0.55,2,0
2000.0,4.84,10,0
15000.0,6.52,0,0
5000.0,9.73,0,0
10000.0,1.69,0,0
20000.0,60.47,10,0
18000.0,46.6,4,0
9500.0,36.52,10,0
12450.0,7.56,10,0
10000.0,100.0,6,0
8000.0,0.0,4,0
10500.0,53.86,0,0
15000.0,11.09,10,0
7500.0,36.26,2,0
12000.0,35.38,10,0
17500.0,100.0,2,0
12000.0,12.83,1,0
21250.0,13.05,0,0
6000.0,20.52,3,0
2500.0,1.2,0,0
2000.0,101.31,2,0
7500.0,17.76,2,0
18000.0,0.0,6,0
5000.0,8.31,1,0
10000.0,0.0,7,0
15000.0,34.28,4,0
25000.0,0.0,8,0
9000.0,23.23,10,0
25000.0,21.36,2,0
25000.0,9.26,0,0
5000.0,27.35,8,0
3000.0,35.4,7,0
1500.0,1.01,8,0
1000.0,0.0,1,0
5000.0,8.16,1,0
15000.0,25.52,8,0
6000.0,6.69,1,0
1000.0,35.93,8,0
15000.0,100.0,10,0
20000.0,46.77,1,0
3500.0,9.98,1,0
7500.0,175.11,10,0
9000.0,0.0,0,0
16000.0,0.71,2,0
25000.0,62.51,1,0
4000.0,15.37,6,0
15000.0,13.32,10,0
1200.0,15.28,0,0
5000.0,5.39,0,0
8000.0,33.32,4,0
12000.0,6.89,0,0
19000.0,39.45,0,0
1500.0,13.45,10,0
11000.0,8.32,2,0
2000.0,0.0,0,0
2500.0,35.33,1,0
3500.0,0.0,2,0
1300.0,3.87,8,0
575.0,31.21,0,0
11000.0,107.26,0,0
5000.0,10.15,2,0
7000.0,11.36,2,0
10000.0,38.88,0,0
3000.0,38.12,6,0
2400.0,13.94,5,0
2000.0,15.67,3,0
1500.0,35.0,4,0
7500.0,16.83,2,0
7000.0,2.46,0,0
1000.0,15.38,2,0
5000.0,10.07,8,0
10000.0,13.52,10,0
500.0,13.39,9,0
5000.0,32.38,6,0
10000.0,35.73,4,0
5000.0,16.24,1,0
25000.0,34.2,5,0
2000.0,5.62,0,0
1500.0,0.0,0,0
8000.0,0.42,6,0
7000.0,11.44,10,0
1500.0,4.64,4,0
8000.0,4.69,8,0
25000.0,10.32,0,0
25000.0,10.64,9,0
5300.0,17.55,0,0
500.0,13.56,0,0
5000.0,0.5,3,0
20000.0,31.8,10,0
10000.0,0.0,0,0
2000.0,0.94,2,0
20000.0,25.68,2,0
6000.0,3.47,4,0
3500.0,7.82,3,0
20000.0,18.91,10,0
15000.0,100.0,10,0
8000.0,6.45,0,0
6000.0,1.08,1,0
17375.0,20.46,10,0
6000.0,11.08,0,0
15000.0,50.91,10,0
3000.0,39.44,3,0
2500.0,0.77,1,0
5000.0,3.13,8,0
6500.0,0.0,0,0
18200.0,28.36,0,0
20000.0,26.66,0,0
1500.0,23.09,0,0
8000.0,11.7,2,0
4000.0,15.89,0,0
20000.0,11.68,6,0
3500.0,0.0,2,0
10000.0,22.25,0,0
5000.0,32.98,0,0
2000.0,0.69,3,0
20000.0,72.06,0,0
10000.0,53.37,10,0
25000.0,37.15,9,0
18000.0,25.2,10,0
3000.0,5.97,0,0
7500.0,0.44,10,0
10000.0,16.59,0,0
500.0,18.8,0,0
6000.0,8.47,10,0
5000.0,62.84,10,0
25000.0,26.21,4,0
1500.0,0.72,1,0
9000.0,11.23,10,0
2500.0,10.76,5,0
1500.0,32.52,0,0
5500.0,0.0,0,0
25000.0,13.73,10,0
20000.0,0.0,9,0
20000.0,0.48,8,0
25000.0,29.04,1,0
1000.0,28.11,5,0
6500.0,0.3,6,0
5000.0,23.92,1,0
12000.0,9.36,0,0
1000.0,106.56,0,0
3000.0,0.0,0,0
7500.0,0.45,0,0
2000.0,0.0,4,0
5500.0,0.0,3,0
17000.0,1.78,5,0
3000.0,15.24,0,0
5000.0,1.07,0,0
3500.0,2.03,10,0
5000.0,50.24,2,0
5000.0,7.47,0,0
15000.0,38.95,6,0
13000.0,31.45,0,0
500.0,9.04,10,0
1300.0,2.27,1,0
16500.0,9.6,6,0
20000.0,12.91,5,0
5000.0,0.0,8,0
7000.0,13.52,2,0
20000.0,100.0,10,0
5000.0,11.52,3,0
1250.0,15.38,7,0
6000.0,18.56,10,0
20000.0,28.16,9,0
25000.0,15.19,5,0
1500.0,0.31,2,0
15000.0,6.45,2,0
15000.0,15.41,10,0
1000.0,1.42,1,0
17000.0,67.63,0,0
12000.0,0.0,10,0
10000.0,1.26,0,0
2600.0,57.52,9,0
15000.0,20.96,10,0
18500.0,80.71,1,0
18000.0,46.25,8,0
10100.0,56.43,2,0
16000.0,7.67,7,0
3000.0,0.0,1,0
2000.0,11.3,8,0
6000.0,18.7,4,0
2000.0,16.06,1,0
10000.0,0.46,2,0
1000.0,100.0,6,0
15000.0,17.84,8,0
20000.0,13.56,6,0
2000.0,28.13,0,0
15000.0,32.29,7,0
2000.0,100.34,9,0
500.0,0.0,2,0
15000.0,0.0,10,0
5000.0,9.45,0,0
500.0,6.58,4,0
3000.0,11.51,1,0
10000.0,63.02,4,0
20000.0,17.09,5,0
1000.0,0.0,1,0
7500.0,4.78,8,0
5000.0,0.0,0,0
4000.0,1.5,4,0
25000.0,27.5,1,0
1200.0,0.0,0,0
15000.0,452.47,0,0
5000.0,56.52,0,0
500.0,20.35,0,0
12000.0,22.29,10,0
6000.0,9.3,5,0
7500.0,17.5,0,0
3000.0,0.0,10,0
10000.0,9.84,3,0
2500.0,0.0,1,0
25000.0,19.18,0,0
25000.0,30.26,6,0
2300.0,2.77,5,0
25000.0,90.0,0,0
4000.0,0.0,0,0
25000.0,22.2,3,0
5000.0,100.0,6,0
8000.0,30.94,10,0
2000.0,0.0,3,0
10500.0,44.76,10,0
5000.0,22.57,1,0
16500.0,78.29,0,0
5000.0,6.16,0,0
5000.0,33.93,0,0
20000.0,19.5,0,0
2000.0,3.42,1,0
10000.0,30.63,2,0
6000.0,35.1,8,0
15000.0,31.14,0,0
15000.0,51.0,10,0
1000.0,16.21,0,0
1500.0,7.01,1,0
3000.0,2.72,0,0
10000.0,17.14,2,0
1500.0,16.75,0,0
20800.0,22.77,0,0
2500.0,48.61,0,0
5000.0,100.0,10,0
7400.0,13.07,0,0
500.0,0.0,5,0
12000.0,30.37,2,0
1000.0,10.82,1,0
17000.0,16.67,4,0
500.0,0.0,4,0
1500.0,53.26,4,0
5000.0,0.0,1,0
22000.0,42.66,10,0
15000.0,67.14,0,0
2000.0,7.83,2,0
9900.0,26.45,1,0
12000.0,8.76,5,0
4000.0,0.0,1,0
14000.0,10.51,1,0
9800.0,38.04,10,0
20000.0,4.67,6,0
1000.0,17.93,10,0
5000.0,23.15,1,0
4000.0,42.18,2,0
12000.0,0.0,10,0
3000.0,31.15,2,0
12375.0,15.43,10,0
2000.0,3.3,2,0
3000.0,15.86,4,0
16500.0,11.57,0,0
5500.0,62.2,6,0
15000.0,100.0,10,0
6500.0,15.4,6,0
15000.0,52.07,6,0
7500.0,14.43,0,0
20000.0,15.41,3,0
6000.0,0.0,0,0
6000.0,55.36,2,0
20000.0,27.72,0,0
5000.0,0.0,1,0
800.0,31.72,4,0
24000.0,14.73,2,0
6500.0,11.53,2,0
1500.0,100.0,0,0
5000.0,4.45,1,0
2000.0,8.03,10,0
1500.0,0.96,0,0
2500.0,22.32,3,0
5000.0,0.0,1,0
5000.0,21.02,9,0
8000.0,58.66,3,0
15000.0,28.31,10,0
3000.0,3.75,7,0
600.0,38.76,2,0
4000.0,14.59,1,0
2500.0,5.16,6,0
25000.0,7.3,0,0
2000.0,12.16,10,0
3500.0,100.0,0,0
2500.0,92.68,10,0
15000.0,34.78,10,0
20000.0,48.79,7,0
20000.0,108.15,10,0
3500.0,20.58,0,0
21000.0,9.14,6,0
19000.0,13.23,2,0
25000.0,20.08,0,0
3600.0,18.53,0,0
8000.0,10.08,3,0
5000.0,0.0,10,0
2500.0,16.35,1,0
15000.0,43.74,0,0
10000.0,50.08,10,0
3500.0,41.81,5,0
500.0,9.87,0,0
525.0,0.28,0,0
25000.0,32.47,5,0
500.0,0.33,0,0
9000.0,26.76,10,0
15000.0,14.43,3,0
25000.0,18.21,0,0
5000.0,30.32,5,0
7500.0,35.73,10,0
20000.0,444.75,10,0
2000.0,8.01,2,0
14000.0,20.75,2,0
2500.0,15.83,7,0
25000.0,3.36,10,0
20000.0,5.89,6,0
500.0,325.6,5,0
2500.0,21.28,10,0
1500.0,100.0,0,0
20000.0,30.9,3,0
5000.0,0.0,8,0
20000.0,24.84,10,0
5000.0,14.24,1,0
2000.0,22.52,1,0
6000.0,0.0,3,0
1500.0,18.85,10,0
7000.0,45.55,2,0
20000.0,22.48,10,0
3000.0,7.33,0,0
13000.0,14.76,4,0
5000.0,26.82,10,0
6000.0,1.44,0,0
1500.0,17.59,4,0
500.0,0.0,0,0
4000.0,7.07,0,0
500.0,26.73,5,0
6000.0,51.83,6,0
2500.0,5.42,7,0
25000.0,19.2,3,0
9500.0,16.61,10,0
20750.0,44.98,0,0
3500.0,45.39,0,0
17000.0,46.33,10,0
3500.0,6.0,1,0
1000.0,14.18,4,0
25000.0,7.85,10,0
5000.0,0.0,2,0
2000.0,87.84,0,0
3000.0,0.0,3,0
500.0,14.48,0,0
15000.0,16.67,2,0
4000.0,3.51,1,0
7000.0,37.14,10,0
10000.0,0.0,1,0
5000.0,27.48,9,0
10000.0,20.12,6,0
20000.0,11.91,10,0
800.0,3.84,1,0
4000.0,12.25,4,0
20000.0,15.36,6,0
25000.0,25.05,7,0
500.0,9.04,10,0
20000.0,100.0,4,0
500.0,19.36,4,0
6500.0,29.33,4,0
25000.0,8.2,4,0
20000.0,5.55,4,0
10000.0,23.72,2,0
20000.0,100.0,4,0
3000.0,30.16,6,0
5000.0,24.33,4,0
5000.0,41.13,4,0
12000.0,10.57,10,0
10000.0,11.82,10,0
10000.0,25.67,10,0
13000.0,64.64,0,0
3000.0,25.81,7,0
8000.0,37.84,0,0
2000.0,6.16,0,0
25000.0,68.44,0,0
14000.0,41.33,0,0
10000.0,36.75,6,0
20000.0,2.76,1,0
15000.0,18.04,4,0
5000.0,1.04,2,0
20000.0,7.08,10,0
2500.0,15.47,0,0
3500.0,22.21,1,0
1500.0,16.91,1,0
1500.0,41.52,8,0
15000.0,26.92,2,0
500.0,38.93,2,0
25000.0,13.54,10,0
2600.0,25.47,2,0
2500.0,20.64,2,0
20000.0,15.33,0,0
20000.0,36.96,1,0
8000.0,12.54,1,0
1500.0,14.22,5,0
7500.0,15.66,0,0
5000.0,13.48,1,0
8000.0,33.65,3,0
4000.0,9.6,0,0
6100.0,7.52,9,0
23000.0,17.5,1,0
10000.0,14.98,1,0
2000.0,2.47,1,0
15000.0,30.02,10,0
2500.0,14.07,1,0
5000.0,14.81,0,0
8000.0,470.4,0,0
20000.0,5.7,1,0
1000.0,19.61,0,0
3000.0,2.0,10,0
10000.0,24.82,0,0
6500.0,27.04,7,0
5000.0,4.19,1,0
500.0,25.96,1,0
25000.0,47.69,10,0
1500.0,0.0,0,0
25000.0,10.4,10,0
20000.0,46.92,0,0
12000.0,36.0,6,0
3000.0,66.07,2,0
21000.0,15.53,4,0
3000.0,6.2,8,0
10000.0,36.65,5,0
7000.0,13.52,7,0
4000.0,40.05,0,0
8000.0,23.74,10,0
8000.0,40.75,10,0
5000.0,3.87,2,0
10000.0,46.58,3,0
1500.0,2.5,0,0
15000.0,0.0,2,0
1500.0,14.58,5,0
10000.0,0.0,0,0
2000.0,0.0,4,0
9800.0,15.66,3,0
1000.0,40.89,2,0
21000.0,0.0,0,0
2000.0,4.98,0,0
6000.0,9.4,0,0
10000.0,0.84,5,0
15000.0,26.35,3,0
10000.0,19.48,0,0
15000.0,15.57,1,0
20000.0,39.68,0,0
22650.58,24.78,4,0
2500.0,28.07,1,0
12000.0,100.0,8,0
25000.0,14.73,3,0
5000.0,0.59,3,0
10000.0,4.8,2,0
700.0,12.59,0,0
2450.0,10.67,0,0
7500.0,19.72,4,0
3000.0,17.43,0,0
3000.0,0.0,10,0
7000.0,2.4,1,0
7000.0,0.0,2,0
6000.0,8.82,8,0
4000.0,12.0,2,0
9000.0,3.58,0,0
5500.0,1.46,3,0
8000.0,100.0,6,0
3000.0,100.0,1,0
20000.0,26.71,10,0
5000.0,17.46,10,0
2500.0,22.54,10,0
7000.0,1.3,8,0
500.0,10.39,4,0
11000.0,31.22,0,0
15000.0,100.0,6,0
20000.0,300.42,5,0
4000.0,2.2,0,0
10000.0,39.8,5,0
15000.0,43.0,0,0
2800.0,0.0,6,0
1000.0,18.36,10,0
3000.0,0.0,4,0
3500.0,8.65,9,0
1500.0,1.5,0,0
8500.0,8.36,0,0
25000.0,12.62,10,0
5000.0,2.4,4,0
25000.0,2.23,2,0
2000.0,9.33,3,0
7000.0,0.0,2,0
3500.0,14.7,2,0
3000.0,7.3,1,0
5000.0,6.46,1,0
5000.0,32.68,6,0
4500.0,36.37,0,0
22500.0,13.73,2,0
17500.0,25.67,10,0
9000.0,100.0,10,0
3000.0,12.48,8,0
1500.0,43.05,6,0
15000.0,28.61,7,0
14000.0,39.5,8,0
10000.0,19.34,7,0
5000.0,147.6,0,0
5000.0,58.0,0,0
3000.0,30.18,1,0
15000.0,20.35,5,0
15000.0,39.78,10,0
5000.0,29.6,2,0
5000.0,0.0,0,0
2000.0,9.7,3,0
2300.0,5.68,0,0
2500.0,37.71,2,0
20000.0,45.99,4,0
800.0,0.0,1,0
20000.0,11.21,1,0
4500.0,22.8,9,0
2500.0,24.19,2,0
4500.0,15.1,5,0
20000.0,2.11,2,0
5000.0,9.12,10,0
10000.0,0.0,0,0
9500.0,3.07,4,0
5000.0,0.36,9,0
3000.0,0.0,5,0
6000.0,100.0,2,0
15000.0,26.08,4,0
10000.0,34.5,0,0
2500.0,0.0,1,0
7200.0,12.16,5,0
2000.0,8.79,3,0
15000.0,28.0,10,0
2700.0,18.01,6,0
10000.0,13.68,0,0
1500.0,39.76,10,0
4000.0,14.66,2,0
10000.0,13.16,10,0
10000.0,100.0,4,0
18500.0,100.0,10,0
11000.0,0.0,0,0
25000.0,8.64,7,0
10000.0,0.57,5,0
7000.0,9.39,0,0
3000.0,100.0,2,0
15000.0,97.83,0,0
8000.0,29.08,2,0
2000.0,4.95,0,0
5000.0,21.57,2,0
7000.0,3.94,1,0
3000.0,0.51,0,0
5000.0,84.12,1,0
25000.0,25.84,0,0
25000.0,54.73,10,0
10000.0,0.0,0,0
4000.0,2.68,1,0
15000.0,42.36,10,0
5000.0,0.0,4,0
15000.0,16.28,3,0
16400.0,39.71,0,0
500.0,22.27,0,0
2500.0,6.72,10,0
2500.0,22.25,4,0
16000.0,8.09,0,0
2500.0,0.0,2,0
6500.0,22.35,2,0
1500.0,8.22,0,0
3500.0,0.0,4,0
5000.0,28.15,1,0
20000.0,40.06,6,0
6000.0,5.7,6,0
2000.0,0.0,4,0
4000.0,30.23,4,0
10000.0,4.71,10,0
15000.0,25.91,1,0
2800.0,30.0,6,0
12000.0,18.78,10,0
10000.0,25.74,1,0
20000.0,35.71,7,0
12000.0,5.86,5,0
8500.0,33.75,0,0
8000.0,0.68,6,0
1000.0,1.23,0,0
5000.0,0.0,7,0
15000.0,25.58,5,0
3500.0,19.86,1,0
10000.0,13.2,0,0
20000.0,120.46,4,0
10000.0,37.9,10,0
7000.0,9.02,8,0
1000.0,16.5,0,0
3000.0,0.0,0,0
2500.0,10.3,0,0
3000.0,1.11,7,0
20000.0,8.32,1,0
20000.0,11.24,4,0
5000.0,2.09,2,0
6000.0,12.64,4,0
7000.0,15.11,2,0
9600.0,11.37,7,0
10000.0,3.45,10,0
10500.0,1.91,2,0
10000.0,0.0,10,0
16000.0,12.38,1,0
5000.0,3.67,9,0
20500.0,15.23,0,0
8000.0,25.06,5,0
2000.0,16.39,3,0
2000.0,1.71,7,0
5000.0,2.07,2,0
10000.0,100.0,6,0
20000.0,58.14,4,0
20000.0,31.44,4,0
5000.0,29.13,2,0
500.0,29.58,2,0
2000.0,15.99,10,0
2500.0,45.29,0,0
8000.0,2.66,1,0
3000.0,19.86,2,0
25000.0,20.77,0,0
15000.0,19.67,4,0
15000.0,2.15,7,0
5000.0,38.09,3,0
7500.0,23.76,2,0
9000.0,117.42,1,0
1500.0,25.5,1,0
500.0,0.0,0,0
4000.0,21.24,0,0
15000.0,28.77,10,0
3000.0,3.2,0,0
1500.0,37.13,10,0
5500.0,34.17,1,0
2000.0,39.02,6,0
7800.0,66.34,2,0
20000.0,8.16,2,0
5000.0,0.34,5,0
25000.0,0.0,5,0
8000.0,6.32,0,0
20000.0,15.79,1,0
1600.0,55.8,1,0
6000.0,11.27,2,0
25000.0,40.1,1,0
10000.0,16.05,0,0
20000.0,28.44,0,0
8000.0,10.94,1,0
1000.0,18.66,1,0
20000.0,100.0,10,0
20000.0,2.56,10,0
5750.0,22.52,1,0
25000.0,0.42,4,0
8500.0,0.61,0,0
500.0,32.89,2,0
6000.0,35.71,5,0
2500.0,27.16,7,0
3000.0,22.05,2,0
11000.0,4.53,6,0
8000.0,32.14,1,0
2000.0,100.0,4,0
2000.0,20.19,10,0
25000.0,15.2,0,0
10000.0,6.39,1,0
7500.0,17.37,4,0
25000.0,2.78,3,0
1300.0,0.0,5,0
25000.0,20.92,2,0
25000.0,0.0,4,0
3000.0,19.37,2,0
10000.0,15.53,4,0
5000.0,8.07,10,0
6000.0,21.27,3,0
5000.0,19.5,1,0
12000.0,19.79,1,0
10000.0,3.88,2,0
500.0,32.17,0,0
18000.0,27.44,10,0
10000.0,25.23,6,0
20000.0,27.84,1,0
3000.0,15.63,3,0
5500.0,0.0,0,0
5000.0,26.9,10,0
5000.0,0.67,2,0
500.0,4.43,0,0
5500.0,0.0,0,0
500.0,27.86,1,0
6500.0,0.0,1,0
25000.0,15.99,1,0
14000.0,36.37,10,0
15000.0,42.71,10,0
20000.0,33.79,1,0
2525.0,0.0,2,0
3700.0,0.5,1,0
20000.0,44.35,2,0
7000.0,1.43,4,0
16000.0,22.22,6,0
2500.0,9.21,0,0
5500.0,0.0,1,0
12000.0,55.76,0,0
500.0,0.0,0,0
18000.0,6.21,2,0
3500.0,0.0,3,0
3000.0,13.82,0,0
1500.0,29.13,10,0
17500.0,24.9,10,0
12000.0,14.68,6,0
5500.0,69.2,4,0
10000.0,0.84,0,0
10000.0,23.9,4,0
5000.0,14.13,3,0
15000.0,16.67,2,0
10000.0,0.6,0,0
2200.0,0.0,0,0
12000.0,41.8,2,0
5000.0,12.43,3,0
25000.0,22.32,0,0
8000.0,20.73,0,0
20000.0,27.03,10,0
5000.0,8.51,1,0
20000.0,45.6,0,0
12000.0,10.92,0,0
5000.0,6.52,0,0
3100.0,33.79,2,0
3500.0,2.87,4,0
3500.0,2.4,0,0
22000.0,38.7,4,0
3900.0,8.17,0,0
15000.0,31.38,1,0
5000.0,18.91,7,0
10000.0,28.47,9,0
4500.0,100.0,10,0
4000.0,14.88,10,0
20000.0,10.57,10,0
6000.0,12.95,10,0
8500.0,100.0,4,0
10000.0,100.0,10,0
6500.0,14.01,10,0
6000.0,15.84,1,0
20000.0,42.61,0,0
3000.0,22.79,0,0
3000.0,20.28,10,0
10000.0,100.0,10,0
15000.0,64.08,4,0
20000.0,31.87,2,0
2000.0,22.93,6,0
1000.0,0.0,10,0
3500.0,3.77,1,0
500.0,22.86,2,0
20000.0,0.42,4,0
12000.0,26.67,10,0
5000.0,8.02,1,0
8500.0,17.11,10,0
10000.0,42.35,7,0
5000.0,6.0,0,0
7000.0,32.17,2,0
4000.0,625200.0,2,0
1000.0,8.57,1,0
14500.0,16.75,6,0
1500.0,62.4,3,0
7000.0,0.0,8,0
5000.0,14.85,0,0
10000.0,13.67,0,0
3000.0,17.3,6,0
500.0,0.0,1,0
15000.0,33.33,1,0
4000.0,19.02,0,0
12000.0,25.97,10,0
2000.0,0.0,0,0
20000.0,8.7,7,0
2500.0,0.77,2,0
15000.0,7.73,6,0
5000.0,5.38,7,0
25000.0,6.01,2,0
5500.0,1.25,1,0
5000.0,6.16,2,0
10000.0,13.2,10,0
5000.0,24.86,0,0
25000.0,11.01,4,0
2000.0,2.5,0,0
12500.0,20.65,10,0
2000.0,19.95,6,0
25000.0,18.69,6,0
15000.0,2.01,10,0
21000.0,10.82,10,0
23000.0,2.21,1,0
2000.0,0.0,10,0
7500.0,15.54,3,0
3000.0,100.0,10,0
1500.0,3.59,0,0
20000.0,41.08,3,0
10000.0,11.64,1,0
12000.0,29.33,4,0
10000.0,0.0,1,0
1200.0,12.06,10,0
3000.0,22.58,3,0
3000.0,16.0,10,0
2000.0,1.43,1,0
2000.0,0.0,1,0
2000.0,25.05,0,0
20000.0,42.4,1,0
25000.0,77.88,10,0
20000.0,33.34,0,0
1000.0,0.0,4,0
9000.0,15.11,6,0
5000.0,0.4,5,0
20000.0,37.35,2,0
10000.0,2.07,9,0
1500.0,0.26,7,0
10000.0,17.35,1,0
5000.0,18.38,10,0
5000.0,11.62,1,0
5000.0,25.56,10,0
500.0,0.0,0,0
1500.0,24.89,1,0
5500.0,1.2,0,0
25000.0,50.34,4,0
23000.0,27.53,4,0
18000.0,13.78,4,0
7000.0,103.66,0,0
25000.0,3.88,0,0
12000.0,2.55,1,0
5500.0,15.0,5,0
24000.0,11.5,1,0
16000.0,17.36,10,0
20000.0,9.59,10,0
23000.0,0.0,0,0
3000.0,5.04,1,0
2000.0,53.04,1,0
8000.0,9.56,10,0
8000.0,6.56,3,0
20000.0,28.47,1,0
20000.0,37.49,10,0
10000.0,34.12,10,0
20000.0,2.74,2,0
500.0,0.0,0,0
1500.0,14.4,0,0
700.0,6.86,5,0
20000.0,16.33,10,0
14000.0,100.0,4,0
9000.0,25.62,5,0
2000.0,18.09,4,0
5500.0,13.91,0,0
500.0,0.0,0,0
6500.0,0.83,4,0
5000.0,5.0,6,0
4800.0,9.2,3,0
1000.0,1.5,1,0
10000.0,29.08,9,0
25000.0,28.54,2,0
15000.0,24.04,1,0
20000.0,0.0,10,0
15000.0,26.83,3,0
20000.0,0.0,1,0
5000.0,0.0,3,0
25000.0,14.85,1,0
500.0,0.0,0,0
2000.0,2.84,3,0
1000.0,0.0,0,0
16000.0,25.08,4,0
1600.0,15.2,0,0
10000.0,39.0,10,0
25000.0,321.92,8,0
20825.0,7.11,10,0
3500.0,2.0,4,0
2000.0,76.94,1,0
8000.0,100.0,10,0
900.0,11.12,0,0
9500.0,100.0,1,0
10000.0,39.47,2,0
5000.0,1.23,5,0
5000.0,6.01,4,0
5000.0,120.17,0,0
11000.0,0.0,0,0
3000.0,3.3,8,0
5000.0,1.17,10,0
6000.0,18.19,2,0
20000.0,100.0,10,0
10000.0,6.24,5,0
15000.0,0.0,0,0
3000.0,49.4,0,0
12000.0,23.15,3,0
15000.0,1.68,8,0
8000.0,6.85,0,0
5000.0,5.63,0,0
25000.0,10.21,5,0
25000.0,5.14,10,0
5000.0,0.0,7,0
20000.0,10.15,0,0
8000.0,0.95,1,0
15000.0,49.42,10,0
4000.0,180000.0,0,0
5000.0,2.93,0,0
20000.0,16.86,6,0
10000.0,52.87,5,0
25000.0,28.38,10,0
1700.0,8.94,6,0
9500.0,7.38,3,0
500.0,247.2,0,0
15000.0,21.5,4,0
3000.0,2.5,1,0
17000.0,24.35,10,0
11200.0,7.71,1,0
9400.0,34.92,2,0
3000.0,37.8,0,0
2000.0,13.26,3,0
10000.0,5.0,0,0
3000.0,0.0,3,0
1500.0,1.0,0,0
15000.0,16.45,10,0
10000.0,24.81,0,0
25000.0,6.71,4,0
500.0,23.79,2,0
18000.0,37.27,1,0
13000.0,20.43,10,0
4700.0,28.13,0,0
20000.0,50.29,8,0
10000.0,0.0,0,0
15000.0,17.26,10,0
3500.0,0.0,0,0
5000.0,24.72,1,0
20000.0,16.17,6,0
25000.0,11.45,1,0
10000.0,0.0,7,0
7000.0,35.23,4,0
6000.0,9.96,0,0
15000.0,8.72,1,0
8000.0,17.88,1,0
25000.0,10.24,3,0
8000.0,22.22,4,0
11000.0,17.14,10,0
3000.0,9.87,1,0
3000.0,0.0,1,0
3500.0,24.72,0,0
20000.0,24.61,10,0
15000.0,19.44,1,0
11000.0,4.3,2,0
1500.0,7.91,0,0
800.0,33.36,2,0
17814.0,31.63,10,0
25000.0,13.48,1,0
2000.0,0.0,10,0
12000.0,5.52,6,0
4000.0,19.04,1,0
7500.0,23.42,6,0
20000.0,16.7,10,0
2000.0,7.35,5,0
500.0,0.0,0,0
2500.0,3.11,6,0
7000.0,35.39,10,0
1500.0,1.97,10,0
20000.0,8.69,2,0
10000.0,37.96,8,0
3000.0,1963.04,2,0
15000.0,41.84,8,0
3000.0,56.29,4,0
15000.0,0.0,9,0
10000.0,28.1,10,0
17480.0,1.33,10,0
2500.0,29.73,3,0
3000.0,12.76,1,0
5000.0,0.0,2,0
2000.0,11.22,2,0
10000.0,0.6,1,0
5000.0,10.68,1,0
25000.0,1.63,2,0
6000.0,37.25,2,0
5000.0,14.51,0,0
7000.0,21.53,0,0
5000.0,0.0,1,0
1500.0,4.97,10,0
10000.0,40.7,10,0
10000.0,13.27,1,0
4500.0,26.73,2,0
5000.0,17.06,10,0
7000.0,14.22,1,0
10000.0,29.06,2,0
25000.0,0.93,1,0
5000.0,31.18,10,0
3000.0,14.76,10,0
10000.0,14.96,7,0
8000.0,32.4,8,0
20000.0,100.0,8,0
19000.0,21.46,10,0
7500.0,22.18,1,0
22000.0,100.0,10,0
10000.0,0.0,1,0
2000.0,5.49,2,0
25000.0,20.3,10,0
10000.0,2.57,1,0
17000.0,19.58,3,0
15000.0,44.32,0,0
2800.0,1.67,5,0
500.0,0.0,0,0
10000.0,0.0,1,0
10000.0,13.41,4,0
4000.0,2.86,2,0
10000.0,26.34,10,0
10000.0,23.17,5,0
9000.0,35.61,0,0
500.0,8.33,2,0
20000.0,0.33,0,0
3500.0,0.47,1,0
5000.0,32.67,4,0
10000.0,19.22,10,0
5000.0,25.05,4,0
10000.0,20.19,4,0
10000.0,38.63,6,0
3000.0,22.3,10,0
1500.0,0.0,1,0
500.0,91.46,0,0
15000.0,49.47,9,0
5000.0,6.97,10,0
17000.0,100.0,10,0
18200.0,8.77,2,0
17000.0,20.38,8,0
12000.0,27.32,0,0
2000.0,65.11,10,0
5000.0,50.5,5,0
2500.0,9.0,3,0
10000.0,28.84,1,0
18000.0,0.0,0,0
12000.0,13.13,10,0
4000.0,24.79,1,0
3000.0,47.76,2,0
15000.0,100.0,4,0
3000.0,32.51,0,0
12000.0,22.07,2,0
13500.0,26.63,1,0
2000.0,35.92,0,0
5000.0,18.97,0,0
5000.0,25.4,1,0
10000.0,34.37,7,0
21000.0,18.91,6,0
10000.0,100.0,5,0
12000.0,20.17,0,0
8000.0,0.52,8,0
3000.0,0.0,6,0
5000.0,24.16,2,0
6000.0,12.19,1,0
1000.0,2.35,6,0
2500.0,21.02,1,0
3000.0,0.0,3,0
1500.0,23.39,4,0
25000.0,10.7,9,0
7400.0,24.58,6,0
3800.0,42.33,0,0
3600.0,0.0,0,0
3000.0,28.05,3,0
7500.0,10.23,4,0
16000.0,34.5,2,0
7000.0,14.35,0,0
2000.0,100.0,6,0
17000.0,27.6,9,0
1500.0,42.91,0,0
25000.0,0.0,5,0
25000.0,21.15,5,0
20000.0,16.21,10,0
2400.0,19.78,10,0
14000.0,19.87,0,0
6000.0,1.81,0,0
25000.0,21.32,0,0
20000.0,20.12,1,0
7500.0,2.48,1,0
5000.0,13.92,2,0
3000.0,54.6,0,0
500.0,0.0,0,0
5000.0,3.1,0,0
2500.0,22.85,0,0
500.0,14.54,2,0
6000.0,0.43,10,0
22000.0,100.0,6,0
9000.0,14.49,6,0
9000.0,15.22,1,0
2000.0,0.0,6,0
10000.0,26.28,0,0
2500.0,1.15,8,0
25000.0,21.25,2,0
7500.0,3.77,4,0
10000.0,20.88,6,0
6500.0,38.6,10,0
25000.0,6.1,10,0
3000.0,27.91,7,0
2200.0,33.66,10,0
2500.0,61.76,4,0
5000.0,15.21,0,0
15000.0,100.0,2,0
17000.0,36.91,0,0
14000.0,35.09,2,0
5000.0,0.0,1,0
15000.0,24.69,2,0
500.0,26.23,0,0
10000.0,4.11,4,0
6500.0,31.12,2,0
6800.0,23.37,0,0
500.0,0.0,1,0
10000.0,62.32,4,0
13500.0,0.0,2,0
2500.0,25.07,4,0
25000.0,0.0,3,0
2000.0,2.86,1,0
7000.0,13.34,5,0
21000.0,41.93,10,0
7500.0,13.94,10,0
5000.0,22.36,0,0
1000.0,11.06,7,0
15000.0,0.41,6,0
2000.0,23.19,4,0
4000.0,9.35,9,0
800.0,12.09,2,0
2500.0,13.5,1,0
5000.0,0.0,5,0
14000.0,47.62,7,0
1000.0,0.0,10,0
500.0,0.0,1,0
7000.0,9.32,6,0
13604.0,19.47,3,0
15000.0,49.13,10,0
7500.0,4.66,10,0
25000.0,39.89,2,0
2000.0,9.55,10,0
1500.0,15.02,10,0
1250.0,36.0,2,0
5000.0,0.0,0,0
2500.0,3.27,0,0
2000.0,35.09,2,0
5000.0,21.63,6,0
5000.0,100.0,2,0
5000.0,19.55,0,0
25000.0,6.6,10,0
500.0,27.47,0,0
5000.0,19.47,7,0
13500.0,0.8,0,0
8175.0,2.82,5,0
8000.0,0.0,0,0
2100.0,101.27,0,0
25000.0,0.97,2,0
6000.0,3.75,1,0
24000.0,0.84,2,0
12000.0,0.78,1,0
3000.0,11.61,10,0
10800.0,122.18,0,0
18000.0,17.93,3,0
2000.0,36.2,6,0
12000.0,41.21,4,0
10000.0,32.41,2,0
15000.0,14.03,1,0
600.0,5.52,4,0
15000.0,101.5,0,0
550.0,0.0,2,0
15000.0,100.0,10,0
20000.0,27.8,4,0
3000.0,20.16,5,0
25000.0,42.48,10,0
12000.0,2.39,8,0
25000.0,0.69,4,0
15000.0,32.18,1,0
5000.0,3626400.0,0,0
7000.0,15.87,2,0
20000.0,9.64,6,0
2000.0,16.67,0,0
1000.0,17.11,2,0
12000.0,34.17,10,0
5000.0,100.0,4,0
1500.0,0.77,1,0
5000.0,37.88,10,0
3000.0,15.55,7,0
25000.0,33.17,6,0
11500.0,45.62,1,0
2000.0,6.13,1,0
1000.0,0.0,10,0
5000.0,16.6,10,0
500.0,0.0,0,0
10000.0,12.12,1,0
10000.0,0.0,10,0
10000.0,8.8,0,0
2500.0,0.0,10,0
10000.0,100.0,0,0
3500.0,8.08,10,0
1500.0,8.0,0,0
15000.0,24.29,6,0
11000.0,100.0,2,0
10000.0,19.44,10,0
3000.0,1.38,2,0
1000.0,0.0,9,0
15000.0,26.5,0,0
10000.0,2.42,7,0
3000.0,0.0,1,0
5000.0,4.19,10,0
2600.0,65.32,0,0
2000.0,26.36,10,0
1500.0,0.0,0,0
2000.0,45.45,0,0
1500.0,42.98,10,0
1000.0,9.28,3,0
2500.0,4.66,1,0
15000.0,0.42,6,0
15000.0,15.73,2,0
3000.0,38.86,10,0
7500.0,19.98,0,0
1000.0,3.42,0,0
5000.0,31.53,7,0
8000.0,1.12,0,0
3100.0,48.0,10,0
7500.0,29.26,3,0
2000.0,0.0,4,0
7000.0,100.0,2,0
3000.0,0.0,3,0
11000.0,92.77,3,0
1000.0,7.98,2,0
2000.0,0.0,1,0
5000.0,9.88,1,0
2500.0,4.6,10,0
10000.0,2.91,0,0
12750.0,15.74,3,0
20000.0,100.0,1,0
1700.0,14.46,0,0
1500.0,0.63,10,0
11000.0,56.8,4,0
4000.0,14.76,1,0
4250.0,11.6,2,0
20000.0,6.33,3,0
500.0,0.0,2,0
7800.0,28.34,4,0
12000.0,18.53,0,0
500.0,10.91,1,0
6000.0,14.85,8,0
5000.0,0.65,3,0
5000.0,100.0,10,0
25000.0,41.84,8,0
7000.0,23.63,9,0
14000.0,22.42,1,0
18000.0,13.76,2,0
17000.0,100.0,10,0
6300.0,28.01,10,0
20000.0,28.47,10,0
6500.0,12.66,1,0
24500.0,2.71,2,0
19000.0,21.66,10,0
8000.0,0.0,4,0
3000.0,6.78,4,0
2000.0,2.85,0,0
19275.0,2.2,3,0
20000.0,100.0,10,0
2500.0,4.44,5,0
2000.0,22.17,4,0
21000.0,29.41,4,0
2500.0,0.0,1,0
3000.0,20.05,1,0
25000.0,15.44,10,0
18500.0,12.13,1,0
500.0,0.0,0,0
2500.0,17.95,1,0
1500.0,19.54,7,0
4000.0,8.2,0,0
3200.0,28.97,1,0
2500.0,0.0,0,0
15000.0,54.96,10,0
3000.0,60.94,10,0
500.0,4.5,0,0
20000.0,34.4,4,0
25000.0,0.0,10,0
12000.0,39.78,10,0
2000.0,5.27,2,0
5000.0,15.6,2,0
10000.0,23.83,10,0
6000.0,19.12,2,0
5000.0,1.5,2,0
7000.0,0.0,0,0
5000.0,31.6,9,0
8000.0,0.0,0,0
10000.0,17.82,3,0
10000.0,0.0,2,0
25000.0,15.1,5,0
25000.0,10.98,3,0
1500.0,13.52,4,0
15000.0,1.8,1,0
2000.0,0.0,4,0
20000.0,7.95,0,0
5000.0,0.0,10,0
10000.0,18.6,0,0
10000.0,24.46,0,0
10000.0,4.52,0,0
7500.0,29.66,2,0
1300.0,0.92,0,0
15000.0,5.33,0,0
5500.0,0.0,1,0
2000.0,0.0,0,0
6000.0,13.73,10,0
10000.0,17.58,4,0
9000.0,12.94,1,0
10000.0,50.8,0,0
6000.0,0.61,10,0
1000.0,0.0,9,0
2500.0,18.12,0,0
3000.0,46.49,0,0
5000.0,9.0,0,0
3000.0,14.67,0,0
5000.0,4.25,10,0
7200.0,8.95,2,0
6000.0,3.13,1,0
17000.0,31.43,6,0
6000.0,0.55,1,0
20825.0,8.49,4,0
19000.0,22.54,3,0
25000.0,10.3,2,0
10000.0,11.78,8,0
1500.0,0.55,0,0
700.0,43.84,0,0
2000.0,0.0,2,0
500.0,0.0,2,0
10000.0,0.0,5,0
3000.0,0.95,3,0
5000.0,21.12,0,0
15000.0,9.38,0,0
1000.0,25.0,0,0
10000.0,105.47,2,0
25000.0,22.06,5,0
20000.0,15.68,1,0
8000.0,15.11,5,0
10000.0,15.75,10,0
15000.0,12.59,10,0
14000.0,24.85,4,0
10000.0,30.41,8,0
25000.0,89.02,10,0
3000.0,22.03,0,0
7000.0,22.04,1,0
11150.0,27.64,0,0
500.0,22.82,0,0
2500.0,29.89,0,0
25000.0,17.77,3,0
20000.0,6.28,2,0
10000.0,48.87,3,0
2000.0,22.91,4,0
3000.0,2.75,7,0
10500.0,26.81,10,0
15000.0,26.39,0,0
9000.0,11.53,2,0
20000.0,38.19,0,0
4800.0,0.83,10,0
12000.0,32.09,1,0
3000.0,32.46,2,0
4500.0,17.71,1,0
25000.0,45.05,1,0
18000.0,13.73,3,0
10000.0,3.37,0,0
7500.0,13.25,0,0
20000.0,31.05,4,0
10000.0,0.0,10,0
1500.0,0.0,0,0
14000.0,31.63,10,0
8000.0,9.46,0,0
22000.0,34.45,2,0
12000.0,32.46,3,0
18000.0,26.41,5,0
18300.0,24.76,0,0
8000.0,23.25,10,0
20000.0,95.2,2,0
500.0,12.56,6,0
5000.0,35.12,2,0
13000.0,29.93,1,0
5000.0,27.93,0,0
15000.0,18.38,2,0
1000.0,18.94,3,0
1500.0,12.98,2,0
15000.0,17.66,10,0
20000.0,15.94,8,0
10000.0,31.0,5,0
6000.0,0.0,10,0
23000.0,80.9,10,0
25000.0,0.28,3,0
11000.0,100.0,4,0
5000.0,1.0,4,0
20000.0,27.68,4,0
25000.0,15.65,2,0
1500.0,13.68,0,0
6000.0,1.89,3,0
2000.0,0.24,0,0
20000.0,1.43,0,0
1000.0,0.0,1,0
3000.0,18.89,1,0
1000.0,10.14,6,0
5000.0,13.2,5,0
10000.0,8.54,10,0
5000.0,5.44,2,0
3000.0,28.24,7,0
2500.0,59.42,2,0
15000.0,31.92,9,0
10000.0,0.0,0,0
20000.0,25.49,4,0
20000.0,23.59,0,0
10000.0,31.5,4,0
1600.0,0.0,0,0
5500.0,9.3,10,0
8230.0,37.52,0,0
19000.0,5.76,1,0
8000.0,24.05,0,0
3000.0,11.88,0,0
15000.0,20.21,0,0
10000.0,17.23,0,0
25000.0,31.99,1,0
8000.0,5.77,2,0
4000.0,3.34,1,0
5000.0,0.0,1,0
5000.0,13.93,10,0
11500.0,41.52,8,0
15000.0,4.43,10,0
2000.0,4.5,3,0
21000.0,62.03,6,0
23000.0,21.15,2,0
4000.0,18.45,8,0
7500.0,0.0,1,0
11135.0,100.0,6,0
25000.0,0.0,2,0
2500.0,14.22,0,0
25000.0,47.74,10,0
500.0,0.34,1,0
8000.0,4.1,1,0
23000.0,10.34,7,0
4000.0,0.0,0,0
3500.0,0.0,2,0
4000.0,7.59,0,0
1500.0,14.26,4,0
5000.0,34.65,2,0
10000.0,0.0,0,0
5000.0,13.3,10,0
10000.0,7.07,10,0
15000.0,12.3,2,0
3000.0,13.84,2,0
7500.0,14.24,6,0
1500.0,0.77,4,0
1000.0,45.21,0,0
12000.0,0.0,10,0
8489.0,25.84,2,0
15000.0,6.12,2,0
20000.0,24.14,1,0
10000.0,0.0,4,0
16000.0,100.0,0,0
11000.0,8.82,4,0
1000.0,41.32,10,0
20825.0,8.32,9,0
10000.0,46.68,1,0
7500.0,0.0,1,0
9525.0,45.88,0,0
15000.0,4.86,9,0
10000.0,48.0,0,0
3500.0,8.45,0,0
25000.0,0.0,6,0
20000.0,33.99,2,0
16000.0,16.56,0,0
2500.0,2.57,1,0
3000.0,30.6,0,0
5000.0,0.0,0,0
20000.0,38.24,1,0
1000.0,2.47,2,0
25000.0,3.02,10,0
20000.0,17.83,0,0
13000.0,20.28,0,0
15000.0,22.95,6,0
20000.0,19.59,10,0
9000.0,13.76,9,0
6000.0,21.3,6,0
20000.0,6.7,4,0
6000.0,0.46,2,0
5000.0,15.86,4,0
1900.0,0.5,4,0
22000.0,18.97,1,0
11000.0,0.0,3,0
1000.0,11.28,0,0
10000.0,31.41,1,0
22500.0,51.5,4,0
16700.0,21.65,10,0
1000.0,14.69,0,0
8000.0,22.62,3,0
1500.0,32.4,10,0
20000.0,100.0,4,0
18000.0,7.55,10,0
2000.0,12.66,0,0
17000.0,20.31,4,0
19084.0,77.25,2,0
10000.0,14.83,1,0
800.0,19.43,0,0
6000.0,0.0,0,0
2500.0,12.07,2,0
20000.0,18.81,0,0
1500.0,0.0,10,0
4500.0,27.84,0,0
15000.0,37.51,0,0
15000.0,4.24,10,0
15000.0,17.6,1,0
15000.0,1.61,0,0
17250.0,23.7,2,0
24000.0,25.21,5,0
10000.0,14.77,10,0
4000.0,5.86,5,0
3000.0,18.04,0,0
2500.0,18.93,2,0
8000.0,46.44,10,0
3000.0,9.33,4,0
5000.0,15.48,4,0
20000.0,28.94,4,0
2500.0,22.64,4,0
10000.0,32.62,10,0
5000.0,6.13,10,0
10000.0,2.21,0,0
15000.0,84.65,10,0
15000.0,11.08,7,0
20000.0,18.22,8,0
1500.0,29.09,2,0
15000.0,1.05,10,0
3000.0,21.47,9,0
25000.0,19.99,3,0
4000.0,26.1,2,0
5000.0,16.92,0,0
15000.0,23.9,2,0
6000.0,24.03,10,0
25000.0,8.15,2,0
7600.0,0.0,1,0
2000.0,9.63,3,0
1300.0,0.0,4,0
15000.0,22.25,10,0
7500.0,101.24,1,0
1500.0,14.48,0,0
1500.0,1.99,0,0
10000.0,36.91,10,0
5500.0,9.36,1,0
1500.0,0.0,3,0
1000.0,23.65,2,0
13000.0,21.47,2,0
15000.0,100.0,0,0
15000.0,18.7,8,0
20000.0,14.31,4,0
10000.0,100.0,4,0
10000.0,0.48,4,0
20000.0,37.59,6,0
16000.0,8.01,10,0
25000.0,0.0,1,0
25000.0,0.0,1,0
24750.0,14.31,3,0
3000.0,78.48,0,0
25000.0,7.53,10,0
5000.0,43.88,2,0
5000.0,11.17,2,0
6000.0,25.65,9,0
10000.0,29.24,10,0
1000.0,0.0,1,0
2000.0,28.25,0,0
25000.0,25.5,0,0
14000.0,13.07,8,0
8000.0,3.47,10,0
14000.0,7.99,10,0
15000.0,100.0,1,0
12000.0,8.8,10,0
2500.0,1.33,0,0
5000.0,1.27,10,0
20000.0,59.28,10,0
5000.0,18.12,4,0
20000.0,37.86,3,0
10000.0,43.13,4,0
8000.0,100.0,10,0
3000.0,8.06,6,0
20000.0,21.69,0,0
10000.0,100.0,8,0
2500.0,6.39,10,0
3000.0,8.51,4,0
15000.0,26.93,10,0
17000.0,23.88,2,0
10000.0,28.16,3,0
500.0,63.31,10,0
4000.0,3.21,1,0
11000.0,31.08,5,0
7000.0,100.0,0,0
20000.0,51.58,10,0
21000.0,5.58,7,0
500.0,2.73,10,0
16000.0,38.4,1,0
5000.0,18.51,0,0
8000.0,0.0,1,0
1000.0,28.04,1,0
20000.0,21.16,1,0
10800.0,3.6,10,0
8000.0,2.31,3,0
2000.0,4.87,2,0
19500.0,27.04,8,0
12000.0,45.42,1,0
8975.0,14.83,0,0
6000.0,0.0,6,0
15000.0,10.96,2,0
6000.0,100.0,6,0
5000.0,12.5,1,0
1500.0,11.2,0,0
14000.0,13.75,2,0
500.0,0.59,5,0
15000.0,4.18,0,0
20000.0,100.0,2,0
15000.0,14.34,6,0
20000.0,42.87,1,0
2000.0,23.05,10,0
8000.0,22.27,3,0
5000.0,28.53,10,0
1900.0,31.69,3,0
3500.0,6.58,4,0
3000.0,22.15,10,0
20050.0,20.69,1,0
12000.0,40.45,10,0
2500.0,18.43,10,0
3500.0,4.0,0,0
25000.0,26.23,10,0
17000.0,20.02,3,0
8000.0,13.43,6,0
3000.0,100.0,1,0
10000.0,0.84,5,0
25000.0,0.15,0,0
25000.0,6.82,0,0
4000.0,18.5,6,0
15000.0,45.07,10,0
5000.0,31.64,0,0
2000.0,45.7,0,0
5000.0,9.47,1,0
3500.0,14.93,3,0
20000.0,7.87,10,0
15000.0,37.57,0,0
4000.0,1.09,2,0
6000.0,19.59,4,0
3000.0,11.31,6,0
2450.0,13.6,3,0
1500.0,27.4,10,0
6000.0,24.3,10,0
1500.0,5.0,0,0
25000.0,29.38,7,0
3000.0,6.74,1,0
16900.0,20.5,8,0
8000.0,11.37,0,0
7000.0,12.89,5,0
3000.0,25.68,10,0
25000.0,22.23,6,0
3000.0,20.9,1,0
5000.0,37.76,0,0
5000.0,19.25,0,0
15000.0,9.17,10,0
7000.0,1.52,10,0
5000.0,12.43,10,0
25000.0,8.29,6,0
15000.0,6.55,1,0
15000.0,10.39,10,0
25000.0,47.53,2,0
14300.0,29.05,10,0
15000.0,31.98,10,0
2000.0,16.56,10,0
15000.0,105.6,0,0
1500.0,23.34,0,0
25000.0,53.69,0,0
5000.0,28.37,0,0
3000.0,4.98,6,0
5000.0,0.0,0,0
15000.0,28.85,10,0
8000.0,17.84,0,0
25000.0,2.37,10,0
18000.0,9.06,0,0
15000.0,34.88,2,0
1500.0,22.89,10,0
20000.0,32.09,8,0
25000.0,54.99,0,0
21000.0,54.96,8,0
6000.0,8.08,3,0
20000.0,0.38,2,0
21000.0,17.85,4,0
5000.0,10.83,1,0
5000.0,13.66,2,0
1200.0,2.33,1,0
10000.0,73.2,10,0
800.0,37.65,0,0
25000.0,17.41,2,0
20000.0,25.09,8,0
1800.0,24.8,0,0
25000.0,9.7,9,0
14500.0,11.94,10,0
15000.0,10.62,0,0
20000.0,100.0,0,0
2000.0,4.93,4,0
20000.0,100.0,10,0
15000.0,0.0,10,0
25000.0,27.89,10,0
1000.0,21.4,2,0
1500.0,33.6,2,0
5000.0,20.9,4,0
25000.0,57.76,10,0
25000.0,0.0,0,0
7000.0,69.05,0,0
9000.0,33.45,10,0
15000.0,43.08,10,0
12000.0,1.78,1,0
7800.0,15.49,1,0
8000.0,22.23,3,0
2300.0,48.21,8,0
8000.0,1560.0,0,0
5000.0,10.72,1,0
25000.0,36.62,4,0
500.0,1.71,2,0
3000.0,6.34,1,0
3000.0,0.0,1,0
4000.0,26.63,0,0
2000.0,20.33,0,0
1000.0,6.77,3,0
18875.0,18.18,1,0
2000.0,1.34,0,0
22000.0,100.0,6,0
1500.0,0.0,2,0
15000.0,26.15,4,0
15300.0,30.49,4,0
15000.0,22.32,0,0
7500.0,27.39,3,0
3000.0,23.55,0,0
3000.0,6.89,2,0
8000.0,0.84,0,0
24000.0,100.0,2,0
25000.0,33.83,0,0
1000.0,0.0,3,0
10000.0,6.55,2,0
1200.0,15.42,3,0
9000.0,15.87,0,0
15000.0,13.81,8,0
23000.0,25.79,4,0
11693.34,12.85,10,0
5000.0,23.4,6,0
3000.0,10.83,10,0
500.0,15.78,0,0
21600.0,35.81,3,0
1000.0,11.18,1,0
5000.0,0.5,0,0
500.0,9.45,1,0
5000.0,43.1,1,0
16000.0,45.26,10,0
15000.0,44.2,10,0
3000.0,16.2,10,0
1000.0,350.0,0,0
19000.0,11.69,0,0
14000.0,65.0,0,0
7000.0,52.61,10,0
15000.0,20.67,1,0
25000.0,28.19,4,0
5000.0,10.3,2,0
25000.0,48.14,10,0
10000.0,27.8,7,0
2000.0,7.06,5,0
20000.0,35.25,2,0
21000.0,100.0,2,0
20000.0,35.18,6,0
4000.0,2.0,3,0
5000.0,11.56,1,0
4000.0,23.96,0,0
10000.0,2.0,0,0
10000.0,1.6,6,0
20000.0,100.0,10,0
15000.0,100.0,0,0
4500.0,0.94,0,0
2000.0,0.0,0,0
15000.0,51.6,1,0
6500.0,39.57,10,0
7500.0,21.36,4,0
3300.0,2.37,4,0
2000.0,4.59,4,0
15000.0,10.05,4,0
8000.0,35.34,3,0
5000.0,18.99,4,0
15000.0,20.15,4,0
10000.0,100.0,6,0
5000.0,100.0,6,0
3250.0,264.92,2,0
1500.0,44.9,0,0
10000.0,30.05,6,0
22000.0,23.95,6,0
10000.0,6.55,4,0
5800.0,3.4,0,0
10000.0,28.47,1,0
15000.0,20.93,2,0
25000.0,205.5,7,0
2500.0,18.0,10,0
5000.0,82.59,6,0
15000.0,22.37,10,0
4600.0,7.01,3,0
10000.0,4.33,5,0
20000.0,0.45,4,0
2500.0,10.44,6,0
3500.0,17.04,0,0
5500.0,14.63,0,0
8000.0,0.0,4,0
24000.0,42.04,8,0
25000.0,12.52,5,0
25000.0,20.16,7,0
7500.0,10.42,0,0
4000.0,19.72,0,0
12000.0,18.67,2,0
4000.0,13.4,10,0
17000.0,54.13,10,0
15000.0,100.0,8,0
10000.0,31.61,7,0
4000.0,49.79,2,0
10000.0,12.7,0,0
4000.0,0.63,2,0
5000.0,81.04,10,0
2000.0,0.56,0,0
5100.0,18.07,0,0
25000.0,1.45,0,0
2200.0,16.36,1,0
2000.0,20.89,4,0
7500.0,8.71,2,0
10000.0,18.15,8,0
500.0,0.0,0,0
4500.0,21.04,0,0
2000.0,6.41,10,0
7500.0,6.26,5,0
15000.0,21.9,4,0
1500.0,0.0,0,0
5000.0,25.57,7,0
19000.0,27.93,6,0
3500.0,19.23,2,0
6000.0,3.08,4,0
2400.0,50.18,2,0
12000.0,45.56,6,0
1500.0,29.67,10,0
3000.0,0.0,0,0
7900.0,14.98,1,0
15000.0,1.92,10,0
7800.0,0.05,0,0
5000.0,0.65,2,0
20000.0,31.13,10,0
2500.0,0.0,1,0
15000.0,14.16,1,0
25000.0,49.08,10,0
10000.0,3.0,0,0
13200.0,16.57,1,0
20000.0,100.0,3,0
6000.0,60.4,8,0
12000.0,65.05,10,0
15000.0,0.0,10,0
20000.0,10.71,0,0
1500.0,6.6,0,0
3000.0,49.08,0,0
25000.0,31.3,10,0
7000.0,6.2,10,0
24000.0,0.26,4,0
8000.0,156.07,10,0
17000.0,28.72,10,0
2000.0,6.16,1,0
15000.0,39.03,8,0
25000.0,24.52,8,0
5000.0,2.72,10,0
25000.0,36.22,10,0
5500.0,29.16,10,0
2900.0,40.92,1,0
15000.0,3.73,10,0
15000.0,15.35,4,0
4000.0,2.57,0,0
15000.0,31.64,1,0
2000.0,20.57,1,0
15000.0,31.2,7,0
22500.0,13.83,1,0
1000.0,0.63,7,0
15000.0,27.11,0,0
21000.0,2.48,8,0
2650.0,31.56,3,0
3000.0,0.0,4,0
5000.0,11.72,0,0
6000.0,45.57,10,0
10000.0,35.71,10,0
6000.0,34.11,10,0
12500.0,12.95,3,0
1500.0,8.1,4,0
1200.0,4.81,0,0
15000.0,10.43,7,0
13000.0,6.22,3,0
1500.0,0.0,2,0
10000.0,100.0,8,0
10000.0,23.88,10,0
3000.0,25.95,2,0
10000.0,4.16,6,0
500.0,27.1,5,0
5000.0,11.92,0,0
3000.0,1.07,6,0
5000.0,37.52,3,0
24000.0,13.73,1,0
12000.0,24.12,10,0
5000.0,23.33,8,0
21000.0,29.6,4,0
17800.0,16.63,10,0
18500.0,48.46,10,0
25000.0,22.78,7,0
20000.0,63.53,10,0
8000.0,100.0,8,0
17000.0,39.84,4,0
2500.0,0.0,0,0
12000.0,10.52,1,0
1000.0,4.12,1,0
20000.0,19.64,0,0
500.0,3.77,0,0
3000.0,65.84,2,0
3000.0,239.78,6,0
2000.0,14.23,10,0
6000.0,17.04,0,0
22500.0,35.67,6,0
2500.0,19.32,10,0
1000.0,0.62,0,0
1000.0,0.49,2,0
15000.0,6.96,10,0
20000.0,12.62,2,0
7000.0,0.0,0,0
15000.0,56.84,2,0
18000.0,22.88,10,0
17000.0,7.36,2,0
12000.0,25.25,3,0
4000.0,100.0,4,0
1300.0,32.91,0,0
17000.0,14.44,2,0
6000.0,30.27,3,0
20000.0,7.14,10,0
13000.0,1.03,0,0
6000.0,15.33,4,0
14000.0,18.72,3,0
6000.0,42.24,0,0
20000.0,1.2,1,0
10000.0,30.73,10,0
1750.0,3.71,2,0
20000.0,100.0,0,0
5550.0,16.74,4,0
2000.0,16.22,1,0
2000.0,1.92,4,0
3000.0,0.0,2,0
7000.0,9.73,10,0
5000.0,25.28,0,0
2000.0,0.34,8,0
10000.0,5.22,0,0
15000.0,100.0,6,0
2000.0,77.48,5,0
6000.0,0.03,10,0
5000.0,0.0,0,0
10000.0,26.72,0,0
3000.0,10.51,1,0
15000.0,60.12,10,0
1000.0,19.62,7,0
10500.0,0.34,3,0
2400.0,0.0,1,0
4000.0,7.97,1,0
12000.0,7.15,1,0
2000.0,9.9,10,0
3500.0,19.18,0,0
25000.0,15.88,0,0
2500.0,100.0,6,0
15000.0,25.94,0,0
15000.0,0.25,10,0
10000.0,36.46,2,0
3500.0,100.0,0,0
4700.0,22.06,5,0
1000.0,0.0,4,0
24300.0,34.0,10,0
15000.0,14.06,5,0
7500.0,35.97,0,0
4800.0,16.52,2,0
20000.0,44.38,6,0
2000.0,21.76,3,0
12000.0,33.85,10,0
15000.0,5.25,8,0
7000.0,8.17,6,0
500.0,0.0,0,0
15000.0,27.83,2,0
7000.0,26.48,0,0
2000.0,13.49,9,0
8000.0,19.73,2,0
10000.0,100.0,2,0
4000.0,11.62,2,0
10000.0,19.73,10,0
19800.0,15.12,5,0
6500.0,26.04,2,0
13000.0,100.0,10,0
15000.0,0.62,6,0
15000.0,18.06,1,0
12000.0,28.9,2,0
5000.0,17.7,4,0
500.0,148.75,0,0
10000.0,15.05,1,0
10000.0,100.0,1,0
15000.0,33.74,8,0
16000.0,24.4,10,0
10000.0,0.0,3,0
25000.0,26.43,10,0
2000.0,65.66,0,0
25000.0,22.08,1,0
5000.0,13.2,8,0
16900.0,37.97,10,0
5000.0,24.03,10,0
8381.0,22.53,3,0
5000.0,41.39,8,0
12000.0,24.36,10,0
7500.0,14.64,1,0
6000.0,9.91,3,0
6000.0,34.03,3,0
12000.0,472.0,0,0
3000.0,0.0,0,0
1000.0,23.1,6,0
9125.0,12.86,6,0
2500.0,10.19,2,0
800.0,8.77,0,0
20000.0,37.67,10,0
2000.0,22.03,2,0
14600.0,26.58,1,0
5000.0,1.47,0,0
5000.0,14.15,10,0
10000.0,5.35,10,0
20000.0,36.17,4,0
3000.0,9.0,3,0
6000.0,31.26,4,0
15000.0,43.14,4,0
1500.0,10.0,4,0
20000.0,1.25,10,0
15000.0,19.9,6,0
25000.0,33.26,2,0
15000.0,0.0,5,0
6000.0,8.6,4,0
25000.0,12.96,10,0
21000.0,34.1,0,0
20000.0,24.32,10,0
2000.0,5.72,7,0
10000.0,5.06,1,0
23500.0,4.38,0,0
5000.0,33.25,0,0
8000.0,23.06,1,0
6000.0,0.0,2,0
25000.0,0.75,3,0
7500.0,23.84,2,0
13000.0,18.77,1,0
5000.0,11.16,0,0
10000.0,12.77,9,0
2000.0,1008.71,1,0
3000.0,22.06,10,0
4000.0,120.18,10,0
15000.0,47.95,7,0
7000.0,100.0,10,0
20000.0,39.07,5,0
15000.0,21.83,3,0
3000.0,16.77,3,0
9500.0,14.08,4,0
10000.0,19.23,1,0
14000.0,42.45,0,0
2000.0,11.16,0,0
3425.0,0.69,0,0
4000.0,1.51,2,0
16000.0,4.37,10,0
15000.0,11.27,10,0
2000.0,1.2,0,0
3000.0,16.26,2,0
10500.0,14.44,2,0
9000.0,25.08,4,0
10000.0,13.88,10,0
8200.0,100.0,6,0
4000.0,8.0,6,0
5000.0,15.42,0,0
500.0,39.31,0,0
20000.0,787.73,0,0
7500.0,13.57,4,0
6000.0,60.12,0,0
6000.0,16.7,2,0
10000.0,43.65,6,0
7000.0,19.45,4,0
12000.0,27.19,10,0
20000.0,0.0,4,0
8000.0,5.0,0,0
20000.0,19.88,10,0
18000.0,20.44,10,0
7000.0,100.0,6,0
2000.0,18.36,0,0
10000.0,24.11,10,0
20000.0,41.57,2,0
20000.0,33.35,10,0
12000.0,17.37,4,0
4000.0,16.84,8,0
2000.0,0.0,10,0
15000.0,14.27,10,0
17350.0,20.62,6,0
3000.0,44.58,5,0
6000.0,13.67,1,0
9600.0,17.8,0,0
10000.0,34.66,4,0
10000.0,20.96,9,0
21000.0,35.09,10,0
20000.0,18.43,2,0
20000.0,27.93,8,0
10000.0,3.24,8,0
14000.0,37.25,10,0
15000.0,14.63,1,0
7000.0,8.62,10,0
2000.0,18.7,0,0
22000.0,100.0,10,0
5000.0,41.46,0,0
5000.0,31.46,4,0
8000.0,29.87,2,0
17000.0,6.35,5,0
12000.0,2.86,10,0
25000.0,33.6,10,0
5000.0,55.82,2,0
6800.0,27.13,10,0
20000.0,12.72,7,0
1500.0,31.14,10,0
25000.0,14.36,0,0
2500.0,7.15,10,0
8000.0,9.5,2,0
10000.0,10.73,7,0
22000.0,14.37,2,0
15500.0,31.74,10,0
3000.0,5.63,1,0
8500.0,0.0,0,0
7500.0,12.7,10,0
5000.0,22.48,8,0
7500.0,38.69,3,0
12000.0,15.97,0,0
2000.0,33.81,0,0
10000.0,18.64,2,0
9500.0,0.49,3,0
7800.0,40.0,2,0
5000.0,21.71,5,0
3000.0,1.3,1,0
10000.0,12.13,3,0
10000.0,20.18,10,0
3000.0,14.14,0,0
25000.0,12.0,10,0
19000.0,71.13,2,0
25000.0,41.24,3,0
3000.0,0.0,10,0
9500.0,44.38,10,0
8000.0,24.15,0,0
20000.0,0.0,1,0
500.0,14.01,10,0
15000.0,10.73,10,0
5000.0,15.39,10,0
16000.0,100.0,1,0
5000.0,4.22,2,0
7200.0,0.67,6,0
18000.0,41.6,3,0
25000.0,32.22,4,0
20000.0,11.25,10,0
3700.0,8.9,1,0
3000.0,100.0,10,0
16000.0,45.66,10,0
17350.0,18.04,1,0
7500.0,17.98,0,0
2000.0,16.59,9,0
4000.0,36.94,3,0
8000.0,10.02,0,0
1800.0,30.78,9,0
2000.0,32.78,0,0
1000.0,0.0,3,0
2500.0,30.9,0,0
23000.0,23.2,10,0
1600.0,25.57,4,0
10000.0,15.2,4,0
12000.0,8.36,0,0
6000.0,2.64,2,0
12000.0,4.82,10,0
21000.0,33.21,6,0
15000.0,28.91,6,0
6500.0,25.26,10,0
3500.0,35.93,1,0
5000.0,36.96,2,0
11000.0,46.07,0,0
24000.0,27.7,2,0
23000.0,25.51,10,0
1200.0,0.0,7,0
4500.0,0.53,0,0
3200.0,16.98,4,0
7500.0,100.0,4,0
1500.0,26.28,0,0
12500.0,0.91,4,0
7000.0,100.0,0,0
10000.0,40.5,3,0
7000.0,24.07,0,0
4000.0,42.29,4,0
20000.0,30.08,0,0
3200.0,0.36,6,0
25000.0,7.29,10,0
7500.0,13.71,2,0
3500.0,11.99,10,0
500.0,12.25,10,0
6000.0,18.17,0,0
1500.0,22.73,1,0
3000.0,55.57,3,0
15000.0,25.9,0,0
16000.0,13.92,10,0
5000.0,7.91,10,0
15000.0,64.08,4,0
19000.0,19.94,4,0
2500.0,30.0,8,0
5000.0,12.45,0,0
12500.0,5.35,0,0
20000.0,26.86,10,0
13000.0,42.04,10,0
5000.0,31.87,1,0
10000.0,0.74,10,0
8950.0,26.69,1,0
10000.0,0.98,4,0
13000.0,0.0,3,0
6500.0,15.32,0,0
10000.0,100.0,10,0
15000.0,28.52,8,0
10000.0,100.0,10,0
10950.0,28.63,8,0
10100.0,27.48,0,0
2500.0,25.54,3,0
3000.0,14.26,0,0
2000.0,0.0,10,0
10000.0,27.86,6,0
10000.0,1.58,1,0
2500.0,4.45,5,0
15000.0,18.66,0,0
9050.0,0.29,0,0
20000.0,0.32,5,0
14000.0,70.6,4,0
15000.0,8.45,10,0
10000.0,1.25,0,0
500.0,0.0,0,0
1000.0,3.43,2,0
20000.0,4.0,0,0
5000.0,10.43,5,0
10000.0,31.15,6,0
5000.0,36.61,4,0
15000.0,9.03,2,0
10375.0,12.96,1,0
5000.0,17.64,5,0
2000.0,18.3,1,0
2000.0,0.0,4,0
10000.0,100.0,10,0
13500.0,100.0,2,0
25000.0,32.01,5,0
13000.0,43.27,1,0
14400.0,18.99,3,0
20000.0,3.62,0,0
12000.0,16.19,2,0
25000.0,12.85,0,0
20000.0,9.43,5,0
5000.0,10.92,3,0
16000.0,0.33,7,0
3000.0,6.57,2,0
7500.0,29.42,0,0
20000.0,9.22,3,0
5000.0,0.0,0,0
2000.0,0.0,2,0
15000.0,8.78,4,0
10000.0,49.0,10,0
25000.0,29.63,3,0
22700.0,40.53,0,0
10000.0,22.25,10,0
8000.0,32.77,1,0
2000.0,12.89,0,0
25000.0,5.26,1,0
1500.0,0.0,0,0
1000.0,11.76,0,0
12000.0,28.57,9,0
2000.0,0.39,0,0
8000.0,0.0,0,0
17000.0,21.95,10,0
5000.0,0.22,10,0
10500.0,11.89,4,0
7000.0,6.43,4,0
5000.0,0.0,1,0
17000.0,22.13,6,0
15000.0,100.0,8,0
16000.0,1.1,2,0
12000.0,19.35,10,0
20000.0,11.3,10,0
15000.0,84.7,10,0
2300.0,0.0,6,0
15000.0,29.88,10,0
3000.0,2.05,10,0
8000.0,14.5,0,0
3000.0,6.12,5,0
3000.0,9.62,7,0
17750.0,9.64,4,0
6500.0,10.32,1,0
20000.0,100.0,4,0
2000.0,3.6,5,0
9544.55,100.0,10,0
15000.0,9.46,10,0
25000.0,19.99,3,0
10000.0,25.58,8,0
2000.0,0.0,0,0
6000.0,4.24,8,0
4500.0,12.85,10,0
5000.0,100.0,10,0
3000.0,3.4,0,0
20000.0,43.16,10,0
20000.0,1.81,6,0
25000.0,1.72,5,0
7000.0,10.83,1,0
21000.0,27.12,10,0
15500.0,2.45,2,0
11500.0,28.0,10,0
13000.0,30.43,7,0
5000.0,0.0,0,0
3000.0,100.0,10,0
1000.0,6.69,0,0
5000.0,62.57,5,0
10000.0,100.0,6,0
19000.0,29.16,8,0
12000.0,9.39,6,0
3000.0,101.6,0,0
15000.0,40.89,10,0
5000.0,0.0,1,0
12000.0,24.14,1,0
3000.0,58.48,3,0
5000.0,45.5,10,0
20000.0,32.65,0,0
16000.0,100.0,2,0
10000.0,38.8,3,0
20000.0,15.04,10,0
3250.0,0.57,4,0
5000.0,40.15,10,0
15000.0,16.68,10,0
7000.0,21.52,3,0
2000.0,0.0,1,0
5000.0,0.26,2,0
20000.0,34.49,3,0
22350.0,26.42,3,0
6000.0,7.38,1,0
6000.0,4.23,0,0
10000.0,100.0,10,0
6500.0,20.24,7,0
500.0,22.04,0,0
12000.0,22.69,10,0
10000.0,1.43,6,0
20000.0,100.0,10,0
17000.0,62.3,1,0
20000.0,11.96,9,0
3000.0,100.0,4,0
25000.0,1.4,1,0
5000.0,9.13,6,0
1000.0,0.0,1,0
700.0,3.76,0,0
5000.0,46.8,0,0
20000.0,23.7,10,0
12000.0,30.69,4,0
2500.0,15.51,10,0
12000.0,22.94,0,0
5000.0,2.15,2,0
9325.0,24.41,10,0
1500.0,40.29,9,0
5000.0,8.68,4,0
5500.0,8.56,2,0
16000.0,6.18,1,0
17000.0,0.71,8,0
18000.0,22.62,9,0
5000.0,100.0,10,0
3500.0,5.03,10,0
10000.0,4.65,0,0
15000.0,28.12,10,0
1000.0,0.6,1,0
15000.0,32.31,10,0
20000.0,1.94,10,0
8000.0,0.0,5,0
14000.0,24.88,5,0
22000.0,31.36,0,0
16240.0,100.0,1,0
20000.0,24.83,10,0
20000.0,24.44,2,0
3500.0,35.88,1,0
15000.0,7.28,5,0
20000.0,30.16,0,0
20000.0,1.59,10,0
20000.0,43.25,0,0
10000.0,0.0,0,0
20000.0,8.6,2,0
20000.0,9.38,10,0
11100.0,9.34,5,0
15000.0,100.0,10,0
3000.0,1314.23,0,0
15000.0,100.0,2,0
8000.0,2.35,10,0
13000.0,100.0,10,0
9500.0,31.87,1,0
13000.0,18.87,0,0
20000.0,25.03,0,0
5000.0,11.35,0,0
2600.0,9.63,1,0
18000.0,7.52,10,0
3500.0,31.09,3,0
6000.0,6.73,8,0
16000.0,20.64,6,0
20000.0,2.4,0,0
15000.0,23.94,8,0
2000.0,11.19,6,0
5500.0,0.0,3,0
25000.0,25.68,4,0
20000.0,28.47,2,0
1500.0,0.0,2,0
15000.0,37.38,2,0
20000.0,167.53,10,0
11150.0,18.53,4,0
4000.0,24.8,0,0
3800.0,2.09,10,0
3400.0,11.91,0,0
6500.0,32.31,0,0
8900.0,54.65,10,0
5500.0,17.63,2,0
4000.0,12.2,1,0
5000.0,37.3,2,0
20000.0,16.31,2,0
2500.0,20.97,10,0
18000.0,4.17,10,0
10000.0,32.76,4,0
2500.0,6.07,7,0
16000.0,0.0,4,0
8000.0,1.2,4,0
2000.0,3.33,4,0
1500.0,9.82,0,0
5000.0,31.19,10,0
20000.0,44.03,0,0
5000.0,12.55,2,0
5000.0,12.23,2,0
2000.0,10.91,1,0
15000.0,12.1,10,0
1000.0,13.89,5,0
10000.0,4.37,1,0
14000.0,15.21,4,0
20000.0,24.38,1,0
2500.0,100.0,0,0
15000.0,16.32,6,0
5000.0,19.27,4,0
25000.0,8.91,6,0
3000.0,17.67,0,0
3500.0,2.8,0,0
7500.0,0.57,0,0
22500.0,5.33,3,0
20000.0,25.72,10,0
5000.0,100.0,0,0
15000.0,100.0,4,0
6500.0,27.94,6,0
3000.0,27.82,10,0
25000.0,46.72,7,0
14000.0,8.23,10,0
2500.0,30.03,10,0
7000.0,6.79,3,0
20000.0,32.82,10,0
14500.0,16.6,0,0
25000.0,41.64,10,0
15000.0,56.48,2,0
15000.0,5.18,10,0
500.0,16.59,7,0
20000.0,32.8,0,0
7500.0,2.45,1,0
4000.0,1.39,6,0
10475.0,25.17,2,0
20000.0,56.46,2,0
13000.0,52.17,2,0
25000.0,17.18,8,0
20000.0,15.01,10,0
5000.0,44.03,2,0
18000.0,10.33,0,0
2500.0,13.3,10,0
10100.0,28.27,8,0
25000.0,51.61,10,0
2300.0,1.91,4,0
7500.0,10.06,0,0
5000.0,53.66,4,0
20000.0,13.08,2,0
1800.0,2.86,1,0
15000.0,25.7,1,0
15000.0,20.66,2,0
6500.0,31.32,2,0
25000.0,9.6,0,0
3000.0,18.48,1,0
6500.0,28.82,1,0
12000.0,13.73,3,0
25000.0,45.76,10,0
25000.0,56.85,3,0
20000.0,34.29,2,0
3500.0,22.5,4,0
20000.0,14.7,10,0
10000.0,30.66,6,0
4000.0,9.2,2,0
10000.0,22.16,6,0
25000.0,34.66,0,0
20000.0,28.77,9,0
20000.0,34.94,2,0
20000.0,19.09,3,0
25000.0,23.91,10,0
15000.0,14.52,3,0
14000.0,46.49,4,0
25000.0,20.58,4,0
25000.0,3.52,1,0
10000.0,10.62,1,0
3500.0,17.16,0,0
18000.0,56.0,9,0
25000.0,3.29,10,0
25000.0,56.95,0,0
12000.0,22.26,10,0
1000.0,33.74,10,0
15000.0,54.57,10,0
9000.0,53.03,10,0
5000.0,17.31,2,0
2000.0,55.15,1,0
25000.0,25.1,0,0
20000.0,21.95,4,0
7000.0,16.89,3,0
25000.0,19.13,4,0
6000.0,2.91,0,0
5000.0,12.38,10,0
10000.0,46.22,10,0
5000.0,17.04,1,0
5000.0,27.32,6,0
4500.0,26.37,8,0
2000.0,6.97,3,0
8500.0,19.27,0,0
7000.0,32.22,10,0
25000.0,26.01,0,0
10000.0,35.33,0,0
6000.0,5.04,0,0
1500.0,10.44,9,0
18875.0,1.23,1,0
7000.0,23.97,0,0
8000.0,34.1,1,0
25000.0,11.6,2,0
15000.0,27.38,10,0
2500.0,37.61,3,0
10000.0,17.22,10,0
20000.0,41.28,10,0
4000.0,17.87,10,0
5000.0,0.0,10,0
1000.0,15.7,3,0
16025.0,41.09,1,0
1500.0,0.0,2,0
12000.0,16.22,1,0
20000.0,23.51,10,0
25000.0,13.85,0,0
5000.0,17.46,2,0
11000.0,17.29,2,0
16000.0,30.24,10,0
25000.0,94.74,10,0
5400.0,17.31,5,0
6800.0,34.09,10,0
12000.0,1.28,3,0
2500.0,4.24,3,0
25000.0,14.49,3,0
10000.0,31.76,0,0
25000.0,53.18,10,0
11000.0,0.0,1,0
15000.0,100.0,10,0
5000.0,0.3,0,0
4000.0,18.12,0,0
7500.0,25.55,7,0
4500.0,5.52,4,0
12000.0,35.86,0,0
15000.0,32.05,1,0
25000.0,12.89,10,0
8000.0,7.88,5,0
10000.0,2.25,1,0
15000.0,14.4,0,0
10000.0,0.84,3,0
10000.0,8.34,8,0
25000.0,15.29,3,0
25000.0,20.63,10,0
25000.0,3.33,9,0
10000.0,24.49,0,0
25000.0,14.04,2,0
25000.0,33.48,6,0
19000.0,60.08,1,0
7000.0,45.65,4,0
5000.0,35.63,7,0
15000.0,42.39,6,0
16000.0,24.45,2,0
5000.0,0.93,0,0
4000.0,0.0,1,0
10000.0,0.0,3,0
5000.0,99.92,0,0
25000.0,28.98,0,0
10000.0,2.2,0,0
10500.0,6.07,2,0
2500.0,1.5,0,0
25000.0,100.0,0,0
5000.0,28.31,9,0
10000.0,59.49,10,0
6000.0,22.2,0,0
6000.0,27.99,4,0
1000.0,17.98,0,0
8500.0,0.0,2,0
20000.0,16.22,6,0
22350.0,27.26,10,0
15000.0,18.97,7,0
22000.0,26.47,10,0
25000.0,25.15,0,0
11000.0,21.03,5,0
20000.0,5.89,0,0
15000.0,0.86,1,0
15000.0,29.46,1,0
10000.0,17.36,5,0
5000.0,6.0,2,0
2500.0,19.2,10,0
5000.0,50.0,0,0
800.0,27.94,0,0
3000.0,4.25,2,0
19000.0,27.33,10,0
5000.0,9.69,10,0
8000.0,51.1,2,0
15000.0,14.68,1,0
10000.0,0.56,2,0
19000.0,57.2,3,0
10850.0,28.73,10,0
25000.0,44.28,10,0
15000.0,36.88,9,0
16150.0,9.3,5,0
16500.0,30.52,0,0
15000.0,12.83,10,0
12000.0,51.65,10,0
25000.0,24.77,10,0
15000.0,10.15,10,0
25000.0,20.6,10,0
8500.0,81.52,2,0
10000.0,4.18,3,0
3000.0,12.02,2,0
10000.0,23.81,3,0
15000.0,33.92,7,0
25000.0,12.9,8,0
10000.0,1.13,4,0
8000.0,6.89,4,0
4200.0,14.5,3,0
15000.0,19.75,6,0
3500.0,0.0,1,0
2500.0,22.34,0,0
5000.0,0.0,2,0
8000.0,29.29,1,0
5000.0,46.58,10,0
20000.0,13.35,8,0
25000.0,41.68,10,0
15000.0,59.46,10,0
25000.0,22.09,0,0
5500.0,6.14,5,0
2000.0,5.11,2,0
5000.0,81.75,8,0
20300.0,100.0,10,0
25000.0,21.55,10,0
12000.0,30.8,0,0
25000.0,0.0,3,0
4200.0,100.0,4,0
15000.0,40.17,1,0
7000.0,28.14,1,0
11000.0,0.0,0,0
10000.0,0.0,0,0
9500.0,2.49,2,0
3500.0,32.19,10,0
8000.0,28.84,5,0
25000.0,74.65,6,0
1000.0,24.6,1,0
6900.0,4.32,4,0
5000.0,100.0,10,0
20000.0,32.62,10,0
4000.0,14.7,0,0
4000.0,5.89,10,0
5000.0,2.89,10,0
25000.0,44.03,0,0
5000.0,7.88,3,0
10000.0,1.02,1,0
16000.0,3.26,2,0
20000.0,34.65,10,0
5000.0,3.91,10,0
25000.0,28.04,5,0
20000.0,22.36,10,0
5500.0,28.1,5,0
7000.0,0.0,2,0
10000.0,45.88,8,0
3500.0,0.0,10,0
25000.0,18.69,3,0
25000.0,32.15,0,0
25000.0,30.89,4,0
12000.0,17.61,5,0
2000.0,0.0,0,0
22000.0,14.95,0,0
8000.0,8.95,10,0
8000.0,13.73,8,0
25000.0,22.09,10,0
2500.0,19.64,7,0
5000.0,30.56,5,0
9000.0,19.84,4,0
12000.0,32.08,5,0
500.0,5.06,1,0
16000.0,17.08,0,0
10000.0,24.88,2,0
25000.0,14.02,10,0
2000.0,16.14,10,0
4500.0,42.49,5,0
3000.0,33.76,10,0
10000.0,21.19,0,0
25000.0,11.76,0,0
20000.0,52.46,1,0
2000.0,38.34,0,0
4500.0,1.33,7,0
10000.0,7.83,2,0
20000.0,38.55,10,0
7500.0,19.17,10,0
1000.0,15.82,2,0
20000.0,15.22,1,0
10000.0,13.16,10,0
20000.0,28.11,0,0
20000.0,16.96,0,0
5000.0,33.55,10,0
2500.0,57.67,8,0
1500.0,17.06,10,0
10000.0,36.22,2,0
10000.0,16.78,1,0
5000.0,35.84,0,0
800.0,1.33,6,0
3000.0,11.46,10,0
20000.0,24.48,10,0
6000.0,10.98,3,0
10000.0,9.61,10,0
2000.0,23.84,0,0
2900.0,23.24,10,0
25000.0,32.14,10,0
12000.0,0.88,10,0
10000.0,36.99,0,0
4000.0,32.83,9,0
2200.0,0.0,3,0
10000.0,16.68,10,0
5000.0,38.38,10,0
5000.0,19.68,10,0
10000.0,8.6,4,0
21000.0,25.15,2,0
500.0,13.26,3,0
25000.0,78.83,2,0
5000.0,4.67,6,0
15000.0,14.93,3,0
5000.0,16.23,8,0
20000.0,71.77,0,0
7000.0,53.72,8,0
8700.0,15.5,5,0
15000.0,0.0,0,0
10000.0,8.29,9,0
16000.0,37.61,6,0
15000.0,13.78,0,0
6000.0,100.0,2,0
3000.0,19.73,1,0
23000.0,33.62,10,0
10000.0,9.65,10,0
25000.0,22.98,10,0
25000.0,14.18,3,0
1500.0,85.63,10,0
12000.0,24.99,7,0
23000.0,29.61,10,0
25000.0,60.6,10,0
1500.0,12.5,9,0
1000.0,17.18,2,0
10000.0,42.55,0,0
25000.0,21.61,10,0
20000.0,12.0,1,0
10000.0,21.95,5,0
10000.0,16.15,0,0
25000.0,8.39,0,0
12000.0,37.6,2,0
1500.0,0.0,1,0
20000.0,17.78,10,0
10000.0,19.87,0,0
20000.0,6.98,2,0
20000.0,15.72,10,0
5000.0,43.93,9,0
15000.0,15.29,8,0
25000.0,58.66,6,0
10000.0,26.86,5,0
25000.0,14.13,10,0
20000.0,121.76,0,0
9000.0,16.94,10,0
12000.0,40.35,1,0
4000.0,36.28,3,0
6500.0,9.42,0,0
5000.0,2.82,10,0
15000.0,19.65,9,0
10000.0,18.97,2,0
25000.0,14.75,1,0
10000.0,0.0,10,0
5000.0,3.46,0,0
25000.0,4.4,4,0
25000.0,43.52,7,0
10475.0,7.26,10,0
7000.0,34.96,5,0
10000.0,11.06,0,0
4000.0,15.38,0,0
2000.0,11.88,0,0
8000.0,7.01,10,0
23500.0,6.26,0,0
16000.0,8.71,7,0
6000.0,1.18,4,0
25000.0,46.61,0,0
1000.0,0.0,0,0
3000.0,0.95,2,0
10000.0,1.96,5,0
22000.0,18.55,6,0
12000.0,56.53,7,0
25000.0,8.4,5,0
5000.0,20.5,2,0
10000.0,40.33,10,0
25000.0,78.91,0,0
12000.0,26.15,1,0
12500.0,65.75,4,0
2500.0,0.0,9,0
10000.0,33.09,5,0
2000.0,20.56,2,0
12000.0,30.11,2,0
5000.0,5.27,10,0
800.0,17.59,5,0
7800.0,7.85,5,0
13000.0,25.86,1,0
15000.0,14.79,2,0
13000.0,0.0,10,0
20000.0,100.0,6,0
8000.0,100.0,10,0
20000.0,15.94,8,0
12000.0,35.25,7,0
3000.0,24.48,2,0
20000.0,36.61,9,0
10600.0,21.11,5,0
9000.0,41.83,4,0
20000.0,3.99,3,0
15000.0,10.93,10,0
12000.0,13.07,1,0
6000.0,17.47,10,0
1000.0,0.0,0,0
15000.0,0.0,4,0
25000.0,11.15,0,0
25000.0,40.27,0,0
5000.0,33.47,0,0
5000.0,18.66,8,0
5000.0,29.69,0,0
1500.0,3.71,10,0
10000.0,16.96,2,0
17000.0,81.26,10,0
4000.0,4.03,5,0
6000.0,3.2,2,0
4000.0,0.0,1,0
25000.0,51.23,10,0
5000.0,20.28,2,0
3000.0,84.91,7,0
1000.0,14.28,10,0
2500.0,8.03,2,0
24000.0,15.68,8,0
5000.0,0.0,8,0
12000.0,6.76,10,0
2500.0,133.87,3,0
5000.0,30.81,7,0
1350.0,14.34,7,0
22000.0,16.5,10,0
3000.0,117.6,10,0
4000.0,0.0,7,0
5000.0,1.98,10,0
12000.0,14.44,10,0
25000.0,51.44,3,0
5000.0,0.0,0,0
3000.0,11.38,10,0
8000.0,20.0,9,0
25000.0,46.24,1,0
15000.0,23.94,8,0
13600.0,100.0,10,0
2500.0,45.64,10,0
30000.0,48.83,1,0
15000.0,11.14,10,0
20000.0,2.28,10,0
7000.0,2.1,5,0
1000.0,29.82,4,0
20000.0,32.41,4,0
25000.0,34.59,8,0
5000.0,0.0,1,0
8000.0,24.89,6,0
2000.0,23.07,10,0
2000.0,11.57,10,0
11000.0,38.98,10,0
24150.0,13.59,4,0
10000.0,52.64,8,0
6000.0,3.94,4,0
5000.0,4.46,1,0
20000.0,7.44,2,0
4500.0,5.95,10,0
10000.0,32.55,8,0
5200.0,0.0,2,0
20000.0,112.05,8,0
10000.0,2.82,3,0
20000.0,30.8,8,0
20000.0,71.76,10,0
20000.0,31.26,3,0
25000.0,12.24,1,0
5000.0,1.03,0,0
5000.0,0.0,4,0
1000.0,20.46,10,0
3150.0,5.17,2,0
7000.0,22.72,0,0
25000.0,41.64,0,0
4000.0,0.0,6,0
3500.0,24.2,2,0
15900.0,28.46,4,0
10000.0,13.1,10,0
5000.0,14.4,4,0
20000.0,18.21,1,0
5000.0,21.34,10,0
22000.0,34.45,10,0
15000.0,35.18,10,0
10000.0,5.18,1,0
10000.0,14.66,0,0
7000.0,1.07,10,0
500.0,29.92,0,0
18175.0,21.91,0,0
25000.0,17.97,1,0
8000.0,8.62,10,0
500.0,0.56,10,0
15000.0,34.3,0,0
35000.0,29.09,1,0
500.0,7.7,10,0
3000.0,21.0,10,0
7000.0,16.44,8,0
25000.0,2.25,10,0
23000.0,17.99,4,0
17000.0,12.82,0,0
10000.0,0.5,0,0
25000.0,7.27,10,0
4050.0,21.03,8,0
500.0,15.84,10,0
1000.0,3.98,0,0
20000.0,16.62,1,0
5000.0,1.14,10,0
20000.0,22.98,9,0
2000.0,21.09,10,0
20000.0,46.41,10,0
7000.0,13.07,0,0
11000.0,7.44,0,0
10000.0,15.68,1,0
20000.0,14.11,0,0
11000.0,22.36,0,0
18000.0,59.45,10,0
8000.0,4.83,3,0
10000.0,20.1,6,0
5000.0,9.42,9,0
12000.0,7.22,1,0
7000.0,31.25,0,0
20000.0,38.11,1,0
10000.0,25.44,1,0
2000.0,11.7,10,0
10000.0,8.0,0,0
15000.0,25.08,10,0
1000.0,36.37,1,0
18500.0,10.4,0,0
5000.0,4.55,2,0
10475.0,27.78,7,0
22600.0,100.0,4,0
23800.0,14.43,9,0
17750.0,22.73,0,0
5000.0,36.35,10,0
15000.0,44.68,3,0
3000.0,20.16,10,0
2825.0,12.92,1,0
3000.0,5.77,10,0
17000.0,22.28,6,0
6000.0,17.93,10,0
2000.0,43.06,9,0
25000.0,42.24,10,0
5000.0,49.44,1,0
7000.0,14.0,0,0
1500.0,11.47,10,0
5000.0,0.0,6,0
15000.0,27.51,7,0
3000.0,7.33,0,0
24000.0,38.76,10,0
6000.0,2.86,10,0
5000.0,9.69,10,0
1500.0,27.53,4,0
25000.0,31.36,4,0
10000.0,5.61,5,0
15000.0,18.24,10,0
7500.0,100.0,6,0
20000.0,28.88,6,0
2000.0,12.88,1,0
10000.0,418800.0,5,0
15000.0,27.19,0,0
6800.0,13.67,0,0
1800.0,39.71,10,0
3400.0,25.69,10,0
3500.0,16.14,0,0
25000.0,47.57,0,0
10000.0,10.2,1,0
1000.0,0.0,3,0
25000.0,22.08,10,0
2000.0,9.49,0,0
5000.0,0.0,1,0
20000.0,31.76,4,0
3000.0,5.63,0,0
10000.0,16.75,10,0
5000.0,22.0,0,0
15825.0,23.51,5,0
15000.0,13.63,10,0
1250.0,6.61,2,0
15000.0,0.0,5,0
5000.0,19.93,2,0
4400.0,27.81,6,0
10000.0,22.99,0,0
10000.0,23.27,4,0
3000.0,15.7,10,0
25000.0,2.06,7,0
25000.0,0.0,5,0
10000.0,11.97,2,0
13500.0,19.29,6,0
25000.0,0.0,10,0
25000.0,168.89,2,0
5000.0,18.91,2,0
25000.0,26.03,0,0
1000.0,6.0,0,0
5000.0,0.72,2,0
11000.0,32.98,0,0
5500.0,27.79,8,0
2000.0,16.9,0,0
5000.0,0.0,7,0
20000.0,16.12,1,0
8000.0,31.89,10,0
10000.0,11.18,5,0
25000.0,22.88,10,0
20000.0,41.6,10,0
7500.0,0.55,4,0
5000.0,40.56,10,0
3000.0,10.44,10,0
9800.0,12.35,3,0
4200.0,13.13,1,0
15000.0,25.39,10,0
20000.0,7.77,3,0
10000.0,7.58,0,0
7000.0,14.02,4,0
21850.0,19.19,10,0
25000.0,42.99,0,0
10000.0,1.03,10,0
7800.0,74.0,0,0
3500.0,22.92,10,0
10000.0,1.0,8,0
500.0,18.26,10,0
6000.0,55.43,1,0
16800.0,17.45,2,0
5000.0,2.94,8,0
9700.0,18.54,6,0
9500.0,18.26,0,0
18000.0,30.18,3,0
2000.0,28.67,0,0
25000.0,77.02,0,0
5000.0,8.47,1,0
10000.0,23.8,0,0
12500.0,18.27,10,0
20000.0,100.0,10,0
20000.0,100.0,6,0
16500.0,19.58,3,0
8000.0,25.78,1,0
4000.0,51.0,0,0
6500.0,8.96,10,0
1200.0,28.82,10,0
3000.0,20.17,0,0
6000.0,16.46,0,0
3000.0,116.04,1,0
6000.0,24.67,9,0
20000.0,1.41,10,0
10000.0,43.73,6,0
17000.0,54.5,10,0
21000.0,4.0,6,0
3000.0,30.0,3,0
5000.0,44.75,1,0
23000.0,28.33,9,0
10000.0,1.66,4,0
10000.0,10.07,0,0
5000.0,0.32,2,0
25000.0,27.26,4,0
15000.0,54.65,0,0
15000.0,43.53,10,0
7100.0,13.32,6,0
1000.0,2.69,10,0
5000.0,1.68,0,0
25000.0,7.07,1,0
2000.0,22.41,10,0
7500.0,26.14,10,0
10000.0,40.22,0,0
3000.0,0.0,9,0
3800.0,8.74,1,0
3000.0,1.87,9,0
25000.0,12.29,10,0
4000.0,32.03,1,0
10000.0,29.56,10,0
25000.0,44.3,0,0
10000.0,22.88,3,0
20000.0,5.85,2,0
3000.0,0.0,5,0
10000.0,2.04,8,0
25000.0,2.2,4,0
12000.0,22.89,0,0
12000.0,0.0,2,0
4000.0,11.88,0,0
25000.0,23.21,10,0
20000.0,0.81,10,0
8950.0,5.87,3,0
7500.0,10.46,4,0
10000.0,26.68,5,0
18000.0,19.17,4,0
15000.0,20.49,5,0
10500.0,21.57,1,0
15000.0,3.2,4,0
5000.0,42.37,0,0
4000.0,28.27,10,0
25000.0,35.26,3,0
15000.0,50.5,0,0
23000.0,26.63,6,0
4550.0,22.13,1,0
16000.0,10.87,10,0
5000.0,0.0,9,0
15000.0,44.48,0,0
25000.0,29.45,10,0
25000.0,10.2,2,0
25000.0,17.76,1,0
7000.0,27.1,3,0
15000.0,22.17,4,0
23000.0,23.25,10,0
25000.0,54.43,9,0
18176.2,53.05,4,0
25000.0,32.16,8,0
1000.0,1.04,0,0
10000.0,23.5,4,0
2000.0,29.77,0,0
20000.0,6.54,9,0
25000.0,21.15,0,0
3000.0,0.6,2,0
5000.0,21.91,10,0
20000.0,16.45,7,0
17000.0,42.97,6,0
2500.0,4.23,10,0
10000.0,10.43,3,0
25000.0,21.67,2,0
15000.0,44.17,10,0
10000.0,54.44,2,0
3000.0,18.0,10,0
3600.0,44.08,10,0
2500.0,44.99,8,0
20000.0,49.13,10,0
10000.0,1.13,7,0
7500.0,30.39,1,0
6000.0,17.17,1,0
19000.0,20.51,10,0
17000.0,18.96,4,0
5000.0,7.38,3,0
10000.0,44.08,6,0
12000.0,3.19,0,0
7000.0,26853.33,0,0
25000.0,18.38,0,0
5000.0,0.7,3,0
10000.0,30.98,10,0
6000.0,13.41,3,0
25000.0,6.68,10,0
2500.0,1.33,2,0
7000.0,12.35,2,0
25000.0,100.02,10,0
15000.0,56.1,0,0
2000.0,0.0,5,0
5000.0,32.16,0,0
10000.0,5.44,0,0
10000.0,33.66,0,0
1500.0,15.54,2,0
3000.0,10.24,2,0
6000.0,18.43,0,0
2000.0,11.91,10,0
6000.0,100.0,6,0
10000.0,12.26,10,0
10000.0,0.0,2,0
12000.0,100.0,8,0
21000.0,11.81,0,0
5500.0,34.1,3,0
7000.0,0.34,1,0
6000.0,22.51,9,0
3000.0,5.57,0,0
5000.0,0.0,10,0
8000.0,16.29,10,0
25000.0,33.82,10,0
5000.0,1.66,5,0
15000.0,52.8,2,0
3000.0,10.89,10,0
8000.0,0.0,9,0
18875.0,13.98,9,0
10000.0,7.64,2,0
8000.0,25.35,10,0
2000.0,108.33,0,0
1500.0,269.35,3,0
15000.0,10.11,1,0
10000.0,34.09,2,0
5000.0,0.0,10,0
18875.0,20.66,2,0
22300.0,47.25,10,0
17000.0,100.0,4,0
10000.0,8.14,10,0
500.0,0.0,0,0
3000.0,23.71,10,0
23000.0,19.41,2,0
10000.0,29.27,0,0
500.0,8.91,1,0
20000.0,19.5,5,0
12000.0,8.95,10,0
10000.0,4.03,0,0
8000.0,9.04,10,0
7000.0,20.68,1,0
20000.0,16.75,10,0
5000.0,15.53,0,0
12000.0,27.29,0,0
12000.0,0.84,0,0
23000.0,571.24,2,0
6500.0,0.0,0,0
7500.0,7.06,10,0
5000.0,0.0,0,0
5000.0,50.33,0,0
7000.0,0.67,6,0
15000.0,8.4,1,0
16000.0,13.17,4,0
5000.0,20.28,7,0
15000.0,6.08,10,0
15000.0,17.9,10,0
10475.0,17.36,6,0
18000.0,31.79,10,0
15000.0,100.0,10,0
25000.0,37.81,10,0
3500.0,21.92,0,0
6000.0,15.38,1,0
4000.0,6.29,0,0
20825.0,11.59,1,0
12000.0,11.26,3,0
3500.0,13.52,9,0
7500.0,47.1,1,0
25000.0,25.79,10,0
15000.0,49.02,3,0
25000.0,21.55,10,0
25000.0,40.59,0,0
12000.0,19.01,6,0
4500.0,1694.35,5,0
11500.0,0.0,8,0
20000.0,19.69,4,0
6500.0,37.15,0,0
10000.0,39.9,1,0
4000.0,16.61,1,0
500.0,0.0,3,0
15000.0,7.19,10,0
12000.0,30.31,4,0
25000.0,50.88,10,0
5000.0,0.0,2,0
600.0,14.48,0,0
5000.0,16.69,3,0
3500.0,40.37,2,0
25000.0,0.0,0,0
4800.0,4.17,0,0
6000.0,24.44,10,0
5000.0,15.29,7,0
5000.0,24.27,10,0
20000.0,39.94,7,0
5000.0,37.92,7,0
18000.0,9.08,1,0
11000.0,34.79,4,0
7000.0,24.14,0,0
10000.0,11.42,10,0
10000.0,0.0,0,0
1500.0,3.36,0,0
6000.0,34.6,9,0
3500.0,0.43,5,0
18000.0,46.96,2,0
12000.0,44.56,10,0
20000.0,36.48,0,0
2500.0,0.0,4,0
2000.0,0.93,4,0
10000.0,31.05,10,0
5000.0,71.58,5,0
4000.0,12.17,2,0
2100.0,8.7,6,0
2500.0,30.05,1,0
5000.0,31.67,5,0
5000.0,0.0,10,0
8000.0,100.0,1,0
3000.0,1.24,0,0
25000.0,21.23,5,0
10000.0,18.03,2,0
11500.0,39.58,5,0
25000.0,9.36,10,0
20000.0,31.76,3,0
18000.0,74.16,1,0
18500.0,0.0,1,0
12000.0,81.79,4,0
7000.0,22.23,5,0
10000.0,31.3,3,0
3500.0,41.52,2,0
20000.0,26.91,1,0
18000.0,39.84,0,0
9700.0,19.04,6,0
5000.0,28.47,2,0
3000.0,36.59,7,0
2500.0,10.61,10,0
12000.0,27.32,0,0
15000.0,13.93,10,0
2000.0,25.79,10,0
10000.0,40.28,10,0
20000.0,27.61,6,0
13945.0,52.06,6,0
20000.0,7.71,2,0
25000.0,4.46,3,0
25000.0,18.08,8,0
10000.0,26.75,10,0
10000.0,37.28,6,0
2500.0,0.0,1,0
2000.0,14.13,2,0
18000.0,16.46,10,0
1500.0,14.52,0,0
15000.0,26.89,10,0
15000.0,37.52,1,0
5000.0,17.21,0,0
2000.0,6.0,0,0
12200.0,35.93,1,0
10000.0,7.58,10,0
10000.0,0.47,10,0
20000.0,10.01,0,0
18000.0,35.82,3,0
10000.0,23.68,10,0
3500.0,27.94,2,0
5000.0,5.76,1,0
5100.0,48.11,6,0
15000.0,52.6,8,0
5000.0,20.4,9,0
2500.0,6.59,0,0
10000.0,21.19,0,0
10000.0,35.0,1,0
12000.0,40.95,1,0
5000.0,51.2,1,0
25000.0,6.3,10,0
10000.0,0.72,5,0
25000.0,80.18,10,0
12000.0,2.13,4,0
7000.0,31.31,0,0
10000.0,22.72,1,0
16000.0,2.6,8,0
7500.0,0.39,6,0
5000.0,0.45,10,0
10000.0,41.0,0,0
15000.0,19.44,4,0
10000.0,18.98,8,0
25000.0,27.76,10,0
14000.0,13.12,5,0
7500.0,11.4,0,0
10000.0,15.02,5,0
7000.0,53.29,10,0
6000.0,30.6,0,0
2000.0,12.4,0,0
21000.0,39.45,10,0
9000.0,1.99,0,0
20000.0,37.75,5,0
8000.0,19.35,10,0
1500.0,3.5,3,0
25000.0,60.98,4,0
10000.0,12.2,10,0
20000.0,57.37,10,0
25000.0,0.0,10,0
500.0,37.74,7,0
2500.0,0.0,0,0
18000.0,64.95,4,0
15000.0,21.39,4,0
5000.0,18.71,4,0
1500.0,1.2,7,0
15000.0,19.68,3,0
4000.0,9.0,0,0
3000.0,5.31,1,0
12500.0,32.93,3,0
20000.0,5.94,10,0
5000.0,13.66,5,0
25000.0,30.77,10,0
8000.0,9.77,10,0
10000.0,100.0,4,0
6000.0,61.42,4,0
4000.0,74.58,3,0
21575.0,29.45,2,0
15000.0,100.0,0,0
800.0,0.44,3,0
10000.0,24.55,7,0
10000.0,5.8,1,0
2525.0,20.4,2,0
25000.0,3.84,2,0
3000.0,15.46,0,0
600.0,0.0,4,0
20000.0,10.11,1,0
10000.0,13.24,7,0
25000.0,18.55,6,0
9000.0,1.47,2,0
15000.0,9.13,1,0
8000.0,22.3,9,0
20000.0,16.73,4,0
25000.0,4.54,10,0
1000.0,5.52,1,0
500.0,29.04,8,0
24000.0,18.26,8,0
10000.0,0.0,6,0
6000.0,0.71,1,0
1500.0,10.89,1,0
25000.0,71.15,2,0
6000.0,34.34,2,0
5000.0,0.0,1,0
1500.0,4.34,1,0
800.0,32.45,8,0
2500.0,36.74,10,0
25000.0,30.98,0,0
3000.0,0.78,2,0
5000.0,100.0,10,0
11000.0,32.63,0,0
10000.0,13.75,6,0
9800.0,37.53,10,0
20000.0,27.28,2,0
10000.0,161.19,2,0
8000.0,23.66,2,0
8000.0,21.2,1,0
6000.0,65.91,0,0
20000.0,23.4,10,0
25000.0,47.11,10,0
5000.0,19.25,9,0
3500.0,1.09,5,0
3000.0,0.0,4,0
25000.0,2.36,6,0
3000.0,47.57,0,0
14000.0,10.67,8,0
25000.0,48.24,8,0
25000.0,8.48,9,0
5000.0,0.0,2,0
5000.0,36.77,10,0
20000.0,28.38,10,0
20000.0,8.29,2,0
5500.0,38.25,4,0
10000.0,33.09,10,0
825.0,11.03,0,0
15000.0,8.92,10,0
7500.0,31.6,0,0
18000.0,10.32,10,0
12500.0,28.2,4,0
25000.0,48.72,1,0
2000.0,19.89,2,0
5000.0,13.03,0,0
25000.0,33.79,10,0
5000.0,5.59,0,0
10000.0,24.23,10,0
16600.0,18.56,6,0
2500.0,2.11,5,0
7500.0,18.59,0,0
3500.0,15.56,4,0
17000.0,27.33,8,0
5000.0,0.21,0,0
21000.0,58.29,4,0
2450.0,28.88,0,0
600.0,0.0,7,0
10000.0,33.5,4,0
25000.0,29.24,6,0
15000.0,10.5,10,0
12000.0,13.5,1,0
20000.0,8.95,10,0
7500.0,23.57,10,0
7000.0,36.0,10,0
20000.0,23.9,2,0
8850.0,36.84,0,0
12000.0,67.59,2,0
10000.0,65.63,1,0
2000.0,6.55,6,0
8000.0,31.98,10,0
1000.0,8.71,0,0
10000.0,13.29,1,0
5000.0,12.74,1,0
10000.0,9.73,1,0
20000.0,39.72,8,0
16000.0,23.95,10,0
5000.0,14.06,0,0
3500.0,100.0,6,0
4000.0,31.29,0,0
5000.0,9.43,0,0
19000.0,25.56,5,0
15000.0,42.64,6,0
20000.0,34.07,10,0
10000.0,46.76,10,0
15000.0,17.4,1,0
12000.0,12.69,5,0
15000.0,16.14,10,0
14500.0,14.04,10,0
10000.0,13.77,0,0
7000.0,24.04,8,0
10000.0,24.84,3,0
5000.0,15.97,8,0
20000.0,35.52,5,0
17500.0,21.94,3,0
5000.0,22.56,0,0
10000.0,14.13,10,0
13000.0,27.54,10,0
17250.0,22.6,1,0
10000.0,14.18,9,0
14525.0,26.9,10,0
20000.0,10.81,8,0
5000.0,20.9,0,0
10000.0,100.0,4,0
500.0,8.0,0,0
20000.0,24.4,8,0
15000.0,22.87,10,0
3500.0,6.84,1,0
2000.0,181.91,10,0
10000.0,21.15,9,0
11000.0,49.65,6,0
20000.0,13.45,0,0
4700.0,391.29,0,0
25000.0,11.7,0,0
5000.0,8.04,4,0
2000.0,0.0,4,0
15000.0,15.2,3,0
18000.0,20.64,0,0
19000.0,7.77,0,0
25000.0,27.98,0,0
20000.0,5.23,2,0
13000.0,28.81,10,0
14000.0,28.78,0,0
500.0,49.85,0,0
10000.0,0.0,0,0
2000.0,7.3,1,0
5000.0,14.18,0,0
25000.0,104.71,10,0
8000.0,31.02,10,0
6000.0,9.43,10,0
4000.0,100.0,10,0
11325.0,20.32,2,0
1000.0,2.0,0,0
10000.0,0.0,0,0
2100.0,10.37,0,0
24000.0,37.54,10,0
17500.0,23.67,6,0
4200.0,46.13,8,0
10000.0,0.0,4,0
12000.0,11.95,5,0
2500.0,0.0,10,0
4200.0,13.44,1,0
15000.0,35.7,10,0
8000.0,28.6,10,0
1000.0,0.0,0,0
1000.0,19.01,2,0
5000.0,24.19,0,0
10000.0,30.92,10,0
10000.0,14.73,4,0
3000.0,10.0,0,0
13000.0,20.56,7,0
10000.0,9.22,4,0
12000.0,12.69,1,0
7000.0,36.0,10,0
6000.0,13.88,2,0
20000.0,17.43,10,0
5000.0,100.93,10,0
15000.0,0.71,2,0
5000.0,40.66,1,0
24000.0,38.31,1,0
6125.0,18.24,10,0
20000.0,27.32,5,0
12000.0,23.0,0,0
24000.0,11.65,3,0
25000.0,14.67,2,0
17000.0,0.0,0,0
10000.0,58.83,2,0
8000.0,15.37,2,0
15000.0,17.13,10,0
25000.0,13.97,1,0
10000.0,25.56,4,0
25000.0,4.44,7,0
15000.0,112.25,0,0
3000.0,0.0,7,0
4050.0,11.48,6,0
15000.0,12.59,1,0
4500.0,1.03,0,0
8000.0,28.45,1,0
500.0,0.0,10,0
2000.0,0.0,1,0
6500.0,5.28,2,0
1000.0,19.38,10,0
6000.0,1.33,10,0
4000.0,64.36,8,0
25000.0,7.8,6,0
25000.0,18.34,4,0
2300.0,21.0,10,0
25000.0,5.03,2,0
5000.0,49.11,3,0
1500.0,77.4,0,0
18875.0,14.99,8,0
5000.0,15.55,8,0
25000.0,26.39,1,0
12000.0,29.96,10,0
6675.0,6.11,10,0
24000.0,19.79,1,0
17000.0,18.69,10,0
15000.0,1.95,0,0
10000.0,7.29,6,0
2000.0,12.15,10,0
5000.0,2.04,8,0
23000.0,27.96,10,0
5000.0,0.0,1,0
4000.0,11.11,4,0
2500.0,231.0,0,0
10000.0,0.0,0,0
3000.0,12.8,9,0
15000.0,49.17,0,0
3000.0,11.15,8,0
17000.0,23.62,2,0
5000.0,19.24,0,0
5000.0,0.43,1,0
25000.0,33.67,1,0
15000.0,62.45,10,0
13200.0,23.93,0,0
20500.0,20.18,10,0
25000.0,6.57,10,0
25000.0,15.0,6,0
6000.0,20.77,8,0
25000.0,23.95,6,0
10000.0,10.32,10,0
1500.0,0.75,2,0
3500.0,0.0,3,0
14400.0,9.48,6,0
1750.0,9.45,10,0
5000.0,1.25,0,0
13000.0,26.4,9,0
20000.0,65.23,10,0
1000.0,0.0,0,0
20000.0,135.48,2,0
7800.0,4.0,0,0
11000.0,16.88,10,0
17493.0,89.46,6,0
15000.0,45.05,2,0
5000.0,43.64,0,0
5500.0,0.51,6,0
25000.0,8.2,7,0
15000.0,8.65,4,0
5000.0,69.26,10,0
7200.0,7.91,1,0
17000.0,15.17,0,0
6500.0,53.47,2,0
3000.0,1.71,2,0
25000.0,40.54,0,0
15000.0,21.18,1,0
16000.0,9.16,1,0
15000.0,0.0,4,0
20000.0,0.0,10,0
25000.0,23.56,1,0
20000.0,33.1,6,0
20000.0,13.0,2,0
25000.0,33.32,10,0
15000.0,21.57,10,0
24500.0,31.55,5,0
25000.0,13.43,3,0
6000.0,29.54,10,0
7000.0,0.0,2,0
7000.0,42.84,1,0
14000.0,11.62,1,0
25000.0,41.98,0,0
2500.0,13.45,0,0
3000.0,15.75,2,0
2000.0,70.87,2,0
25000.0,53.56,4,0
20000.0,18.13,10,0
20000.0,2.4,0,0
12000.0,14.82,3,0
25000.0,46.5,10,0
20000.0,29.6,6,0
6000.0,7.07,1,0
25000.0,20.17,10,0
1000.0,45.97,4,0
12000.0,10.63,0,0
6000.0,29.83,10,0
5000.0,9.12,10,0
14000.0,25.87,10,0
5000.0,100.0,2,0
10000.0,29.38,10,0
1000.0,8.13,1,0
25000.0,147.46,10,0
1525.0,4.25,6,0
10000.0,16.66,3,0
8600.0,16.96,10,0
3500.0,16.45,10,0
9500.0,22.72,1,0
9900.0,100.0,4,0
2000.0,0.0,4,0
25000.0,65.57,6,0
15000.0,19.82,2,0
5000.0,33.96,0,0
5000.0,7.3,6,0
1500.0,0.0,2,0
5000.0,0.58,5,0
10000.0,50.85,4,0
25000.0,48.96,3,0
10000.0,20.69,10,0
4000.0,7.15,1,0
10000.0,46.95,6,0
10000.0,28.56,5,0
6500.0,4.43,0,0
8500.0,44.23,8,0
25000.0,18.96,9,0
25000.0,40.18,0,0
5000.0,2.9,1,0
6000.0,0.0,0,0
5000.0,2.35,10,0
25000.0,7.78,10,0
15000.0,100.0,8,0
2000.0,44.69,10,0
5000.0,26.93,0,0
11000.0,100.0,10,0
2500.0,100.0,10,0
3000.0,4.39,8,0
3000.0,11.53,10,0
500.0,2.36,2,0
5000.0,34.33,10,0
2000.0,36.64,3,0
3000.0,23.18,10,0
2000.0,0.0,0,0
15000.0,12.07,5,0
2000.0,21.84,1,0
20000.0,44.26,10,0
20000.0,14.22,0,0
3000.0,8.28,0,0
4000.0,0.0,1,0
10000.0,10.85,5,0
6000.0,9.6,0,0
14100.0,33.73,1,0
2000.0,35.4,0,0
25000.0,18.03,5,0
20000.0,47.5,0,0
16000.0,13.05,2,0
5000.0,0.0,9,0
13700.0,24.84,0,0
2000.0,0.0,0,0
20000.0,18.82,2,0
1500.0,11.11,7,0
15000.0,31.04,10,0
10000.0,41.83,10,0
9000.0,1.28,9,0
8850.0,25.14,8,0
20000.0,22.31,3,0
14000.0,12.89,1,0
15000.0,36.53,10,0
500.0,0.71,10,0
25000.0,29.73,9,0
22000.0,13.13,10,0
2100.0,0.74,9,0
1500.0,2.74,4,0
7000.0,3.65,0,0
2500.0,19.65,10,0
18000.0,22.9,5,0
25000.0,64.77,10,0
20000.0,33.57,10,0
8000.0,0.0,1,0
13000.0,49.96,7,0
15000.0,8.61,9,0
25000.0,0.64,9,0
10000.0,24.15,0,0
16225.0,22.02,10,0
15000.0,33.47,1,0
8000.0,3.56,3,0
500.0,0.0,0,0
3000.0,81.46,0,0
25000.0,34.32,6,0
25000.0,22.8,0,0
25000.0,3.95,0,0
14300.0,9.53,5,0
15000.0,65.06,10,0
20000.0,34.45,2,0
25000.0,0.0,2,0
2500.0,16.06,3,0
15000.0,37.18,10,0
12500.0,7.17,2,0
2500.0,34.48,2,0
12500.0,21.42,0,0
10000.0,13.2,2,0
25000.0,25.71,10,0
7000.0,19.35,1,0
10000.0,56.13,0,0
25000.0,42.09,8,0
20000.0,36.56,10,0
6500.0,156.92,0,0
3500.0,32.96,10,0
17000.0,100.0,1,0
12000.0,9.48,8,0
500.0,35.79,3,0
10000.0,18.36,4,0
20000.0,100.0,2,0
15000.0,29.78,4,0
5000.0,10.95,2,0
17000.0,18.25,2,0
25000.0,40.38,5,0
20000.0,0.0,2,0
15000.0,31.38,10,0
25000.0,23.22,3,0
10000.0,9.5,1,0
7000.0,19.88,0,0
18875.0,15.51,9,0
12500.0,26.81,10,0
20000.0,4.19,9,0
5000.0,0.0,4,0
3000.0,16.05,10,0
13000.0,31.69,10,0
5000.0,2.24,0,0
25000.0,24.09,8,0
5000.0,10.92,10,0
24000.0,13.63,3,0
25000.0,0.0,1,0
500.0,4.66,1,0
10000.0,11.76,10,0
22200.0,88.27,0,0
10000.0,11.64,10,0
5000.0,6.76,10,0
10000.0,5.03,0,0
1200.0,21.48,0,0
3000.0,14.26,1,0
10000.0,150.6,10,0
10000.0,34.34,10,0
10000.0,18.48,3,0
10000.0,8.19,0,0
1500.0,11.13,5,0
14000.0,100.0,6,0
5700.0,42.95,0,0
1000.0,6.75,10,0
15000.0,15.97,10,0
25000.0,25.97,10,0
25000.0,40.98,8,0
20000.0,22.42,2,0
25000.0,33.0,10,0
8575.0,18.92,4,0
10000.0,12.8,6,0
15000.0,42.24,10,0
25000.0,12.11,1,0
5000.0,0.0,7,0
4000.0,5.18,1,0
25000.0,91.02,1,0
20000.0,27.6,10,0
20000.0,8.97,9,0
12000.0,23.94,6,0
9000.0,29.52,0,0
5000.0,100.0,0,0
20000.0,27.03,0,0
20000.0,16.55,2,0
8000.0,7.29,0,0
5000.0,30.76,0,0
8000.0,6.32,10,0
4000.0,0.0,2,0
5000.0,36.67,0,0
20000.0,15.49,10,0
20000.0,100.0,4,0
25000.0,25.34,1,0
3000.0,22.93,6,0
15000.0,45.34,10,0
8000.0,24.18,2,0
7200.0,9.71,1,0
15000.0,10.27,5,0
5000.0,23.28,9,0
4000.0,75.34,10,0
15000.0,36.16,3,0
5000.0,36.5,10,0
12000.0,26.78,6,0
10000.0,57.07,4,0
20000.0,42.28,1,0
20000.0,0.0,4,0
15000.0,1.37,4,0
12750.0,26.44,10,0
15000.0,25.3,10,0
24000.0,16.34,6,0
20000.0,0.29,4,0
6000.0,31.23,2,0
21095.0,36.26,1,0
3000.0,86.1,0,0
3000.0,24.34,1,0
15000.0,44.86,1,0
3500.0,0.0,0,0
15000.0,36.92,3,0
3000.0,3.5,2,0
20000.0,25.13,6,0
13000.0,100.0,10,0
25000.0,32.33,0,0
500.0,45.42,10,0
15000.0,42.88,8,0
20000.0,32.72,10,0
2500.0,2.79,1,0
25000.0,18.52,0,0
1500.0,100.0,6,0
750.0,3.67,1,0
5000.0,24.0,2,0
6500.0,14.08,10,0
7000.0,100.0,4,0
25000.0,19.12,9,0
5000.0,7.94,10,0
2500.0,20.86,1,0
20000.0,27.06,1,0
9000.0,24.65,10,0
15000.0,17.95,10,0
5000.0,27.78,0,0
20000.0,100.0,10,0
500.0,17.46,0,0
5000.0,0.35,0,0
1000.0,0.0,3,0
25000.0,22.56,10,0
25000.0,10.65,0,0
12000.0,100.0,10,0
8000.0,3.57,3,0
5000.0,4.76,3,0
8000.0,19.48,9,0
12000.0,40.14,9,0
17000.0,11.57,7,0
15000.0,3.29,4,0
25000.0,0.96,7,0
19000.0,32.24,10,0
25000.0,55.71,3,0
20000.0,22.03,10,0
15000.0,0.0,6,0
21000.0,0.0,10,0
16500.0,22.22,10,0
11732.0,21.27,5,0
20000.0,23.2,5,0
16000.0,31.42,10,0
25000.0,11.84,2,0
5000.0,7.81,9,0
8000.0,100.0,3,0
10000.0,17.61,1,0
5000.0,100.0,3,0
5000.0,6.87,2,0
22000.0,21.91,9,0
5000.0,18.11,1,0
5000.0,0.0,1,0
5000.0,4.29,9,0
3200.0,42.86,10,0
25000.0,23.92,10,0
9000.0,15.65,10,0
900.0,21.84,0,0
9000.0,49.75,4,0
17000.0,34.01,4,0
13000.0,20.42,10,0
5000.0,0.0,2,0
10000.0,269.78,3,0
25000.0,28.94,0,0
10000.0,0.83,6,0
500.0,55.8,1,0
10000.0,17.0,2,0
25000.0,18.08,5,0
18000.0,18.13,5,0
10000.0,0.84,10,0
3200.0,4.06,10,0
500.0,6.0,0,0
20000.0,19.02,6,0
20000.0,7.68,0,0
600.0,0.0,1,0
5000.0,92.54,6,0
9000.0,40.62,1,0
500.0,0.0,0,0
2500.0,20.7,10,0
5000.0,8.95,0,0
20000.0,31.61,9,0
1500.0,1.61,0,0
10000.0,0.0,1,0
12000.0,24.49,3,0
5000.0,37.51,3,0
4500.0,22.05,7,0
2000.0,5.23,10,0
18000.0,6.48,6,0
4500.0,0.43,0,0
4800.0,22.22,0,0
25000.0,33.27,1,0
3000.0,0.0,2,0
16000.0,28.29,0,0
10000.0,0.0,9,0
4000.0,25.23,0,0
12000.0,8.86,2,0
9400.0,11.31,0,0
25000.0,8.59,2,0
2000.0,12.64,3,0
15000.0,3.23,2,0
16000.0,9.43,10,0
12000.0,6.26,4,0
10000.0,100.0,10,0
20900.0,16.93,1,0
2500.0,67.93,1,0
15000.0,19.22,10,0
9000.0,12.54,2,0
20900.0,36.46,1,0
23000.0,79.6,8,0
5000.0,21.26,0,0
15000.0,8.11,2,0
10000.0,6.52,4,0
1000.0,0.0,0,0
3000.0,28.57,0,0
25000.0,0.0,3,0
8000.0,100.0,10,0
10000.0,37.2,0,0
20000.0,24.38,10,0
4000.0,36.3,2,0
20000.0,1.8,4,0
2000.0,0.0,4,0
25000.0,27.84,7,0
2000.0,7.31,0,0
15000.0,19.97,6,0
7000.0,10.6,9,0
25000.0,4.99,0,0
5000.0,29.84,7,0
3000.0,18.49,10,0
8000.0,0.0,0,0
18400.0,14.65,2,0
22000.0,0.02,10,0
20000.0,0.0,0,0
2500.0,1.0,0,0
10000.0,6.89,6,0
25000.0,36.14,2,0
8000.0,55.77,0,0
9000.0,8.06,0,0
8500.0,36.44,5,0
16000.0,21.37,1,0
21000.0,32.34,6,0
19800.0,42.72,3,0
24000.0,3.78,2,0
3500.0,1.2,1,0
7500.0,100.0,2,0
15000.0,24.36,3,0
22000.0,6.96,10,0
5000.0,6.36,10,0
15000.0,11.61,0,0
1000.0,2.13,1,0
8500.0,8.36,10,0
10000.0,56.93,1,0
8575.0,21.18,3,0
15000.0,40.3,0,0
10000.0,27.56,2,0
14750.0,18.79,1,0
20000.0,21.68,10,0
15000.0,21.68,10,0
2500.0,9.97,8,0
14000.0,100.0,2,0
10000.0,19.52,0,0
5000.0,15.83,2,0
6000.0,0.0,1,0
10000.0,13.29,1,0
20000.0,12.9,1,0
7000.0,36.81,0,0
25000.0,0.0,10,0
20000.0,40.13,2,0
20000.0,100.0,3,0
1500.0,0.0,1,0
8500.0,267.95,1,0
5000.0,100.0,5,0
7000.0,47.21,3,0
10000.0,29.62,0,0
10000.0,77.72,10,0
20000.0,16.87,0,0
8000.0,14.12,0,0
10000.0,6.52,1,0
8000.0,16.4,1,0
10000.0,14.22,10,0
3000.0,3.87,1,0
15000.0,19.87,0,0
8000.0,19.5,2,0
8000.0,4.59,10,0
25000.0,39.31,10,0
25000.0,34.91,10,0
5000.0,7.73,2,0
5000.0,8.98,5,0
12000.0,20.44,10,0
1500.0,100.0,6,0
3000.0,100.0,2,0
20000.0,0.93,1,0
20000.0,27.31,4,0
25000.0,30.81,0,0
500.0,1.09,3,0
500.0,30.9,2,0
5500.0,39.14,1,0
3500.0,23.62,3,0
10000.0,40.43,0,0
25000.0,16.56,10,0
7000.0,3.73,0,0
3000.0,25.54,2,0
10000.0,15.56,10,0
500.0,2.7,5,0
20000.0,100.0,6,0
5000.0,67.25,3,0
6000.0,10.43,9,0
2500.0,68.7,10,0
2500.0,17.55,6,0
3800.0,25.03,8,0
15000.0,55.4,2,0
25000.0,72.48,9,0
15000.0,29.16,4,0
500.0,8.6,2,0
25000.0,17.84,0,0
15000.0,27.58,2,0
20000.0,36.8,10,0
3000.0,22.09,10,0
15000.0,20.0,0,0
2000.0,2.64,0,0
19000.0,24.29,10,0
25000.0,26.38,0,0
5000.0,42.47,0,0
5000.0,45.07,10,0
15000.0,35.38,2,0
500.0,507.94,5,0
20000.0,12.27,10,0
10000.0,34.5,0,0
25000.0,56.45,3,0
13000.0,49.8,0,0
2500.0,8.17,4,0
10000.0,0.0,0,0
5000.0,18.07,0,0
14000.0,32.65,10,0
900.0,28.83,2,0
20000.0,29.36,6,0
2000.0,29.19,1,0
20000.0,10.18,2,0
25000.0,26.44,4,0
3000.0,125.26,0,0
25000.0,40.64,3,0
5500.0,14.77,3,0
6000.0,0.98,1,0
6150.0,21.95,1,0
10000.0,15.81,10,0
7500.0,14.03,10,0
7200.0,11.28,0,0
5000.0,0.0,10,0
20000.0,100.0,0,0
4000.0,45.1,6,0
25000.0,37.15,4,0
17500.0,27.62,1,0
20000.0,62.39,2,0
15000.0,100.0,4,0
6000.0,10.33,8,0
20000.0,22.69,1,0
15000.0,10.71,10,0
10000.0,100.0,8,0
10000.0,34.21,0,0
20000.0,10.97,6,0
500.0,0.0,5,0
15000.0,37.44,8,0
18000.0,100.0,0,0
10000.0,0.0,1,0
9500.0,24.96,5,0
1000.0,8.04,2,0
1000.0,31.28,0,0
2050.0,22.85,1,0
6000.0,16.92,10,0
15000.0,27.21,10,0
9000.0,26.19,3,0
5000.0,10.2,10,0
20000.0,26.22,10,0
16000.0,50.77,8,0
25000.0,25.7,8,0
10000.0,19.35,2,0
5000.0,0.0,2,0
15000.0,2.3,3,0
10000.0,10.08,6,0
25000.0,25.39,2,0
12000.0,100.0,10,0
10000.0,101.83,0,0
5000.0,24.96,1,0
10000.0,13.88,6,0
2000.0,0.0,0,0
4000.0,9.45,6,0
3500.0,27.0,4,0
15000.0,100.0,2,0
8000.0,27.63,7,0
2000.0,29.33,5,0
5000.0,38.47,10,0
17000.0,9.05,10,0
5000.0,100.0,1,0
15000.0,32.83,6,0
12000.0,32.46,10,0
5500.0,21.48,10,0
10000.0,20.98,0,0
10000.0,100.0,0,0
18000.0,13.24,2,0
22000.0,9.78,10,0
20000.0,31.88,6,0
25000.0,115.32,10,0
21500.0,6.0,6,0
15000.0,36.48,0,0
18500.0,0.0,5,0
10000.0,31.55,6,0
15000.0,15.7,8,0
1500.0,36.93,4,0
8000.0,14.02,10,0
950.0,0.0,1,0
5000.0,17.77,4,0
15000.0,1.29,7,0
3500.0,17.85,10,0
2500.0,22.08,0,0
23000.0,21.43,10,0
15250.0,28.16,5,0
20000.0,58.34,0,0
8000.0,7.33,10,0
25000.0,51.95,10,0
3000.0,61.29,10,0
5000.0,27.95,0,0
20000.0,100.0,2,0
1200.0,0.4,10,0
15000.0,15.04,10,0
5000.0,16.54,10,0
10000.0,0.0,10,0
2000.0,0.0,1,0
6000.0,7.95,10,0
18000.0,46.47,2,0
12000.0,0.0,6,0
6000.0,22.74,9,0
500.0,0.0,9,0
19000.0,30.93,10,0
5000.0,0.94,2,0
15000.0,8.44,0,0
20000.0,49.38,6,0
6000.0,0.36,6,0
10000.0,13.2,3,0
25000.0,6.25,4,0
25000.0,20.24,10,0
1000.0,0.0,0,0
3000.0,15.92,4,0
16500.0,10.74,10,0
3000.0,5.77,10,0
3500.0,15.38,0,0
3000.0,16.92,10,0
10000.0,25.72,2,0
5000.0,0.0,0,0
1500.0,40.25,10,0
20000.0,30.09,2,0
15000.0,14.89,5,0
15000.0,17.12,0,0
25000.0,45.64,0,0
15000.0,40.18,8,0
8000.0,6.29,1,0
5500.0,36.25,10,0
17000.0,14.44,10,0
15000.0,12.5,10,0
5000.0,100.0,6,0
1500.0,137.4,10,0
20000.0,25.07,10,0
18000.0,31.06,3,0
10000.0,19.01,1,0
7000.0,7.38,4,0
22500.0,15.93,0,0
10000.0,15.35,10,0
3000.0,13.75,1,0
800.0,22.13,1,0
10000.0,0.0,9,0
25000.0,52.84,0,0
20000.0,21.47,2,0
5000.0,25.54,10,0
5000.0,11.4,4,0
500.0,3.36,10,0
5000.0,37.82,0,0
5000.0,15.46,2,0
2000.0,18.34,0,0
15000.0,100.0,2,0
7000.0,0.31,7,0
5000.0,0.0,0,0
5000.0,0.0,9,0
7000.0,1.01,10,0
7500.0,70.8,0,0
20000.0,100.0,9,0
25000.0,0.58,6,0
10000.0,36.68,0,0
18000.0,19.49,0,0
10000.0,10.31,10,0
15000.0,18.46,6,0
2000.0,0.0,0,0
25000.0,13.17,3,0
4000.0,5.36,0,0
5000.0,11.35,0,0
15000.0,40.46,6,0
500.0,0.0,2,0
10000.0,21.33,10,0
7000.0,33.78,3,0
19500.0,8.09,4,0
8000.0,14.64,10,0
3500.0,0.0,0,0
20000.0,43.29,3,0
25000.0,29.88,0,0
25000.0,33.52,10,0
5000.0,23.34,4,0
8000.0,22.23,10,0
10000.0,27.0,10,0
25000.0,32.98,10,0
8000.0,13.74,6,0
7000.0,18.15,0,0
6000.0,0.33,8,0
14500.0,22.7,0,0
25000.0,36.89,10,0
25000.0,55.01,10,0
14000.0,24.22,10,0
17000.0,0.0,0,0
3000.0,9.75,0,0
20000.0,15.62,0,0
13000.0,77.76,8,0
4000.0,0.0,4,0
6000.0,3.12,1,0
20000.0,1.18,7,0
8000.0,31.55,1,0
6000.0,12.33,10,0
9100.0,100.0,10,0
20000.0,60.31,1,0
3000.0,24.96,6,0
22000.0,44.52,1,0
5000.0,16.4,10,0
12000.0,13.28,10,0
24000.0,35.43,3,0
15000.0,100.0,6,0
20000.0,19.0,6,0
25000.0,31.45,5,0
20000.0,34.13,3,0
15000.0,0.68,10,0
25000.0,0.0,0,0
5000.0,11.09,0,0
4000.0,7.37,0,0
25000.0,20.54,10,0
20000.0,3.46,10,0
6000.0,40.24,9,0
10000.0,100.0,10,0
20000.0,67.17,8,0
20000.0,31.73,6,0
8500.0,15.57,9,0
5000.0,0.0,10,0
20000.0,45.67,8,0
17000.0,28.04,10,0
13000.0,16.44,10,0
25000.0,4.04,3,0
15000.0,25.71,10,0
8000.0,18.86,2,0
1500.0,0.0,2,0
25000.0,53.28,0,0
6000.0,73.35,1,0
10000.0,4.8,0,0
11000.0,19.19,2,0
10000.0,24.29,1,0
20000.0,2.39,4,0
10000.0,26.6,1,0
15000.0,7.08,0,0
7000.0,100.0,10,0
5000.0,1.2,3,0
10000.0,1.78,10,0
5000.0,28.49,2,0
24975.0,0.86,3,0
10000.0,13.36,3,0
10000.0,16.82,10,0
9823.0,65.89,1,0
10000.0,15.18,4,0
7000.0,28.6,10,0
15000.0,29.37,5,0
10000.0,21.07,6,0
20000.0,37.94,10,0
4000.0,22.81,1,0
7500.0,9.78,6,0
20000.0,41.43,0,0
17000.0,29.22,10,0
2000.0,12.59,0,0
13000.0,19.8,10,0
10000.0,9.83,2,0
5000.0,15.9,0,0
14000.0,13.17,9,0
1000.0,28.93,5,0
2000.0,29.93,2,0
10000.0,34.8,6,0
15000.0,30.95,1,0
15000.0,24.21,5,0
2500.0,24.1,2,0
12000.0,25.03,4,0
20000.0,1.6,2,0
25000.0,16.42,4,0
12000.0,16.82,8,0
4000.0,11.23,2,0
5000.0,0.0,0,0
20000.0,6.67,6,0
15000.0,8.93,10,0
18000.0,71.55,0,0
6700.0,12.13,4,0
5000.0,6.36,5,0
20425.0,19.11,1,0
3000.0,1.42,1,0
25000.0,33.0,1,0
10800.0,11.04,4,0
3500.0,20.02,0,0
2000.0,22.36,4,0
20000.0,139.01,0,0
10000.0,47.46,8,0
20000.0,22.34,0,0
17000.0,22.0,10,0
20000.0,28.86,0,0
20000.0,0.0,0,0
20000.0,12.02,3,0
5000.0,21.94,1,0
20000.0,37.08,4,0
10000.0,0.74,10,0
10500.0,28.27,0,0
15183.0,14.0,0,0
10000.0,1.11,2,0
8000.0,0.0,2,0
25000.0,29.35,1,0
20000.0,30.0,10,0
2000.0,8.14,0,0
1500.0,24.81,8,0
12000.0,0.0,10,0
25000.0,12.23,10,0
13000.0,9.66,1,0
8000.0,4.75,3,0
14100.0,11.71,3,0
15000.0,0.0,0,0
4500.0,21.83,0,0
8500.0,26.27,10,0
5000.0,0.56,4,0
15000.0,29.56,5,0
10000.0,1.2,1,0
5000.0,40.05,5,0
23000.0,15.34,6,0
5100.0,19.56,0,0
20000.0,20.28,5,0
3000.0,35.16,3,0
10000.0,27.58,4,0
5000.0,0.0,3,0
2500.0,0.0,0,0
15000.0,1.75,0,0
25000.0,16.27,10,0
3000.0,20.32,10,0
4000.0,10.44,0,0
3000.0,7.15,0,0
20000.0,20.13,8,0
20000.0,9.88,10,0
1500.0,64.62,1,0
6000.0,22.64,10,0
20000.0,6.62,6,0
15000.0,32.66,6,0
12000.0,35.17,1,0
15000.0,13.49,0,0
20000.0,13.28,2,0
10000.0,34.64,6,0
20000.0,29.13,8,0
10000.0,46.13,8,0
4500.0,30.0,0,0
7100.0,9.29,0,0
5048.0,44.63,4,0
3000.0,2.68,10,0
12000.0,8.57,8,0
20000.0,17.76,2,0
13500.0,22.32,1,0
5000.0,61.19,0,0
1000.0,15.15,10,0
2500.0,0.0,10,0
15000.0,0.0,0,0
1000.0,28.16,0,0
25000.0,7.57,10,0
18500.0,25.68,4,0
500.0,0.0,3,0
500.0,0.0,2,0
5500.0,2.93,10,0
15000.0,69.51,4,0
5825.0,27.25,6,0
4000.0,12.39,0,0
18000.0,20.57,5,0
7000.0,17.56,0,0
7000.0,60.38,10,0
15000.0,1.5,0,0
10000.0,100.0,0,0
15000.0,7.85,2,0
10000.0,37.38,2,0
5000.0,10.43,2,0
3000.0,3.77,0,0
9000.0,1.22,6,0
20000.0,38.19,2,0
15000.0,9.54,8,0
5000.0,20.29,7,0
4000.0,48.2,1,0
1500.0,6.82,3,0
2000.0,100.0,4,0
11500.0,61.54,2,0
6500.0,0.0,6,0
5000.0,6.69,5,0
10000.0,51.25,1,0
10000.0,0.06,0,0
11000.0,25.6,10,0
25000.0,33.82,10,0
13000.0,61.25,1,0
15000.0,12.88,0,0
3000.0,0.0,2,0
11000.0,100.0,2,0
7000.0,26.57,8,0
7500.0,100.0,10,0
3000.0,13.31,10,0
25000.0,43.44,0,0
10000.0,35.88,1,0
6000.0,6.78,10,0
25000.0,35.59,10,0
20000.0,23.2,8,0
5000.0,1.75,0,0
20000.0,0.45,6,0
12000.0,35.95,10,0
19000.0,19.0,10,0
15000.0,47.6,0,0
3500.0,0.0,0,0
21600.0,10.1,0,0
5000.0,0.0,0,0
13500.0,29.36,4,0
5000.0,8.72,10,0
14000.0,13.76,9,0
8000.0,14.52,8,0
20000.0,40.35,2,0
5000.0,11.92,4,0
10000.0,17.51,6,0
20000.0,100.0,8,0
2000.0,29.69,1,0
10000.0,0.31,4,0
20000.0,31.22,10,0
12000.0,19.98,2,0
10000.0,0.51,4,0
17000.0,66.25,10,0
5000.0,0.0,0,0
16300.0,36.62,2,0
10400.0,27.0,1,0
19000.0,29.96,8,0
25000.0,35.92,1,0
15000.0,15.31,0,0
18600.0,34.8,10,0
15200.0,28.67,4,0
15075.0,21.49,4,0
5300.0,25.59,10,0
10000.0,0.0,8,0
1500.0,17.11,5,0
4000.0,33.69,1,0
10000.0,50.69,4,0
25000.0,0.84,0,0
22000.0,20.25,0,0
8000.0,52.11,10,0
8400.0,0.0,10,0
800.0,0.0,3,0
15000.0,63.02,0,0
12000.0,8.79,0,0
9000.0,100.0,8,0
20000.0,24.25,6,0
11000.0,25.58,0,0
20000.0,7.22,2,0
20000.0,35.23,0,0
17000.0,31.25,10,0
20000.0,1.11,0,0
25000.0,10.55,10,0
6000.0,14.75,6,0
5000.0,12.81,9,0
10000.0,0.0,6,0
3000.0,5.83,1,0
10000.0,0.0,4,0
6400.0,9.48,1,0
20000.0,20.83,6,0
8000.0,3.75,0,0
21000.0,38.42,2,0
1500.0,6.67,4,0
8000.0,49.4,10,0
20000.0,44.0,10,0
3000.0,48.0,0,0
23000.0,4.29,0,0
15000.0,4.8,1,0
15000.0,30.58,1,0
11625.0,26.52,0,0
10000.0,7.53,0,0
500.0,200.71,0,0
6500.0,185.5,2,0
10000.0,37.94,3,0
3000.0,11.73,10,0
20000.0,27.43,6,0
10000.0,0.52,2,0
5000.0,14.34,6,0
4000.0,0.0,0,0
14000.0,100.0,6,0
4000.0,30.51,9,0
15000.0,5.91,10,0
25000.0,4.82,1,0
12000.0,2.26,4,0
25000.0,559.6,1,0
15000.0,16.04,9,0
20000.0,100.0,10,0
8200.0,3.33,0,0
5000.0,18.41,0,0
12000.0,9.66,10,0
2500.0,9.15,10,0
5200.0,83.41,0,0
10800.0,0.33,10,0
15000.0,19.07,8,0
5000.0,5.29,2,0
24300.0,57.84,2,0
10000.0,32.64,10,0
15000.0,27.51,0,0
5000.0,0.29,2,0
20000.0,0.2,8,0
4350.0,12.5,0,0
15000.0,5.72,10,0
15000.0,44.27,10,0
1000.0,100.0,0,0
7500.0,29.88,9,0
1500.0,51.91,5,0
5000.0,30.06,10,0
20000.0,18.48,10,0
9000.0,24.72,0,0
15000.0,23.13,10,0
25000.0,31.76,8,0
3000.0,28.77,10,0
2000.0,0.0,1,0
9900.0,20.66,10,0
3000.0,33.11,10,0
1000.0,38.91,2,0
6500.0,1.08,2,0
12500.0,7.56,10,0
20000.0,20.53,10,0
15000.0,10.05,2,0
20000.0,34.2,5,0
5000.0,0.0,5,0
13000.0,28.16,0,0
10000.0,13.34,6,0
15000.0,10.53,1,0
9000.0,20.15,1,0
25000.0,4285.71,6,0
18000.0,24.2,10,0
10000.0,10.86,3,0
20000.0,100.0,2,0
25000.0,0.0,5,0
5000.0,11.86,6,0
18000.0,7.4,4,0
10000.0,1.01,3,0
23000.0,35.74,8,0
15000.0,23.45,10,0
6000.0,36.22,10,0
5000.0,1.54,0,0
10000.0,100.0,0,0
17000.0,13.73,0,0
20000.0,0.75,6,0
3500.0,3.71,7,0
17000.0,100.0,2,0
15000.0,33.47,10,0
2500.0,3.33,2,0
2600.0,9.71,5,0
8500.0,0.0,2,0
15500.0,51.48,0,0
8000.0,100.0,9,0
3500.0,4.78,0,0
20000.0,31.78,4,0
5000.0,24.14,4,0
15000.0,34.27,7,0
8000.0,34.6,8,0
6000.0,16.74,8,0
10000.0,100.0,1,0
800.0,3.38,0,0
25000.0,28.74,1,0
17500.0,24.0,2,0
10000.0,13.94,1,0
10000.0,9.88,0,0
1000.0,2.21,1,0
10000.0,16.49,4,0
18000.0,22.21,10,0
1000.0,5.42,4,0
15000.0,100.0,10,0
1500.0,41.12,0,0
4500.0,16.94,10,0
4000.0,21.0,0,0
10000.0,48.53,10,0
5000.0,12.77,2,0
14000.0,12.66,0,0
22000.0,20.14,10,0
20000.0,8.69,2,0
4000.0,0.62,10,0
5000.0,100.0,10,0
15000.0,22.79,4,0
5000.0,2.67,5,0
25000.0,29.31,2,0
2500.0,28.34,3,0
6000.0,2.83,5,0
10000.0,22.66,0,0
5000.0,0.0,4,0
15000.0,100.0,10,0
10000.0,44.08,10,0
3000.0,9.26,2,0
25000.0,20.96,3,0
13000.0,20.38,6,0
25000.0,1.2,4,0
15000.0,18.39,2,0
8500.0,0.64,1,0
10000.0,0.2,10,0
7000.0,100.0,2,0
5000.0,0.0,2,0
4000.0,12.79,1,0
12000.0,30.03,6,0
1500.0,4.86,5,0
25000.0,17.6,0,0
8000.0,5.65,0,0
15000.0,11.18,5,0
3500.0,7.35,2,0
5000.0,0.0,0,0
700.0,12.31,10,0
1800.0,20.0,10,0
4000.0,26.3,5,0
1500.0,23.31,5,0
1500.0,0.0,0,0
500.0,6.63,10,0
20000.0,44.96,10,0
7500.0,20.16,2,0
20000.0,28.78,4,0
10000.0,2.4,0,0
5000.0,12.66,1,0
15000.0,29.12,10,0
5000.0,44.52,1,0
10000.0,46.17,10,0
6000.0,17.15,0,0
20000.0,100.0,4,0
15000.0,14.75,10,0
4000.0,18.9,8,0
20000.0,26.83,0,0
15000.0,15.34,8,0
8000.0,6.08,1,0
8000.0,51.24,10,0
2000.0,0.0,4,0
14500.0,26.42,10,0
1500.0,56.89,6,0
5000.0,43.43,8,0
20000.0,6.13,4,0
20000.0,100.0,2,0
24000.0,8.24,8,0
6500.0,1.75,7,0
10000.0,51.0,0,0
7000.0,1.67,7,0
15000.0,44.35,10,0
22000.0,100.0,10,0
25000.0,26.53,3,0
7000.0,9.32,7,0
5000.0,4.63,10,0
20000.0,1.56,10,0
10000.0,27.36,0,0
25000.0,9.2,0,0
2000.0,21.71,4,0
25000.0,22.6,1,0
6000.0,18.48,8,0
16000.0,13.68,10,0
6400.0,13.39,0,0
3000.0,18.78,0,0
20000.0,11.11,10,0
10000.0,11.59,6,0
15000.0,49.62,10,0
23000.0,36.94,0,0
24000.0,14.27,3,0
15000.0,28.36,4,0
15000.0,100.0,4,0
13000.0,66.8,0,0
5000.0,0.27,2,0
21000.0,48.21,3,0
21000.0,29.1,10,0
25000.0,14.2,8,0
4500.0,15.03,2,0
10000.0,24.89,5,0
10000.0,10.89,8,0
3000.0,0.0,3,0
13000.0,27.59,5,0
8000.0,32.0,1,0
20000.0,15.33,1,0
5000.0,11.29,10,0
5000.0,40.92,10,0
14500.0,25.27,5,0
6000.0,25.03,1,0
3500.0,21.84,0,0
8000.0,25.18,10,0
10500.0,11.51,2,0
4000.0,6.26,10,0
16000.0,55.37,10,0
10000.0,100.0,10,0
5000.0,27.02,0,0
14000.0,100.0,4,0
20000.0,64.24,3,0
13000.0,16.45,8,0
10000.0,20.1,2,0
15000.0,14.15,10,0
10000.0,47.94,4,0
20000.0,30.38,0,0
10000.0,23.72,2,0
11000.0,22.8,6,0
2000.0,29.89,1,0
500.0,10.71,0,0
18000.0,100.0,1,0
20500.0,0.47,6,0
7000.0,43.25,5,0
2400.0,0.28,10,0
20000.0,52.25,5,0
25000.0,54.15,0,0
10000.0,17.54,0,0
8000.0,26.68,4,0
12000.0,43.08,4,0
5000.0,17.37,0,0
12500.0,27.29,5,0
4000.0,3.25,5,0
15000.0,100.0,8,0
14500.0,13.55,3,0
15000.0,48.99,10,0
4000.0,2.48,6,0
15000.0,16.07,10,0
5000.0,23.44,0,0
20000.0,9.11,0,0
10000.0,23.09,4,0
25000.0,7.57,0,0
3000.0,2.3,0,0
8400.0,10.13,5,0
15000.0,36.17,10,0
10000.0,1.5,10,0
2000.0,15.28,2,0
1500.0,33.94,3,0
5000.0,0.0,1,0
1000.0,3.0,0,0
15000.0,0.86,9,0
18000.0,28.29,10,0
2500.0,5.49,5,0
10000.0,15.59,2,0
4000.0,22.69,0,0
15000.0,28.13,6,0
10000.0,100.0,6,0
5000.0,39.15,7,0
14000.0,48.55,10,0
20000.0,0.29,6,0
21000.0,31.31,2,0
16000.0,4.91,10,0
500.0,21.25,1,0
10000.0,1.23,2,0
4100.0,50.15,8,0
6000.0,6.57,10,0
20000.0,10.27,8,0
14000.0,1.65,1,0
18000.0,17.23,10,0
20000.0,25.0,0,0
6000.0,15.14,2,0
14000.0,23.36,6,0
12500.0,32.55,0,0
3000.0,10.2,0,0
1200.0,0.0,0,0
6000.0,11.18,2,0
15000.0,4.63,1,0
5000.0,15.71,0,0
4000.0,0.0,0,0
15000.0,34.64,3,0
5000.0,100.0,2,0
25000.0,204.44,1,0
5000.0,0.63,1,0
15000.0,42.46,4,0
18000.0,19.55,0,0
25000.0,27.35,8,0
3975.0,3.41,2,0
5000.0,13.44,7,0
21000.0,26.22,8,0
12000.0,5.36,10,0
6000.0,17.83,9,0
10000.0,100.0,10,0
5000.0,3.67,6,0
5000.0,16.2,2,0
10000.0,32.86,10,0
4000.0,1.71,4,0
14000.0,14.8,0,0
4000.0,13.83,1,0
7000.0,19.03,4,0
25000.0,2.6,0,0
12000.0,100.0,0,0
25000.0,46.2,3,0
25000.0,9.28,0,0
12000.0,42.32,10,0
10000.0,46.65,0,0
20000.0,6.54,1,0
1500.0,21.49,3,0
3000.0,23.07,6,0
10000.0,13.82,3,0
15000.0,25.17,10,0
12000.0,26.16,0,0
15000.0,1.8,10,0
16000.0,37.53,10,0
25000.0,4.82,1,0
15000.0,34.27,0,0
7100.0,18.26,6,0
10000.0,22.98,10,0
8000.0,25.56,1,0
3000.0,100.0,6,0
5000.0,100.0,10,0
25000.0,6.62,8,0
25000.0,3.02,2,0
15000.0,18.2,6,0
8000.0,73.55,0,0
6000.0,19.07,3,0
1000.0,26.33,2,0
17000.0,29.92,4,0
3200.0,10.77,6,0
10000.0,29.41,3,0
1000.0,4.77,0,0
4000.0,1.64,4,0
1000.0,12.43,8,0
10000.0,7.64,0,0
20000.0,7.49,6,0
9000.0,21.86,10,0
5000.0,19.74,10,0
5000.0,19.57,0,0
12000.0,30.57,0,0
2500.0,3.27,10,0
10000.0,10.31,0,0
15000.0,38.61,7,0
5000.0,0.49,4,0
5000.0,39.99,2,0
2500.0,30.82,10,0
10000.0,13.12,10,0
10000.0,65.29,3,0
20000.0,30.2,2,0
18000.0,28.5,10,0
20000.0,100.0,2,0
11000.0,15.5,10,0
10000.0,100.0,2,0
4000.0,5.58,9,0
4500.0,22.37,4,0
10000.0,297.6,0,0
5000.0,10.1,1,0
13500.0,35.31,6,0
10000.0,22.58,6,0
7000.0,0.0,0,0
7000.0,10.62,3,0
10000.0,0.0,10,0
6000.0,8.0,0,0
4000.0,15.6,8,0
25000.0,4.15,7,0
13000.0,2.32,4,0
20000.0,3.04,2,0
20000.0,3.81,1,0
20000.0,24.63,4,0
9000.0,0.0,10,0
2500.0,40.09,0,0
5000.0,22.35,10,0
6000.0,12.4,2,0
2000.0,29.29,0,0
10000.0,16.74,2,0
700.0,0.95,10,0
15000.0,8.86,4,0
7000.0,50.57,2,0
10000.0,0.0,1,0
7500.0,13.93,8,0
2000.0,20.3,0,0
9500.0,0.49,2,0
10000.0,15.1,0,0
23000.0,32.59,10,0
3000.0,23.99,2,0
12000.0,100.0,8,0
19200.0,16.72,2,0
25000.0,50.64,3,0
4000.0,0.0,0,0
10000.0,22.0,9,0
12000.0,15.59,10,0
11000.0,4.6,5,0
14600.0,23.22,10,0
5000.0,1.95,10,0
5000.0,11.36,10,0
14000.0,100.0,10,0
8950.0,3.12,0,0
10000.0,100.0,4,0
10000.0,27.52,6,0
25000.0,5.84,1,0
10000.0,24.6,0,0
4500.0,10.04,3,0
5000.0,59.82,0,0
6000.0,48.86,0,0
11000.0,29.7,1,0
12000.0,16.5,2,0
23195.0,27.81,8,0
20000.0,29.49,7,0
20000.0,22.31,4,0
10000.0,27.49,1,0
6000.0,24.35,4,0
2500.0,27.13,1,0
15000.0,1.71,10,0
2000.0,38.95,0,0
24000.0,32.16,10,0
6500.0,6.99,10,0
10000.0,0.57,5,0
15000.0,19.01,0,0
17500.0,17.7,10,0
5000.0,1.95,6,0
3000.0,0.79,0,0
25000.0,2.43,2,0
8000.0,9.69,4,0
5000.0,5.04,6,0
25000.0,43.68,1,0
2700.0,47.0,0,0
15000.0,17.24,6,0
4000.0,0.0,1,0
500.0,8.78,2,0
500.0,16.91,0,0
21098.0,32.83,10,0
10000.0,86.78,10,0
10000.0,29.44,1,0
1125.0,1.07,1,0
17500.0,9.42,10,0
12000.0,37.72,10,0
1500.0,12.0,1,0
12500.0,6.32,6,0
4000.0,24.37,10,0
20000.0,10.2,10,0
2000.0,1.0,10,0
3000.0,30.48,4,0
15000.0,52.32,2,0
14500.0,17.7,0,0
15000.0,41.53,6,0
20000.0,40.23,1,0
4500.0,6.78,0,0
4000.0,1.7,6,0
900.0,4.2,2,0
19000.0,11.12,10,0
500.0,120.65,0,0
20000.0,13.33,10,0
1000.0,0.0,1,0
6000.0,12.57,7,0
25000.0,26.24,3,0
5000.0,29.2,3,0
7000.0,0.0,0,0
5000.0,32.0,7,0
10000.0,36.03,2,0
8000.0,100.0,1,0
5000.0,6.52,3,0
5000.0,19.17,1,0
2000.0,0.34,1,0
14000.0,8.6,0,0
4000.0,19.89,2,0
15000.0,27.52,3,0
10000.0,20.14,2,0
25000.0,3.14,0,0
18875.0,18.85,10,0
7500.0,27.34,4,0
15000.0,46.39,1,0
3000.0,1.78,10,0
1000.0,0.0,10,0
3000.0,0.0,1,0
17000.0,26.52,8,0
17000.0,17.33,0,0
3475.0,19.86,4,0
10000.0,11.89,1,0
5000.0,10.04,4,0
1000.0,0.0,1,0
15000.0,26.3,4,0
15000.0,13.94,1,0
20000.0,100.0,6,0
4000.0,12.2,1,0
12000.0,54.25,1,0
3000.0,44.27,7,0
8106.0,25.33,2,0
4000.0,0.0,1,0
25000.0,32.22,10,0
12000.0,23.71,3,0
8000.0,31.47,10,0
15000.0,38.8,0,0
500.0,4.03,0,0
7500.0,28.32,0,0
15000.0,28.51,10,0
2000.0,12.77,3,0
25000.0,42.0,0,0
4500.0,22.81,0,0
15000.0,40.71,10,0
8425.0,8.75,3,0
4000.0,16.16,0,0
3000.0,2.27,10,0
18000.0,36.92,10,0
12500.0,2.0,1,0
11000.0,30.17,2,0
19000.0,31.31,8,0
10000.0,35.62,10,0
20000.0,11.62,10,0
6000.0,7.87,9,0
20000.0,24.87,4,0
5000.0,13.13,6,0
16000.0,6.4,6,0
4000.0,21.67,0,0
10000.0,5.76,10,0
500.0,1.91,2,0
7500.0,15.82,0,0
15000.0,6.35,1,0
25000.0,9.57,0,0
15000.0,100.0,10,0
7500.0,100.0,10,0
10000.0,16.39,5,0
25000.0,33.87,4,0
8000.0,3.84,10,0
7000.0,5.82,3,0
8000.0,100.0,2,0
5000.0,100.0,4,0
15000.0,19.2,10,0
15000.0,26.13,10,0
15000.0,100.0,4,0
16000.0,26.62,4,0
25000.0,15.95,8,0
24000.0,9.15,1,0
14000.0,40.78,6,0
11000.0,29.35,8,0
15000.0,0.0,0,0
3000.0,2.16,0,0
15000.0,30.33,10,0
3000.0,17.52,3,0
20000.0,10.85,1,0
5000.0,26.12,3,0
11450.0,17.07,4,0
22000.0,100.0,10,0
7500.0,1.17,1,0
10000.0,8.66,10,0
16500.0,23.93,10,0
9500.0,45.3,4,0
10000.0,2.18,4,0
25000.0,3.58,7,0
3000.0,0.0,0,0
15000.0,21.59,4,0
15000.0,31.26,6,0
7000.0,26.88,0,0
13000.0,38.87,10,0
1000.0,59.16,4,0
10000.0,46.32,1,0
20000.0,35.5,4,0
9000.0,100.0,3,0
20000.0,18.9,10,0
5500.0,56.69,1,0
25000.0,29.74,1,0
10000.0,0.43,1,0
6000.0,8.45,0,0
5000.0,0.66,0,0
8000.0,1.25,0,0
15000.0,27.0,4,0
15000.0,34.99,4,0
20000.0,100.0,10,0
15000.0,23.24,0,0
1000.0,36.48,0,0
22000.0,26.23,10,0
10000.0,31.5,7,0
3500.0,1.24,0,0
10000.0,0.0,10,0
18500.0,37.08,10,0
3000.0,2.4,0,0
4000.0,45.5,0,0
5000.0,0.0,0,0
750.0,30.43,4,0
3000.0,11.11,1,0
1150.0,5.0,0,0
20000.0,33.44,1,0
5600.0,20.94,3,0
5000.0,0.54,0,0
4000.0,1.77,5,0
7000.0,0.0,0,0
3000.0,1.33,6,0
20000.0,0.34,4,0
500.0,118.0,3,0
15000.0,27.71,10,0
5000.0,7.45,10,0
20000.0,8.09,3,0
5000.0,6.67,1,0
4000.0,100.0,6,0
25000.0,40.84,3,0
13500.0,6.95,5,0
12000.0,36.99,1,0
12000.0,35.99,0,0
7500.0,1.68,0,0
500.0,37.58,10,0
4600.0,28.21,1,0
10000.0,21.0,10,0
8000.0,37.92,0,0
800.0,0.0,3,0
5000.0,5.17,4,0
20000.0,28.56,1,0
5000.0,2.12,2,0
15000.0,35.31,6,0
25000.0,1.47,2,0
25000.0,33.19,8,0
2300.0,77.25,2,0
15000.0,7.16,8,0
17000.0,15.15,4,0
19500.0,48.96,0,0
18000.0,64.93,6,0
7500.0,22.99,1,0
17000.0,100.0,10,0
20000.0,26.97,1,0
10000.0,100.0,0,0
7000.0,2.13,4,0
2500.0,16.43,0,0
5000.0,4.7,0,0
20000.0,13.11,6,0
7000.0,8.53,1,0
10000.0,0.76,2,0
18000.0,14.07,0,0
9000.0,0.0,0,0
4000.0,12.73,2,0
1500.0,29.57,4,0
5000.0,61.56,1,0
10000.0,19.76,4,0
10000.0,9.33,2,0
3700.0,20.26,4,0
23000.0,1.89,2,0
9700.0,40.61,0,0
18500.0,16.02,1,0
10000.0,63.72,2,0
24000.0,3.81,10,0
20000.0,21.79,8,0
7000.0,22.93,1,0
9000.0,0.0,0,0
20000.0,0.0,1,0
3000.0,2.6,4,0
3000.0,20.44,10,0
5000.0,13.3,10,0
10000.0,24.12,2,0
5000.0,2.25,6,0
18480.0,8.33,10,0
15000.0,8.27,0,0
16000.0,29.37,1,0
2000.0,13.38,10,0
20000.0,6.41,2,0
3500.0,42.59,4,0
23000.0,43.38,4,0
6000.0,21.91,9,0
15700.0,100.0,6,0
3000.0,0.0,0,0
7500.0,28.83,9,0
4000.0,0.0,5,0
14000.0,18.67,6,0
4000.0,0.0,10,0
3200.0,8.72,2,0
20000.0,26.08,10,0
8000.0,6.36,3,0
7500.0,0.65,1,0
10000.0,100.0,10,0
5000.0,23.64,1,0
15000.0,29.74,10,0
12000.0,19.53,10,0
2000.0,0.0,0,0
6000.0,1.33,3,0
10000.0,7.36,8,0
20000.0,4.51,0,0
8000.0,16.02,0,0
25000.0,0.5,4,0
11000.0,23.64,4,0
12400.0,15.55,5,0
20000.0,56.2,10,0
15000.0,44.8,0,0
25000.0,3.06,1,0
25000.0,9295.25,4,0
10000.0,31.16,10,0
17000.0,11.45,6,0
10000.0,23.95,4,0
20000.0,37.19,2,0
1500.0,3.55,3,0
25000.0,107.12,0,0
5000.0,0.0,1,0
9000.0,5.48,0,0
25000.0,7.68,10,0
10000.0,17.53,1,0
25000.0,33.41,1,0
7500.0,20.32,0,0
20000.0,34.31,2,0
16000.0,16.75,10,0
12000.0,4.27,0,0
15000.0,8.06,3,0
25000.0,34.94,0,0
7000.0,3.37,2,0
15000.0,25.48,2,0
7500.0,36.63,2,0
2500.0,8.7,5,0
25000.0,42.02,8,0
7500.0,0.0,0,0
17000.0,23.53,4,0
15000.0,18.59,9,0
5000.0,3.24,6,0
5000.0,4.9,4,0
20000.0,22.5,0,0
15000.0,15.99,0,0
8500.0,4.65,5,0
25000.0,21.97,6,0
3000.0,18.9,0,0
25000.0,21.53,5,0
20000.0,25.62,9,0
25000.0,5.26,3,0
11500.0,37.29,1,0
1000.0,0.0,0,0
25000.0,27.6,0,0
16000.0,18.31,10,0
15000.0,7.03,10,0
3900.0,0.0,2,0
20000.0,0.49,3,0
22000.0,47.62,10,0
12500.0,26.32,4,0
3000.0,13.96,10,0
4200.0,58.8,6,0
14000.0,48.79,4,0
25000.0,29.16,1,0
5000.0,29.63,2,0
5000.0,9.04,8,0
25000.0,23.22,4,0
7000.0,18.25,2,0
18000.0,17.2,4,0
23500.0,7.03,10,0
25000.0,18.7,3,0
5000.0,0.0,2,0
15000.0,18.33,10,0
20000.0,6.21,4,0
25000.0,9.3,10,0
10000.0,7.63,4,0
25000.0,5.58,0,0
20000.0,1.28,7,0
20000.0,11.39,6,0
10000.0,5.63,1,0
6000.0,16.93,4,0
5000.0,19.4,5,0
25000.0,42.92,3,0
7500.0,10.96,0,0
12000.0,24.31,4,0
15000.0,20.14,10,0
17000.0,37.68,0,0
20000.0,0.0,0,0
20000.0,17.99,8,0
10000.0,1.83,2,0
10000.0,0.0,10,0
15000.0,3.89,10,0
13000.0,28.65,8,0
11894.96,48.65,0,0
5500.0,12.32,2,0
5000.0,72.33,3,0
15000.0,6.05,10,0
6500.0,247.14,0,0
18000.0,100.0,4,0
20000.0,12.33,0,0
10000.0,0.44,10,0
4500.0,0.0,10,0
7000.0,26.81,10,0
7000.0,3.24,2,0
15000.0,33.09,0,0
13000.0,19.17,8,0
20000.0,36.89,10,0
17000.0,27.23,8,0
13000.0,100.0,3,0
13200.0,14.86,1,0
15000.0,17.52,10,0
500.0,0.86,2,0
20000.0,100.0,4,0
1500.0,39.99,8,0
3000.0,12.79,10,0
25000.0,26.12,8,0
15000.0,20.68,10,0
20000.0,95.51,10,0
8500.0,43.39,6,0
5000.0,26.85,10,0
15000.0,24.52,8,0
15000.0,5.26,10,0
15000.0,100.0,10,0
5000.0,59.4,8,0
12000.0,35.39,1,0
18000.0,8.3,4,0
10000.0,18.91,1,0
1500.0,15.4,5,0
2500.0,100.0,10,0
5000.0,24.04,10,0
8000.0,7.83,5,0
20000.0,16.32,1,0
6000.0,27.78,8,0
4000.0,0.0,1,0
23000.0,45.94,5,0
15000.0,9.78,6,0
25000.0,39.4,7,0
7200.0,9.97,10,0
15000.0,17.33,0,0
15000.0,20.0,0,0
20000.0,19.75,10,0
25000.0,6.47,0,0
18000.0,7.23,8,0
20000.0,10.76,10,0
12000.0,21.1,10,0
22000.0,37.54,10,0
2500.0,22.86,10,0
25000.0,0.0,10,0
4000.0,11.85,1,0
25000.0,8.77,0,0
1500.0,29.7,0,0
2050.0,75782.61,1,0
10275.0,0.0,1,0
3000.0,0.0,0,0
20000.0,3.06,1,0
10000.0,8.3,10,0
15450.0,23.24,4,0
25000.0,3.36,2,0
15000.0,1.35,4,0
25000.0,28.76,3,0
7925.0,10.78,4,0
6000.0,3.73,4,0
15000.0,39.69,9,0
8000.0,20.15,6,0
5000.0,3.77,0,0
5000.0,0.87,1,0
500.0,7.2,0,0
10000.0,0.0,10,0
2600.0,3.22,1,0
7500.0,2.44,7,0
4500.0,21.76,7,0
7000.0,13.08,1,0
3500.0,3.03,3,0
3475.0,43.69,5,0
30000.0,30.84,0,0
12000.0,5.75,4,0
20000.0,3.87,10,0
10000.0,10.44,1,0
25000.0,36.0,0,0
5000.0,12.29,0,0
2500.0,7.36,0,0
7500.0,14.48,9,0
14800.0,20.36,0,0
13000.0,19.21,0,0
10000.0,13.92,1,0
12000.0,100.0,10,0
10000.0,29.46,4,0
4787.0,45.37,0,0
25000.0,4.13,2,0
20000.0,25.36,5,0
5000.0,12.24,10,0
15000.0,28.91,8,0
6000.0,13.84,0,0
15000.0,30.15,4,0
10000.0,8.83,5,0
15000.0,5.34,0,0
25000.0,17.8,0,0
10000.0,19.59,9,0
8500.0,10.64,1,0
15000.0,3.0,10,0
22000.0,14.16,0,0
10000.0,100.0,4,0
12500.0,0.0,10,0
10000.0,20.16,0,0
7200.0,16.23,10,0
2000.0,26.91,9,0
10000.0,22.04,4,0
25000.0,23.19,10,0
3000.0,53.34,0,0
20000.0,23.38,4,0
2500.0,32.45,0,0
4500.0,1.11,3,0
8000.0,4.07,0,0
15000.0,39.45,10,0
24000.0,18.12,10,0
15000.0,21.9,8,0
10000.0,17.56,0,0
1000.0,17.45,0,0
25000.0,0.0,0,0
7000.0,5.99,2,0
12000.0,18.13,0,0
7500.0,17.11,4,0
5000.0,0.0,1,0
10000.0,100.0,10,0
12000.0,111.17,2,0
23000.0,32.12,8,0
11000.0,100.0,10,0
13000.0,20.22,10,0
19000.0,23.16,1,0
20000.0,75.37,10,0
10000.0,0.0,0,0
7000.0,14.9,2,0
7600.0,37.25,0,0
15500.0,28.94,10,0
4000.0,21.4,0,0
5000.0,1.88,0,0
25000.0,35.31,9,0
5000.0,7.38,3,0
2000.0,33.81,2,0
20000.0,49.54,1,0
5500.0,0.0,0,0
20000.0,19.85,6,0
7000.0,24.77,0,0
10000.0,10.31,10,0
12000.0,33.81,0,0
24000.0,9.75,4,0
5000.0,6.67,1,0
4500.0,18.06,0,0
6000.0,0.0,1,0
10000.0,11.51,5,0
5000.0,18.76,6,0
25000.0,20.26,0,0
14000.0,31.5,10,0
15000.0,55.71,5,0
20000.0,10.04,7,0
13000.0,11.67,4,0
24000.0,6.07,6,0
5600.0,0.0,0,0
3300.0,19.24,2,0
12500.0,40.98,10,0
900.0,15.5,7,0
6500.0,17.07,2,0
4200.0,1.07,4,0
500.0,7.72,6,0
7000.0,44.08,10,0
10000.0,11.4,2,0
2000.0,43.32,9,0
11200.0,11.48,0,0
11150.0,24.32,2,0
10000.0,5.68,10,0
5000.0,5.81,10,0
7350.0,12.85,0,0
25000.0,36.58,5,0
17000.0,15.65,10,0
7500.0,11.4,10,0
5000.0,100.0,6,0
9000.0,12.57,0,0
10500.0,5.21,5,0
25000.0,13.04,3,0
5000.0,30.58,2,0
13500.0,7.98,2,0
9750.0,7.82,3,0
5500.0,13.42,4,0
2000.0,56.53,10,0
500.0,10.1,0,0
3000.0,27.97,10,0
5000.0,2.21,2,0
15000.0,0.77,10,0
7400.0,20.92,0,0
5000.0,31.8,7,0
11500.0,36.87,10,0
25000.0,68.73,7,0
3000.0,0.43,1,0
10000.0,278.88,4,0
25000.0,6.79,10,0
10000.0,100.0,2,0
16000.0,10.92,10,0
15000.0,18.21,0,0
2000.0,0.67,4,0
3000.0,56.96,1,0
25000.0,0.96,10,0
20000.0,11.72,10,0
500.0,0.0,2,0
13000.0,10.48,0,0
2000.0,20.63,2,0
10000.0,46.18,1,0
15000.0,185.14,2,0
12000.0,10.44,10,0
5600.0,11.3,2,0
20000.0,34.55,6,0
11200.0,24.92,6,0
5000.0,25.92,10,0
15000.0,1.66,6,0
15000.0,14.11,10,0
21000.0,23.81,10,0
1500.0,30.6,0,0
5000.0,0.0,0,0
10000.0,31.71,0,0
8000.0,21.78,1,0
10000.0,59.06,10,0
8000.0,13.16,6,0
8000.0,35.16,4,0
25000.0,25.92,1,0
5500.0,11.33,1,0
1000.0,152.79,0,0
12000.0,13.66,1,0
1025.0,0.0,6,0
11400.0,17.9,4,0
9000.0,32.35,4,0
9000.0,8.69,2,0
15700.0,54.8,0,0
3000.0,9.05,1,0
2000.0,0.84,4,0
10000.0,0.0,7,0
20000.0,44.82,1,0
18500.0,11.6,0,0
15000.0,22.28,10,0
12000.0,25.84,2,0
20000.0,18.03,4,0
9500.0,1.14,2,0
5000.0,7.0,3,0
20000.0,54.51,10,0
10000.0,5.98,2,0
1000.0,16.3,4,0
19000.0,12.85,1,0
25000.0,37.95,5,0
1500.0,8.98,4,0
9000.0,1.67,10,0
5500.0,34.23,0,0
3000.0,0.0,1,0
5000.0,0.0,1,0
8500.0,15.71,9,0
15000.0,4.68,10,0
10000.0,17.69,3,0
500.0,17.28,5,0
7500.0,100.0,10,0
2500.0,10.99,3,0
20000.0,16.84,10,0
25000.0,17.24,10,0
10000.0,33.6,0,0
5000.0,0.4,0,0
5875.0,4.57,2,0
500.0,48.51,9,0
8000.0,0.0,0,0
8500.0,40.3,10,0
3500.0,11.4,2,0
25000.0,2.22,5,0
10000.0,30.44,2,0
10000.0,29.61,2,0
10000.0,18.31,0,0
15000.0,37.88,4,0
25000.0,17.96,3,0
23000.0,1.78,4,0
10000.0,0.48,0,0
9000.0,34.27,1,0
3500.0,0.53,0,0
25000.0,37.08,7,0
25000.0,17.44,3,0
1900.0,30.53,2,0
15000.0,0.82,0,0
3500.0,117.6,0,0
15000.0,16.3,8,0
1500.0,41.96,1,0
14000.0,28.74,10,0
15000.0,0.0,0,0
3000.0,2.56,4,0
5000.0,68.0,4,0
5000.0,34.88,0,0
14000.0,18.5,10,0
9600.0,7.6,5,0
5000.0,9.27,0,0
15000.0,46.35,5,0
2000.0,13.88,2,0
3500.0,30.76,3,0
10000.0,45.71,4,0
20000.0,38.0,0,0
6000.0,0.0,6,0
1500.0,1.93,4,0
10000.0,18.3,2,0
25000.0,17.48,10,0
500.0,17.53,0,0
3000.0,1.44,1,0
10000.0,100.0,10,0
5500.0,17.19,3,0
500.0,0.0,3,0
5500.0,39.53,7,0
12000.0,14.15,5,0
15000.0,34.8,0,0
3500.0,52.66,1,0
5000.0,0.0,0,0
7000.0,100.0,1,0
6000.0,100.0,2,0
3000.0,179.9,2,0
25000.0,53.1,7,0
25000.0,42.21,4,0
10000.0,31.19,10,0
650.0,1.62,3,0
5000.0,22.15,8,0
6000.0,12.33,1,0
5000.0,0.0,2,0
3000.0,61.2,1,0
20000.0,16.56,10,0
5099.34,20.21,8,0
15000.0,100.0,5,0
11000.0,11.16,10,0
10000.0,9.55,4,0
10000.0,25.5,10,0
20000.0,19.29,3,0
10000.0,27.87,10,0
15000.0,122.8,0,0
9600.0,0.31,4,0
15000.0,100.0,0,0
500.0,5.08,0,0
7000.0,58.43,6,0
5000.0,0.0,8,0
9000.0,0.14,2,0
2000.0,28.93,0,0
8000.0,15.73,5,0
6500.0,23.24,3,0
1500.0,3.8,2,0
2000.0,100.0,2,0
2000.0,20.72,4,0
2500.0,0.0,0,0
6500.0,11.07,10,0
5000.0,36.88,10,0
4000.0,19.79,10,0
10000.0,27.85,8,0
1000.0,1.13,2,0
6000.0,28.92,1,0
8800.0,0.57,3,0
5800.0,100.0,1,0
3000.0,0.0,2,0
3000.0,0.0,5,0
10000.0,25.93,10,0
19000.0,100.0,4,0
20000.0,0.0,0,0
5000.0,0.0,2,0
4000.0,3.2,10,0
5000.0,83.84,1,0
22000.0,26.12,0,0
5000.0,16.03,0,0
10000.0,17.32,1,0
5000.0,8.66,4,0
2000.0,9.2,10,0
2500.0,0.34,4,0
10000.0,2.26,10,0
20000.0,0.0,10,0
5000.0,14.08,2,0
22500.0,37.93,2,0
10000.0,44.45,10,0
20000.0,100.0,10,0
25000.0,1.67,3,0
9000.0,100.0,4,0
15000.0,100.0,10,0
10000.0,20.82,8,0
3000.0,7.9,0,0
15000.0,21.52,4,0
2500.0,0.0,8,0
18000.0,23.48,2,0
5000.0,15.15,2,0
20000.0,38.8,2,0
8000.0,30.1,3,0
1000.0,23.71,6,0
10000.0,0.0,10,0
2500.0,19.25,0,0
25000.0,7.42,3,0
10000.0,16.42,10,0
10000.0,0.0,2,0
20000.0,13.4,1,0
5000.0,28.64,5,0
10000.0,25.24,3,0
6000.0,19.68,7,0
15000.0,100.0,0,0
15000.0,13.8,2,0
10000.0,0.0,6,0
8575.0,26.17,2,0
10000.0,100.0,2,0
3000.0,16.02,0,0
15000.0,8.85,5,0
17000.0,11.12,6,0
2500.0,0.0,5,0
10000.0,12.65,4,0
19000.0,42.5,6,0
25000.0,72.44,5,0
20000.0,0.0,5,0
1700.0,12.22,2,0
25000.0,36.09,0,0
5500.0,0.48,4,0
5000.0,6.13,3,0
10000.0,16.56,6,0
14225.0,8.13,2,0
5000.0,5.34,1,0
24000.0,21.15,1,0
24000.0,22.64,6,0
10500.0,0.55,2,0
11000.0,39.92,1,0
20000.0,30.02,10,0
10000.0,2.69,0,0
10000.0,34.75,10,0
3000.0,7.14,6,0
17000.0,24.41,10,0
8000.0,0.0,2,0
5000.0,26.74,4,0
2500.0,0.0,0,0
24000.0,22.32,10,0
15000.0,17.27,4,0
23000.0,32.94,10,0
3000.0,27.89,3,0
7000.0,18.1,2,0
12000.0,110.2,1,0
3000.0,14.06,10,0
5000.0,24.53,1,0
20000.0,51.27,2,0
3000.0,36.25,4,0
14950.0,22.66,10,0
1000.0,3.42,5,0
10000.0,28.38,10,0
10000.0,17.94,1,0
10000.0,26.47,2,0
15000.0,9.39,4,0
4000.0,15.85,1,0
1500.0,0.0,1,0
15000.0,10.78,10,0
20000.0,6.66,3,0
6000.0,15.52,10,0
18000.0,100.0,6,0
15000.0,47.21,4,0
1500.0,19.11,4,0
15000.0,33.75,10,0
5000.0,9.18,3,0
6000.0,20.76,3,0
15000.0,9.48,4,0
22484.0,100.0,10,0
16500.0,1.71,0,0
22000.0,49.72,7,0
15000.0,19.17,1,0
15325.0,23.32,9,0
3000.0,0.25,6,0
12500.0,68.0,0,0
20000.0,0.91,1,0
15000.0,36.31,6,0
2000.0,218.38,0,0
25000.0,32.28,0,0
5000.0,12.6,0,0
6750.0,27.57,10,0
15000.0,0.0,4,0
5000.0,7.59,0,0
13000.0,55.77,2,0
15000.0,13.48,10,0
10000.0,38.77,6,0
25000.0,7.68,3,0
5000.0,34.33,1,0
12000.0,0.0,6,0
2000.0,0.0,0,0
4500.0,18.7,0,0
15000.0,0.0,0,0
10000.0,15.94,4,0
20000.0,37.79,4,0
20000.0,14.01,1,0
13500.0,15.9,1,0
2000.0,20.53,0,0
14500.0,100.0,1,0
25000.0,12.0,1,0
2000.0,0.43,10,0
21000.0,28.02,10,0
6000.0,2.28,10,0
25000.0,51.33,0,0
12000.0,7.3,3,0
10000.0,100.0,8,0
13000.0,100.0,10,0
6000.0,19.55,4,0
700.0,17.92,3,0
500.0,23.16,1,0
25000.0,59.52,4,0
18000.0,100.0,10,0
5000.0,100.0,3,0
6000.0,13.61,3,0
11000.0,9.01,10,0
2000.0,12.13,0,0
2000.0,100.0,10,0
3000.0,11.36,10,0
7000.0,14.22,2,0
25000.0,14.97,6,0
2500.0,0.0,1,0
25000.0,101.86,10,0
4500.0,22.33,1,0
10000.0,24.27,1,0
10000.0,17.93,2,0
10000.0,66.1,0,0
12000.0,31.65,10,0
6000.0,17.39,8,0
15000.0,6.8,6,0
5250.0,8.63,10,0
20000.0,27.53,10,0
16000.0,1.29,10,0
20000.0,30.12,10,0
20000.0,19.16,5,0
14900.0,65.42,1,0
8000.0,100.0,2,0
15000.0,17.1,10,0
10000.0,31.72,2,0
8000.0,30.45,0,0
1000.0,7.2,10,0
5000.0,3.59,10,0
5000.0,19.2,10,0
6000.0,6.94,3,0
11500.0,29.79,0,0
3000.0,6.76,10,0
5000.0,16.04,6,0
20000.0,47.92,0,0
10000.0,18.67,4,0
15000.0,9.77,0,0
7000.0,12.91,10,0
16000.0,6.58,2,0
15000.0,19.74,10,0
4000.0,3.52,0,0
20000.0,26.9,6,0
3000.0,12.93,1,0
20000.0,0.0,1,0
5700.0,11.24,0,0
15000.0,18.45,10,0
15000.0,15.29,8,0
5000.0,1.59,4,0
20000.0,34.06,1,0
3000.0,40.96,4,0
20000.0,12.74,4,0
9500.0,100.0,2,0
24000.0,16.5,10,0
10000.0,24.43,10,0
22000.0,17.26,2,0
15000.0,40.17,2,0
15000.0,39.88,4,0
3000.0,30.61,4,0
7000.0,37.44,8,0
20000.0,26.17,1,0
17000.0,39.91,8,0
15000.0,18.52,2,0
10000.0,1.4,0,0
3000.0,0.83,1,0
9000.0,16.38,1,0
15000.0,2.49,2,0
15000.0,18.56,6,0
18570.0,18.68,3,0
15000.0,25.71,2,0
3000.0,6.28,0,0
12000.0,15.62,1,0
10000.0,52.56,1,0
25000.0,0.0,1,0
25000.0,44.9,0,0
5000.0,33.55,8,0
5000.0,0.69,3,0
6500.0,36.41,0,0
15000.0,100.0,8,0
23000.0,36.19,9,0
24000.0,25.4,4,0
2500.0,115.0,4,0
4000.0,0.0,1,0
25000.0,167.75,0,0
20000.0,11.77,8,0
2500.0,100.0,8,0
5000.0,36.12,1,0
4000.0,15.45,2,0
13000.0,27.07,4,0
14000.0,13.72,0,0
25000.0,7.42,6,0
3000.0,11.42,2,0
7500.0,3.89,3,0
22500.0,26.93,4,0
10000.0,1.5,10,0
20000.0,24.96,9,0
24000.0,32.03,10,0
2450.0,3.71,0,0
4000.0,6.34,0,0
7500.0,19.44,3,0
1600.0,0.0,3,0
15000.0,18.83,10,0
1500.0,25.8,0,0
6000.0,14.52,6,0
20000.0,50.18,10,0
15000.0,10.03,10,0
7000.0,5.3,0,0
17000.0,1.77,10,0
5000.0,18.31,7,0
5000.0,22.07,2,0
1500.0,13.12,1,0
5000.0,7.31,1,0
2000.0,45.77,0,0
15000.0,18.05,10,0
1500.0,16.28,6,0
10000.0,19.29,4,0
2000.0,1.25,0,0
5000.0,7.56,3,0
7000.0,2.9,10,0
22000.0,23.14,6,0
7500.0,72.19,10,0
10000.0,17.4,6,0
17000.0,1.17,2,0
6000.0,0.0,4,0
5000.0,48.6,4,0
8000.0,22.31,0,0
3500.0,37.36,9,0
7800.0,13.49,6,0
2500.0,0.0,0,0
25000.0,18.71,2,0
7500.0,1.81,6,0
18000.0,41.87,0,0
2750.0,13.99,0,0
5000.0,24.81,4,0
3500.0,25.88,0,0
7000.0,10.98,10,0
12000.0,7.4,0,0
24000.0,48.84,0,0
3000.0,18.94,10,0
3000.0,6.0,1,0
5000.0,0.97,3,0
3500.0,0.0,3,0
1500.0,5.31,1,0
3500.0,0.0,2,0
3500.0,13.19,0,0
9000.0,19.37,4,0
10000.0,8.4,1,0
10500.0,16.89,5,0
1500.0,13.58,2,0
2500.0,0.0,0,0
10000.0,29.5,0,0
7025.0,26.18,3,0
5000.0,7.3,0,0
1000.0,1.59,0,0
8000.0,9.33,1,0
3500.0,4.94,6,0
7000.0,6.1,2,0
15000.0,1.83,4,0
10000.0,30.4,3,0
10000.0,32.0,2,0
25000.0,0.0,1,0
3800.0,29.16,0,0
25000.0,26.62,0,0
10000.0,13.35,5,0
4500.0,465.35,0,0
3000.0,2.4,1,0
25000.0,16.32,0,0
10000.0,0.0,10,0
3500.0,6.18,4,0
500.0,0.0,2,0
20000.0,22.0,6,0
4100.0,23.5,0,0
6500.0,27.33,2,0
2800.0,8.83,4,0
25000.0,14.38,7,0
8000.0,32.4,0,0
20000.0,21.37,2,0
7000.0,35.0,8,0
15000.0,100.0,1,0
11000.0,22.86,1,0
5000.0,13.23,1,0
500.0,1.5,1,0
7500.0,0.0,10,0
5000.0,2.32,2,0
14500.0,35.72,10,0
6000.0,0.53,1,0
7500.0,0.43,1,0
20000.0,42.22,1,0
5000.0,9.91,2,0
7500.0,12.25,2,0
700.0,54.78,0,0
2900.0,0.0,6,0
5000.0,3.32,0,0
2000.0,4.2,0,0
5000.0,31.11,6,0
20000.0,75.56,8,0
2500.0,14.09,10,0
2500.0,6.79,2,0
6000.0,0.0,4,0
20000.0,12.55,1,0
2800.0,7.38,4,0
2500.0,17.02,7,0
25000.0,0.0,0,0
4000.0,16.69,1,0
15000.0,1.39,2,0
9700.0,23.07,0,0
700.0,13.47,0,0
2000.0,26.4,6,0
20000.0,8.36,10,0
15000.0,20.01,0,0
1000.0,9.36,1,0
20000.0,38.96,5,0
6500.0,41.76,2,0
12500.0,2.8,1,0
21000.0,34.75,0,0
15000.0,0.0,3,0
5500.0,7.42,0,0
21000.0,26.47,8,0
25000.0,38.36,0,0
9000.0,23.36,0,0
15000.0,2.27,10,0
7000.0,23.31,0,0
25000.0,25.14,3,0
1500.0,0.45,7,0
4000.0,11.54,6,0
10000.0,38.62,10,0
20000.0,23.72,4,0
10000.0,4.45,10,0
25000.0,5.68,0,0
5000.0,100.0,2,0
9000.0,26.98,1,0
6000.0,0.02,8,0
2000.0,21.58,1,0
5000.0,42.42,10,0
20000.0,21.59,3,0
20000.0,23.42,10,0
10000.0,25.5,4,0
4000.0,3.93,2,0
3000.0,34.41,10,0
4350.0,13.93,1,0
14000.0,5.49,1,0
1500.0,6.31,4,0
10000.0,0.0,3,0
7000.0,14.74,2,0
4000.0,0.0,1,0
8000.0,14.86,0,0
20000.0,100.0,4,0
1000.0,178.8,2,0
10000.0,27.86,10,0
13000.0,34.28,2,0
20000.0,100.0,6,0
2500.0,16.05,2,0
10000.0,24.22,4,0
6000.0,0.0,1,0
22500.0,15.63,4,0
12000.0,33.21,4,0
20000.0,25.28,6,0
1500.0,14.68,1,0
10000.0,14.66,6,0
11000.0,21.35,3,0
12000.0,100.0,10,0
3500.0,49.44,6,0
4000.0,0.0,0,0
20000.0,21.75,4,0
25000.0,7.9,3,0
25000.0,4.08,2,0
10000.0,0.02,2,0
25000.0,0.0,5,0
20000.0,24.85,4,0
10000.0,48.06,0,0
20000.0,14.41,10,0
15000.0,0.23,6,0
10000.0,1.26,9,0
3000.0,3.09,1,0
6500.0,0.0,3,0
8400.0,0.0,0,0
7500.0,8.85,2,0
15000.0,100.0,4,0
15000.0,8.73,0,0
1000.0,0.0,3,0
7000.0,3.27,9,0
17000.0,7.57,10,0
13000.0,34.81,7,0
15000.0,14.79,3,0
13000.0,23.99,10,0
3000.0,0.63,4,0
8000.0,100.0,10,0
1000.0,1.54,0,0
12000.0,13.29,10,0
8000.0,0.0,0,0
4000.0,0.23,3,0
25000.0,30.71,0,0
6000.0,13.95,2,0
15000.0,15.51,1,0
2000.0,11.96,1,0
15000.0,5.33,5,0
25000.0,41.49,0,0
2000.0,26.11,7,0
20000.0,54.67,10,0
5000.0,10.55,8,0
25000.0,0.0,10,0
6000.0,7.59,1,0
8000.0,43.68,6,0
9000.0,100.0,1,0
25000.0,790.89,8,0
5000.0,28.68,10,0
7000.0,0.0,2,0
18000.0,5.94,2,0
20000.0,0.56,0,0
7000.0,20.15,0,0
5000.0,12.62,8,0
6975.0,38.8,10,0
17500.0,13.92,0,0
7500.0,29.0,3,0
10000.0,32.42,4,0
10000.0,4.93,0,0
3000.0,8.25,1,0
13000.0,14.7,10,0
3000.0,11.37,2,0
10000.0,12.65,10,0
2000.0,27.36,1,0
15000.0,13.35,4,0
20000.0,14.52,10,0
5000.0,13.3,6,0
1500.0,0.0,0,0
15000.0,10.59,1,0
500.0,1.79,10,0
18000.0,100.0,10,0
10000.0,0.0,3,0
20000.0,7.27,0,0
7000.0,9.05,10,0
1000.0,23.54,10,0
3750.0,2.5,0,0
5000.0,32.54,5,0
15000.0,0.0,4,0
25000.0,32.88,0,0
15000.0,31.82,10,0
7500.0,19.65,1,0
25000.0,9.64,1,0
5000.0,0.0,2,0
10500.0,25.15,5,0
5000.0,0.0,3,0
10000.0,18.65,5,0
24000.0,5.45,3,0
5000.0,27.32,1,0
5000.0,0.0,0,0
10000.0,22.88,10,0
10000.0,27.77,0,0
8000.0,41.02,10,0
4000.0,2.96,5,0
1650.0,44.74,3,0
1550.0,21.73,0,0
16000.0,32.23,10,0
10000.0,0.0,0,0
8000.0,1.73,1,0
15000.0,0.0,2,0
2500.0,100.0,10,0
5000.0,3.07,0,0
5000.0,31.67,2,0
10000.0,22.8,0,0
1500.0,16.17,6,0
2000.0,15.23,1,0
500.0,23.58,9,0
8000.0,1.92,4,0
1000.0,21.37,1,0
1500.0,0.0,0,0
23000.0,0.0,1,0
15000.0,14.26,0,0
15000.0,35.73,6,0
5000.0,41.22,0,0
500.0,4.58,9,0
6500.0,1.23,1,0
6000.0,31.66,8,0
25000.0,13.68,3,0
3275.0,11.53,3,0
25000.0,25.49,1,0
10000.0,19.18,10,0
3000.0,13.83,0,0
6000.0,12.13,10,0
18000.0,29.6,8,0
4000.0,17.43,1,0
22000.0,23.58,2,0
2100.0,8.32,4,0
2500.0,0.0,0,0
6500.0,11.98,2,0
19850.0,16.96,10,0
25000.0,28.48,7,0
7800.0,15.1,10,0
13000.0,8.57,3,0
1250.0,0.0,3,0
4500.0,100.0,10,0
9000.0,13.96,1,0
20000.0,4.28,4,0
3000.0,0.46,2,0
5000.0,13.78,3,0
7500.0,16.08,5,0
20000.0,13.35,0,0
4000.0,0.0,6,0
2000.0,16.95,6,0
7500.0,22.4,0,0
4800.0,4.4,0,0
10000.0,100.0,4,0
20000.0,12.24,0,0
2500.0,23.28,3,0
25000.0,0.0,1,0
3000.0,8.72,8,0
4000.0,12.72,1,0
2000.0,0.0,2,0
7500.0,0.83,6,0
10000.0,4.24,3,0
25000.0,26.54,0,0
3000.0,4.92,1,0
5000.0,40.31,5,0
10000.0,100.0,10,0
6000.0,12.0,1,0
2500.0,17.82,1,0
10000.0,9.93,1,0
3000.0,12.22,10,0
1000.0,26.26,3,0
650.0,14.0,0,0
5000.0,18.91,6,0
20000.0,24.89,2,0
20000.0,11.01,3,0
9000.0,5.54,8,0
500.0,30.6,6,0
10000.0,5.55,10,0
25000.0,29.31,0,0
1000.0,15.3,5,0
2500.0,14.03,4,0
17000.0,100.0,4,0
20000.0,24.35,10,0
6000.0,15.33,1,0
7000.0,29.18,0,0
1000.0,7.69,0,0
10000.0,22.17,0,0
21000.0,15.65,0,0
10000.0,0.0,0,0
4000.0,19.2,1,0
13900.0,100.0,0,0
10000.0,8.9,3,0
4000.0,100.0,1,0
20000.0,47.32,1,0
3600.0,10.12,9,0
3000.0,3.3,1,0
5000.0,14.82,3,0
2500.0,21.12,1,0
1500.0,0.0,2,0
3000.0,100.0,10,0
3100.0,0.64,4,0
3000.0,53.64,7,0
5000.0,6.16,10,0
4000.0,16.4,3,0
3000.0,16.07,2,0
3000.0,11.52,2,0
8000.0,30.8,2,0
5000.0,18.06,3,0
15000.0,2.84,9,0
9000.0,18.56,0,0
8000.0,1.5,0,0
5000.0,46.3,2,0
16000.0,100.0,10,0
1000.0,10.98,1,0
15000.0,100.0,8,0
3000.0,16.6,10,0
4000.0,4.62,8,0
3000.0,26.9,4,0
5000.0,26.12,6,0
20000.0,7.05,8,0
3000.0,100.0,10,0
10000.0,4.83,10,0
16500.0,13.4,10,0
3000.0,51.74,1,0
8500.0,12.61,3,0
3000.0,7.08,0,0
9500.0,0.0,0,0
1000.0,14.95,10,0
20000.0,52.56,10,0
20000.0,39.72,10,0
10000.0,30.56,5,0
2200.0,18.93,1,0
4500.0,14.55,1,0
5000.0,20.99,0,0
3000.0,41.6,2,0
17000.0,24.28,10,0
11000.0,21.71,10,0
10000.0,24.17,0,0
1000.0,0.84,6,0
15000.0,19.72,7,0
7000.0,28.4,0,0
3000.0,2.68,0,0
7500.0,0.0,1,0
22000.0,655.63,0,0
10000.0,32.71,3,0
7500.0,18.79,0,0
20000.0,371.54,2,0
1200.0,3.43,1,0
7500.0,21.07,10,0
7000.0,18.2,1,0
7000.0,0.6,5,0
24000.0,16.25,10,0
25000.0,46.38,0,0
20000.0,40.63,10,0
5100.0,14.32,10,0
24000.0,44.76,10,0
15000.0,0.98,10,0
15000.0,46.57,10,0
8000.0,12.72,6,0
8500.0,17.56,10,0
7200.0,0.0,0,0
25000.0,30.85,7,0
15000.0,20.92,8,0
20000.0,21.26,4,0
1000.0,0.8,2,0
15000.0,27.38,6,0
7500.0,23.65,1,0
1500.0,2.16,0,0
15000.0,40.99,1,0
22500.0,37.35,10,0
3000.0,2.4,0,0
9999.0,100.0,0,0
5000.0,14.15,6,0
2500.0,14.43,4,0
3000.0,36.23,10,0
25000.0,12.37,3,0
15000.0,0.0,10,0
10000.0,6.62,4,0
2200.0,10.53,0,0
16000.0,4.52,4,0
2500.0,17.96,9,0
10000.0,5.54,0,0
800.0,141.6,1,0
20000.0,12.34,10,0
8000.0,0.0,0,0
1500.0,90.65,3,0
25000.0,18.11,7,0
25000.0,58.47,1,0
5000.0,27.77,3,0
12000.0,16.32,2,0
2000.0,0.0,3,0
13000.0,13.25,3,0
5000.0,9.6,0,0
25000.0,25.36,6,0
25000.0,54.8,4,0
6000.0,9.8,0,0
3000.0,62.59,9,0
20000.0,100.0,10,0
5000.0,0.0,1,0
2000.0,11.75,3,0
15000.0,78.26,3,0
5000.0,40.4,2,0
12000.0,30.14,10,0
11625.0,0.0,2,0
12500.0,24.19,8,0
2950.0,6.54,0,0
15000.0,100.0,7,0
7000.0,100.0,4,0
3200.0,6.06,0,0
2500.0,9.14,1,0
10000.0,7.67,10,0
12000.0,12.05,6,0
8500.0,100.0,3,0
5000.0,36.71,3,0
7500.0,100.0,3,0
2000.0,0.0,0,0
10000.0,8.78,8,0
8400.0,7.56,10,0
15000.0,100.0,0,0
15000.0,5.9,2,0
2000.0,100.0,3,0
12000.0,100.0,1,0
10000.0,34.91,10,0
20000.0,100.0,0,0
2500.0,10.6,8,0
2100.0,6.5,1,0
8000.0,28.2,8,0
500.0,80.62,3,0
15000.0,5.42,6,0
1700.0,2.97,4,0
15000.0,32.51,10,0
14000.0,40.63,10,0
25000.0,21.7,1,0
25000.0,100.0,3,0
3000.0,10.09,1,0
20000.0,24.23,2,0
25000.0,0.0,10,0
3000.0,47.19,5,0
10000.0,28.56,3,0
3000.0,9.07,10,0
5000.0,16.49,0,0
6500.0,4.27,4,0
10000.0,3.82,5,0
15000.0,30.54,10,0
7500.0,32.71,0,0
8600.0,3.92,4,0
10000.0,0.0,0,0
17000.0,24.88,10,0
15000.0,22.07,0,0
4000.0,2.16,0,0
15000.0,32.67,6,0
25000.0,11.32,10,0
8000.0,24.69,10,0
7000.0,0.0,0,0
8000.0,4.56,6,0
12000.0,16.95,4,0
4000.0,8.6,1,0
